pair,h_N,h_root_component_share,h_theorem_0.1,h_mean_all_0.1,h_mean_root_component_0.1,h_theorem_0.05,h_mean_all_0.05,h_mean_root_component_0.05,h_theorem_0.01,h_mean_all_0.01,h_mean_root_component_0.01,a_N,a_root_component_share,a_theorem_0.1,a_mean_all_0.1,a_mean_root_component_0.1,a_theorem_0.05,a_mean_all_0.05,a_mean_root_component_0.05,a_theorem_0.01,a_mean_all_0.01,a_mean_root_component_0.01
pair_00b23e63,6816,1.0,0.99375,0.9898116563967135,0.9898116563967135,1.0,0.9942103139671362,0.9942103139671362,1.0,0.9957352186032865,0.9957352186032865,4429,1.0,1.0,0.9868480469631971,0.9868480469631971,0.9523809523809523,0.9932399015149069,0.9932399015149069,1.0,0.9948795277876334,0.9948795277876334
pair_01eb3f84,5111,1.0,1.0,0.9879356849372503,0.9879356849372503,0.9880952380952381,0.9913538493072831,0.9913538493072831,1.0,0.9936027335997988,0.9936027335997988,5776,1.0,0.85625,0.9877012638504155,0.9877012638504155,1.0,0.9912222991689751,0.9912222991689751,1.0,0.9944511772853187,0.9944511772853187
pair_064daf4b,92,1.0,0.90625,0.9421875000000002,0.9421875000000002,0.875,0.9129076086956521,0.9129076086956521,1.0,0.9504076086956522,0.9504076086956522,118,1.0,0.875,0.9432506053268765,0.9432506053268765,0.9940476190476191,0.9666061339790155,0.9666061339790155,1.0,0.9502118644067796,0.9502118644067796
pair_06e244fd,15403,1.0,1.0,0.9915013463672816,0.9915013463672816,0.9047619047619048,0.994738965507647,0.994738965507647,1.0,0.9957943412384107,0.9957943412384107,15481,1.0,1.0,0.991475341509254,0.991475341509254,0.8869047619047619,0.9951834199218088,0.9951834199218088,1.0,0.9963215277713696,0.9963215277713696
pair_070c0d6f,5841,1.0,0.9940476190476191,0.9857901044341723,0.9857901044341723,1.0,0.991485680045002,0.991485680045002,0.9523809523809524,0.9926300943250096,0.9926300943250096,579,1.0,1.0,0.9481968089481043,0.9481968089481043,1.0,0.9822867834525867,0.9822867834525867,1.0,0.9866148531951641,0.9866148531951641
pair_0a7bd2c7,5443,1.0,1.0,0.9887809156365098,0.9887809156365098,0.9821428571428571,0.9935883135175805,0.9935883135175805,0.9642857142857143,0.9949137380471204,0.9949137380471204,5543,1.0,0.9702380952380952,0.9899444172401055,0.9899444172401055,0.8928571428571428,0.9939155348229856,0.9939155348229856,1.0,0.9954114155133459,0.9954114155133459
pair_0a891d0e,2311,1.0,1.0,0.985274875852548,0.985274875852548,1.0,0.9917269374214419,0.9917269374214419,1.0,0.9933084008159733,0.9933084008159733,2719,1.0,0.9642857142857143,0.9867664057163872,0.9867664057163872,1.0,0.9925764899560412,0.9925764899560412,1.0,0.992548030613496,0.992548030613496
pair_0a983018,10726,1.0,0.9880952380952381,0.9902822913614447,0.9902822913614447,1.0,0.9946247658116014,0.9946247658116014,1.0,0.9957085808405033,0.9957085808405033,11238,1.0,0.9523809523809523,0.9908272527733287,0.9908272527733287,1.0,0.9938399901694082,0.9938399901694082,0.9821428571428572,0.9950868227696844,0.9950868227696844
pair_0b123512,5273,1.0,1.0,0.9878175430991665,0.9878175430991665,0.9642857142857143,0.9930689135126838,0.9930689135126838,0.9464285714285714,0.9942090433746039,0.9942090433746039,179,1.0,0.9702380952380952,0.9129422718808194,0.9129422718808194,0.9702380952380952,0.9766560255387071,0.9766560255387071,0.875,0.989126097366321,0.989126097366321
pair_0bc9ff8b,6126,1.0,1.0,0.9897830091880042,0.9897830091880042,0.9583333333333333,0.9931711829361192,0.9931711829361192,0.9166666666666666,0.994724865133778,0.994724865133778,11312,1.0,0.95625,0.990090169731259,0.990090169731259,1.0,0.9945262774045261,0.9945262774045261,1.0,0.9961909918670437,0.9961909918670437
pair_0c9ecd6b,6868,1.0,0.96875,0.9867956464764124,0.9867956464764124,1.0,0.9928299723354689,0.9928299723354689,1.0,0.9944925742574259,0.9944925742574259,11644,1.0,1.0,0.9905938680865682,0.9905938680865682,1.0,0.9939555779800757,0.9939555779800757,1.0,0.9951337598763311,0.9951337598763311
pair_0f3deadd,343,1.0,0.9880952380952381,0.9704289879216994,0.9704289879216994,0.9345238095238094,0.9720949604331529,0.9720949604331529,1.0,0.9547063723448561,0.9547063723448561,343,1.0,1.0,0.9646501457725948,0.9646501457725948,0.9940476190476191,0.979001804803554,0.979001804803554,1.0,0.9741947799527975,0.9741947799527975
pair_0f421760,6716,1.0,0.95,0.9869453543776058,0.9869453543776058,0.875,0.9934252159023228,0.9934252159023228,1.0,0.9942404332936272,0.9942404332936272,443,1.0,0.9404761904761905,0.9681957433086101,0.9681957433086101,1.0,0.9688944426529076,0.9688944426529076,0.8630952380952381,0.9747527679243255,0.9747527679243255
pair_0f905113,8052,1.0,0.95,0.9882560233482366,0.9882560233482366,0.9875,0.9922589108296075,0.9922589108296075,1.0,0.9953621770988574,0.9953621770988574,9568,1.0,1.0,0.9895746237458192,0.9895746237458192,1.0,0.9922809103260869,0.9922809103260869,1.0,0.9955698683110367,0.9955698683110367
pair_11362c17,14422,1.0,0.9880952380952381,0.9921259517536039,0.9921259517536039,1.0,0.9940736209890974,0.9940736209890974,1.0,0.9959040751233236,0.9959040751233236,14377,1.0,1.0,0.9914690958111004,0.9914690958111004,0.9583333333333334,0.9946326308223783,0.9946326308223783,1.0,0.9961719611681357,0.9961719611681357
pair_121126b4,4994,1.0,0.8511904761904763,0.9844015199191409,0.9844015199191409,0.9345238095238095,0.9880702080591949,0.9880702080591949,0.9583333333333333,0.9935648969239278,0.9935648969239278,4604,1.0,0.93125,0.985850619026933,0.985850619026933,1.0,0.9925676042571677,0.9925676042571677,0.98125,0.9920137380538662,0.9920137380538662
pair_136afae1,5760,1.0,0.84375,0.9869835069444444,0.9869835069444444,0.93125,0.992724609375,0.992724609375,0.91875,0.993654513888889,0.993654513888889,5975,1.0,0.875,0.9888224745965332,0.9888224745965332,0.9226190476190477,0.9928820482167763,0.9928820482167763,0.9940476190476191,0.9952251444510859,0.9952251444510859
pair_13d805d4,911,1.0,0.9940476190476191,0.9789477810882862,0.9789477810882862,1.0,0.9821755266321678,0.9821755266321678,1.0,0.990493178610632,0.990493178610632,1846,1.0,0.9226190476190477,0.9774351235618841,0.9774351235618841,0.9761904761904762,0.9888658876334934,0.9888658876334934,1.0,0.9929996646545941,0.9929996646545941
pair_13dbafa5,1092,1.0,0.99375,0.9726591117216117,0.9726591117216117,0.94375,0.9764995421245422,0.9764995421245422,1.0,0.9867502289377289,0.9867502289377289,411,1.0,0.8392857142857143,0.9741773838489167,0.9741773838489167,0.9464285714285714,0.9840690534121191,0.9840690534121191,1.0,0.9749015177847296,0.9749015177847296
pair_1435e660,3220,1.0,1.0,0.9847069099378883,0.9847069099378883,0.88125,0.9914266304347826,0.9914266304347826,1.0,0.9917430124223604,0.9917430124223604,4721,1.0,0.9880952380952381,0.9877245539181568,0.9877245539181568,1.0,0.9914503081469825,0.9914503081469825,0.7976190476190477,0.9919395103942868,0.9919395103942868
pair_149000e5,9713,1.0,1.0,0.9901102106651372,0.9901102106651372,1.0,0.9938239374819217,0.9938239374819217,0.9404761904761905,0.994115029930432,0.994115029930432,12068,1.0,1.0,0.9909057010275107,0.9909057010275107,0.95625,0.9943844257540604,0.9943844257540604,0.95,0.9962970251905867,0.9962970251905867
pair_149fe16f,24598,1.0,1.0,0.9917139024078613,0.9917139024078613,1.0,0.9949323212495015,0.9949323212495015,0.875,0.995721438831651,0.995721438831651,16663,1.0,0.9226190476190477,0.9914716952015159,0.9914716952015159,0.875,0.9945148646988052,0.9945148646988052,1.0,0.9959698276477967,0.9959698276477967
pair_152731e7,3702,1.0,0.9523809523809524,0.9877109541817808,0.9877109541817808,0.9761904761904762,0.9916518741478223,0.9916518741478223,1.0,0.993708355843688,0.993708355843688,4562,1.0,0.8630952380952381,0.9877729588108809,0.9877729588108809,1.0,0.9934461180351142,0.9934461180351142,0.8452380952380952,0.9939902089726728,0.9939902089726728
pair_1565703f,2922,1.0,0.9404761904761905,0.9876368925393566,0.9876368925393566,1.0,0.991197728235716,0.991197728235716,0.9226190476190477,0.9899713992373129,0.9899713992373129,2673,1.0,0.9404761904761905,0.9810294301035041,0.9810294301035041,1.0,0.9888946787094935,0.9888946787094935,1.0,0.9893578643578644,0.9893578643578644
pair_171e8749,274,1.0,0.9166666666666667,0.9689998262078555,0.9689998262078555,0.9464285714285714,0.9561174834897462,0.9561174834897462,1.0,0.9950903719151896,0.9950903719151896,7104,1.0,0.90625,0.989013231981982,0.989013231981982,0.95625,0.9934271185247747,0.9934271185247747,0.91875,0.9946799338400901,0.9946799338400901
pair_17275427,249,1.0,0.8571428571428572,0.9758558041690572,0.9758558041690572,1.0,0.9881669535283993,0.9881669535283993,0.9345238095238095,0.975760183591509,0.975760183591509,378,1.0,0.9880952380952381,0.9595930964978584,0.9595930964978584,1.0,0.9862528344671202,0.9862528344671202,1.0,0.9935437137818088,0.9935437137818088
pair_17a4d7d8,3105,1.0,0.9642857142857143,0.9832317306954989,0.9832317306954989,0.9940476190476191,0.9860420979986197,0.9860420979986197,1.0,0.9903592515911356,0.9903592515911356,7074,1.0,0.875,0.9879698628108297,0.9879698628108297,1.0,0.992545639969304,0.992545639969304,1.0,0.9944388909083565,0.9944388909083565
pair_19517b6c,6126,1.0,0.9880952380952381,0.9881992055718793,0.9881992055718793,1.0,0.9914562054008674,0.9914562054008674,1.0,0.9947549865522441,0.9947549865522441,2191,1.0,0.8511904761904762,0.9807383017104606,0.9807383017104606,0.9880952380952381,0.9898393862337268,0.9898393862337268,0.9642857142857143,0.9927435830562259,0.9927435830562259
pair_19f291ba,6089,1.0,0.8571428571428572,0.9863737496969555,0.9863737496969555,1.0,0.9908285041722387,0.9908285041722387,0.8928571428571429,0.9941883881159624,0.9941883881159624,7047,1.0,0.9285714285714286,0.9890784325650225,0.9890784325650225,0.9226190476190477,0.9914198544466742,0.9914198544466742,0.875,0.9942131741301602,0.9942131741301602
pair_1d99af92,5710,1.0,0.9464285714285714,0.9870454924526728,0.9870454924526728,1.0,0.993144858643983,0.993144858643983,1.0,0.9937411391877241,0.9937411391877241,13651,1.0,1.0,0.9898023343833176,0.9898023343833176,0.9821428571428571,0.9945782796306567,0.9945782796306567,1.0,0.9959797119345871,0.9959797119345871
pair_1e273c45,12038,1.0,0.9464285714285715,0.9902684158893662,0.9902684158893662,0.9523809523809523,0.9934117358523405,0.9934117358523405,1.0,0.9960279551262272,0.9960279551262272,26688,1.0,1.0,0.9920725138639089,0.9920725138639089,1.0,0.9952815872302159,0.9952815872302159,1.0,0.9965946773830936,0.9965946773830936
pair_1e4638c2,1757,1.0,0.8273809523809523,0.9832743854513917,0.9832743854513917,1.0,0.9873905737593842,0.9873905737593842,0.9821428571428572,0.9932921375721604,0.9932921375721604,4710,1.0,1.0,0.9870804266504902,0.9870804266504902,1.0,0.9922581134364573,0.9922581134364573,1.0,0.9937910726923466,0.9937910726923466
pair_1e6ca847,3402,1.0,0.9761904761904762,0.9859833851235967,0.9859833851235967,1.0,0.9892780157330421,0.9892780157330421,1.0,0.9922052154195011,0.9922052154195011,706,1.0,1.0,0.9865101848104683,0.9865101848104683,1.0,0.9843096587076757,0.9843096587076757,0.9464285714285714,0.9910292728989614,0.9910292728989614
pair_1eac5349,4718,1.0,0.8095238095238095,0.9873723228163668,0.9873723228163668,0.9523809523809523,0.992160217202608,0.992160217202608,0.9642857142857143,0.9941132239245846,0.9941132239245846,7136,1.0,1.0,0.9889381306053812,0.9889381306053812,0.875,0.9934986336883408,0.9934986336883408,0.89375,0.9949542811098654,0.9949542811098654
pair_2000cc20,4537,1.0,0.875,0.9877528154748784,0.9877528154748784,0.9702380952380952,0.991338413258184,0.991338413258184,1.0,0.9915194642988339,0.9915194642988339,4460,1.0,0.9375,0.9880198991031391,0.9880198991031391,1.0,0.992780269058296,0.992780269058296,0.875,0.9916493834080716,0.9916493834080716
pair_204207d6,3480,1.0,0.98125,0.987052801724138,0.987052801724138,0.975,0.9922395833333332,0.9922395833333332,1.0,0.9929454022988505,0.9929454022988505,3307,1.0,1.0,0.986412300027359,0.986412300027359,1.0,0.9911245266174203,0.9911245266174203,1.0,0.994886388180915,0.994886388180915
pair_20f6251a,3189,1.0,1.0,0.9803379175439382,0.9803379175439382,1.0,0.9894858068658633,0.9894858068658633,0.875,0.9900737654735775,0.9900737654735775,3553,1.0,0.9107142857142857,0.9816653934300994,0.9816653934300994,1.0,0.9908678782517792,0.9908678782517792,0.9880952380952381,0.9927794084140833,0.9927794084140833
pair_22599b6f,7845,1.0,0.9345238095238095,0.9892257731645877,0.9892257731645877,0.9523809523809523,0.9937919208473702,0.9937919208473702,1.0,0.9951303529697412,0.9951303529697412,11855,1.0,0.9880952380952381,0.9894970978690928,0.9894970978690928,1.0,0.9932633407643952,0.9932633407643952,0.9166666666666666,0.9951994336325841,0.9951994336325841
pair_2347fae1,8424,1.0,1.0,0.9902621972934473,0.9902621972934473,0.975,0.9935771308167141,0.9935771308167141,1.0,0.9953273385565053,0.9953273385565053,6533,1.0,1.0,0.9910773508852492,0.9910773508852492,0.9940476190476191,0.9928832010379538,0.9928832010379538,1.0,0.9947309629500048,0.9947309629500048
pair_2590c3a7,1980,1.0,0.9812500000000001,0.9841287878787879,0.9841287878787879,0.9437500000000001,0.9912910353535354,0.9912910353535354,1.0,0.9892361111111111,0.9892361111111111,1796,1.0,0.96875,0.981524916481069,0.981524916481069,1.0,0.9881368318485524,0.9881368318485524,0.94375,0.9892260579064587,0.9892260579064587
pair_26771bf6,3296,1.0,0.9,0.9825280643203883,0.9825280643203883,1.0,0.9902647148058252,0.9902647148058252,0.9125,0.9914574484223301,0.9914574484223301,3086,1.0,0.9583333333333333,0.9846869888590561,0.9846869888590561,1.0,0.9904947072801902,0.9904947072801902,1.0,0.9924968367126501,0.9924968367126501
pair_271fa579,31173,1.0,0.8035714285714286,0.9922133852097281,0.9922133852097281,1.0,0.9947932658451376,0.9947932658451376,1.0,0.9965129316731665,0.9965129316731665,37713,1.0,0.8571428571428572,0.9921293087011804,0.9921293087011804,0.9583333333333333,0.9955454605144368,0.9955454605144368,1.0,0.9967023812680483,0.9967023812680483
pair_2748f3f1,8440,1.0,0.93125,0.9905479857819905,0.9905479857819905,1.0,0.9938610781990521,0.9938610781990521,0.9625,0.9962588862559241,0.9962588862559241,13835,1.0,1.0,0.9906809850792503,0.9906809850792503,0.9464285714285714,0.9933489080489442,0.9933489080489442,1.0,0.9960164007778752,0.9960164007778752
pair_29059eae,3191,1.0,0.9880952380952381,0.9839392040112818,0.9839392040112818,1.0,0.9906619808688125,0.9906619808688125,0.9107142857142857,0.9885895599229977,0.9885895599229977,5882,1.0,0.9821428571428571,0.9884190670487848,0.9884190670487848,1.0,0.9915521121743495,0.9915521121743495,0.875,0.9943046582794968,0.9943046582794968
pair_2a4dc8cc,5238,1.0,0.9880952380952381,0.9900305005545557,0.9900305005545557,1.0,0.9928623702249132,0.9928623702249132,0.9107142857142857,0.9948135420644013,0.9948135420644013,4520,1.0,0.96875,0.9874460730088497,0.9874460730088497,1.0,0.9928235619469027,0.9928235619469027,0.90625,0.9924820243362834,0.9924820243362834
pair_2a66f969,17296,1.0,0.88125,0.9906983551110085,0.9906983551110085,1.0,0.9946862713922294,0.9946862713922294,0.975,0.9958801890610547,0.9958801890610547,14007,1.0,0.8869047619047619,0.9894980230972948,0.9894980230972948,1.0,0.9946204618779045,0.9946204618779045,1.0,0.9942991939404447,0.9942991939404447
pair_2b09aabd,1127,1.0,1.0,0.9832414332192504,0.9832414332192504,1.0,0.9867959606202729,0.9867959606202729,1.0,0.991771242658554,0.991771242658554,2276,1.0,1.0,0.9815822715289984,0.9815822715289984,1.0,0.9864235500878736,0.9864235500878736,0.98125,0.9876235720562391,0.9876235720562391
pair_2d283418,2500,1.0,0.76875,0.98255,0.98255,0.875,0.9865475,0.9865475,1.0,0.9920275,0.9920275,2374,1.0,1.0,0.9805256348537729,0.9805256348537729,0.875,0.9888925662935774,0.9888925662935774,1.0,0.9941403899386207,0.9941403899386207
pair_2fba10ea,16424,1.0,0.98125,0.9888459723575256,0.9888459723575256,0.875,0.9938607373356063,0.9938607373356063,1.0,0.9953528373112518,0.9953528373112518,10899,1.0,0.9583333333333334,0.9901503632923946,0.9901503632923946,0.8511904761904762,0.9941781465315735,0.9941781465315735,1.0,0.9953971312352816,0.9953971312352816
pair_2fde2018,8581,1.0,1.0,0.9880494558853723,0.9880494558853723,1.0,0.9915642809973307,0.9915642809973307,1.0,0.9948279976248743,0.9948279976248743,8382,1.0,0.9761904761904762,0.9899330765472498,0.9899330765472498,1.0,0.9934681460272011,0.9934681460272011,0.9107142857142857,0.9944225721784777,0.9944225721784777
pair_301c1ff9,10837,1.0,0.8928571428571428,0.9904230216586035,0.9904230216586035,1.0,0.9945793072234892,0.9945793072234892,0.9821428571428571,0.9959453283943456,0.9959453283943456,12871,1.0,1.0,0.9918264019149731,0.9918264019149731,0.9464285714285714,0.9929580526173643,0.9929580526173643,1.0,0.9949891968286032,0.9949891968286032
pair_326a8dc3,30462,1.0,0.9940476190476191,0.9918921232073685,0.9918921232073685,0.9583333333333333,0.9950914644631407,0.9950914644631407,1.0,0.9961345282647233,0.9961345282647233,54506,1.0,0.9285714285714286,0.9921096497895383,0.9921096497895383,1.0,0.9954986388567095,0.9954986388567095,1.0,0.9964354077226972,0.9964354077226972
pair_32d5762e,3494,1.0,0.9821428571428571,0.9854120669446942,0.9854120669446942,0.9107142857142857,0.9888754872298089,0.9888754872298089,0.9642857142857143,0.992127661024341,0.992127661024341,3083,1.0,1.0,0.9811910167894599,0.9811910167894599,0.875,0.9876009761673076,0.9876009761673076,1.0,0.9929393911310876,0.9929393911310876
pair_32e87abf,3717,1.0,0.8214285714285714,0.9852960016398274,0.9852960016398274,1.0,0.9912355714413826,0.9912355714413826,1.0,0.9924190014989046,0.9924190014989046,4560,1.0,0.99375,0.9850397478070175,0.9850397478070175,0.975,0.9890652412280702,0.9890652412280702,1.0,0.9938322368421053,0.9938322368421053
pair_33135e91,4561,1.0,0.9285714285714286,0.9887007861684469,0.9887007861684469,0.9940476190476191,0.9906153099257683,0.9906153099257683,0.9523809523809523,0.9933676825257619,0.9933676825257619,4487,1.0,0.9642857142857143,0.9890623175947446,0.9890623175947446,0.9345238095238095,0.9921771360650343,0.9921771360650343,1.0,0.995000106126694,0.995000106126694
pair_33b83cd5,9336,1.0,0.93125,0.9893101970865468,0.9893101970865468,1.0,0.9935819676520993,0.9935819676520993,0.98125,0.9933884961439589,0.9933884961439589,9361,1.0,1.0,0.9889415813328857,0.9889415813328857,0.9404761904761905,0.991571540484584,0.991571540484584,0.8988095238095238,0.9933443466052162,0.9933443466052162
pair_34b2dbc3,5021,1.0,0.9523809523809523,0.9880596731821588,0.9880596731821588,0.875,0.9918283684714675,0.9918283684714675,1.0,0.9946379966047363,0.9946379966047363,267,1.0,0.7976190476190477,0.9546548956661317,0.9546548956661317,0.875,0.9695469948278936,0.9695469948278936,1.0,0.9859327626181558,0.9859327626181558
pair_34e33ffa,7709,1.0,0.9464285714285714,0.988406408094435,0.988406408094435,1.0,0.9927002452297561,0.9927002452297561,1.0,0.9942043622482071,0.9942043622482071,16593,1.0,0.9642857142857143,0.9906056196962,0.9906056196962,1.0,0.9940992759425231,0.9940992759425231,0.9166666666666666,0.9953576952989357,0.9953576952989357
pair_358e95d5,1454,1.0,0.9345238095238095,0.9827487391105,0.9827487391105,1.0,0.9910509595860352,0.9910509595860352,1.0,0.9909117704853605,0.9909117704853605,505,1.0,1.0,0.9742809995285243,0.9742809995285243,1.0,0.9847123998114098,0.9847123998114098,0.9345238095238094,0.9827086280056576,0.9827086280056576
pair_3757881d,11075,1.0,0.8273809523809523,0.9890202085348812,0.9890202085348812,0.8809523809523809,0.9939170160163389,0.9939170160163389,1.0,0.9946834354509299,0.9946834354509299,9630,1.0,0.9821428571428572,0.9900243534589328,0.9900243534589328,0.9821428571428572,0.9936217425703407,0.9936217425703407,0.9642857142857143,0.9942243979627157,0.9942243979627157
pair_37c40664,1651,1.0,0.8809523809523809,0.9745428456058377,0.9745428456058377,0.9821428571428571,0.9807656254506649,0.9807656254506649,0.9702380952380952,0.9911309163277667,0.9911309163277667,1907,1.0,0.8928571428571429,0.9808568681798887,0.9808568681798887,1.0,0.986331685269808,0.986331685269808,1.0,0.9885977726171747,0.9885977726171747
pair_37d880cd,1904,1.0,1.0,0.978469669117647,0.978469669117647,0.975,0.9859243697478991,0.9859243697478991,1.0,0.9891150210084033,0.9891150210084033,1021,1.0,1.0,0.9818921692085256,0.9818921692085256,1.0,0.9828832610419289,0.9828832610419289,1.0,0.9904913483512896,0.9904913483512896
pair_3b1172ec,2991,1.0,1.0,0.9872096448074382,0.9872096448074382,0.9464285714285714,0.9931839168298547,0.9931839168298547,1.0,0.9951521230357739,0.9951521230357739,1237,1.0,0.9166666666666666,0.983201485929861,0.983201485929861,1.0,0.9857277591715748,0.9857277591715748,0.9821428571428571,0.9918148746968473,0.9918148746968473
pair_3b470502,3347,1.0,0.9761904761904762,0.9843107544780684,0.9843107544780684,1.0,0.9904374208601875,0.9904374208601875,0.9940476190476191,0.9924826070254811,0.9924826070254811,3325,1.0,0.8273809523809524,0.9851825993555318,0.9851825993555318,1.0,0.9886609380594343,0.9886609380594343,0.9523809523809523,0.9902846401718581,0.9902846401718581
pair_3cca9874,1495,1.0,0.9464285714285714,0.9796862557732122,0.9796862557732122,0.8869047619047619,0.9793518076126771,0.9793518076126771,1.0,0.9901337792642141,0.9901337792642141,5899,1.0,0.9404761904761905,0.9916965345215896,0.9916965345215896,1.0,0.9952312337038562,0.9952312337038562,1.0,0.9961232331549335,0.9961232331549335
pair_3da844f5,8092,1.0,0.975,0.9900967004448838,0.9900967004448838,1.0,0.9935043870489372,0.9935043870489372,1.0,0.9954746972318339,0.9954746972318339,11771,1.0,0.9821428571428571,0.9911060677775485,0.9911060677775485,1.0,0.9948526645387574,0.9948526645387574,0.9880952380952381,0.9959085282231149,0.9959085282231149
pair_3db79af4,40141,1.0,1.0,0.9875047600066905,0.9875047600066905,1.0,0.992809869021224,0.992809869021224,1.0,0.9949376364980113,0.9949376364980113,40252,1.0,1.0,0.9871323164066382,0.9871323164066382,1.0,0.9927256720162972,0.9927256720162972,0.875,0.9957762968299713,0.9957762968299713
pair_3e5837da,2056,1.0,1.0,0.9815205496108949,0.9815205496108949,1.0,0.9877735894941634,0.9877735894941634,0.99375,0.9921662208171206,0.9921662208171206,6169,1.0,1.0,0.9864848435727023,0.9864848435727023,1.0,0.9913324302001558,0.9913324302001558,0.9583333333333334,0.9949690850566196,0.9949690850566196
pair_3e7604ad,4855,1.0,0.9821428571428571,0.9858454710411455,0.9858454710411455,0.8928571428571428,0.9924513265656417,0.9924513265656417,1.0,0.9891410426168409,0.9891410426168409,4746,1.0,0.9404761904761906,0.9862164629863744,0.9862164629863744,1.0,0.9917386571147632,0.9917386571147632,0.9761904761904762,0.9942758814440231,0.9942758814440231
pair_40400f26,5416,1.0,0.99375,0.9866933622599704,0.9866933622599704,1.0,0.9926179375923191,0.9926179375923191,1.0,0.9918990029542097,0.9918990029542097,412,1.0,0.96875,0.9722997572815534,0.9722997572815534,1.0,0.9690230582524272,0.9690230582524272,1.0,0.9795509708737864,0.9795509708737864
pair_412ad836,222,1.0,0.8511904761904762,0.9772629772629773,0.9772629772629773,0.9940476190476191,0.9862987987987987,0.9862987987987987,0.9880952380952381,0.9840733590733591,0.9840733590733591,222,1.0,0.8511904761904762,0.9455705705705707,0.9455705705705707,0.9821428571428571,0.9809094809094809,0.9809094809094809,0.8869047619047619,0.9767803517803517,0.9767803517803517
pair_43cbe160,16730,1.0,1.0,0.9916261065095495,0.9916261065095495,0.75,0.9948552642814449,0.9948552642814449,1.0,0.9959422053340165,0.9959422053340165,15895,1.0,1.0,0.9907199778307045,0.9907199778307045,0.49404761904761907,0.9935697808535179,0.9935697808535179,1.0,0.9958720921523689,0.9958720921523689
pair_44418174,4138,1.0,0.9642857142857143,0.9867977398789385,0.9867977398789385,0.9345238095238095,0.9905291261018666,0.9905291261018666,0.9464285714285714,0.9928019056825245,0.9928019056825245,4227,1.0,0.8154761904761905,0.9845001520835446,0.9845001520835446,1.0,0.9922014937983709,0.9922014937983709,0.9880952380952381,0.9934758975745491,0.9934758975745491
pair_4453d7a8,1777,1.0,0.8869047619047619,0.9873616582254735,0.9873616582254735,0.9821428571428571,0.9909558646193425,0.9909558646193425,0.8690476190476191,0.991428169466999,0.991428169466999,581,1.0,0.8988095238095238,0.9779526268338662,0.9779526268338662,0.9107142857142857,0.975524547168265,0.975524547168265,1.0,0.9861794115236455,0.9861794115236455
pair_452bb14f,12423,1.0,0.9523809523809523,0.9896629906893127,0.9896629906893127,1.0,0.9938813567767927,0.9938813567767927,1.0,0.9953609472445502,0.9953609472445502,5137,1.0,0.9880952380952381,0.9870153044671246,0.9870153044671246,0.9702380952380952,0.9906664534608859,0.9906664534608859,1.0,0.993414954068059,0.993414954068059
pair_45b25f4e,5994,1.0,0.9047619047619048,0.987752633585967,0.987752633585967,0.8690476190476191,0.9929632012965348,0.9929632012965348,1.0,0.994316737372293,0.994316737372293,5380,1.0,1.0,0.9888592007434944,0.9888592007434944,0.975,0.9923338754646841,0.9923338754646841,1.0,0.9918877788104089,0.9918877788104089
pair_47d24c12,1602,1.0,0.8690476190476191,0.9847251946971048,0.9847251946971048,0.9047619047619048,0.9915916116758812,0.9915916116758812,1.0,0.9930406931811425,0.9930406931811425,8880,1.0,0.9875,0.9904926801801801,0.9904926801801801,1.0,0.993220016891892,0.993220016891892,0.975,0.9953448761261262,0.9953448761261262
pair_4860e4db,8502,1.0,0.9940476190476191,0.9888058552049378,0.9888058552049378,1.0,0.9939657055482745,0.9939657055482745,0.875,0.9943283653146038,0.9943283653146038,13373,1.0,1.0,0.9912701676797244,0.9912701676797244,1.0,0.9942830792677498,0.9942830792677498,1.0,0.9960928737007403,0.9960928737007403
pair_48881c66,11281,1.0,0.9940476190476191,0.9886819810807045,0.9886819810807045,0.8928571428571429,0.9934265790351244,0.9934265790351244,1.0,0.9931606451640136,0.9931606451640136,12628,1.0,1.0,0.9886343839087742,0.9886343839087742,0.94375,0.9946700783972126,0.9946700783972126,1.0,0.9948096491922711,0.9948096491922711
pair_49366beb,2084,1.0,0.95625,0.982752519193858,0.982752519193858,1.0,0.9885436660268714,0.9885436660268714,0.9875,0.9881357965451056,0.9881357965451056,1931,1.0,0.9642857142857143,0.9797477250869275,0.9797477250869275,1.0,0.989186456560874,0.989186456560874,1.0,0.9914736997854553,0.9914736997854553
pair_496aea54,88,1.0,1.0,0.9455255681818181,0.9455255681818181,1.0,0.9551136363636363,0.9551136363636363,1.0,0.96875,0.96875,88,1.0,1.0,0.94453125,0.94453125,1.0,0.9475142045454544,0.9475142045454544,0.83125,0.9477272727272728,0.9477272727272728
pair_496f71fb,54,1.0,1.0,0.8829365079365081,0.8829365079365081,0.875,0.9232804232804233,0.9232804232804233,0.8392857142857143,0.8901014109347443,0.8901014109347443,54,1.0,0.8511904761904762,0.9184303350970018,0.9184303350970018,0.8988095238095238,0.9377204585537918,0.9377204585537918,0.9285714285714286,0.8712522045855379,0.8712522045855379
pair_496fbd44,9644,1.0,1.0,0.988840859601825,0.988840859601825,0.9,0.9916152530070511,0.9916152530070511,0.93125,0.9941958730817088,0.9941958730817088,13918,1.0,0.9821428571428571,0.9906843826767665,0.9906843826767665,1.0,0.994210135555875,0.994210135555875,1.0,0.9950398250980231,0.9950398250980231
pair_49737f41,1957,1.0,0.9583333333333333,0.9793810983770106,0.9793810983770106,1.0,0.9814463342823077,0.9814463342823077,1.0,0.9889833807820522,0.9889833807820522,3776,1.0,0.975,0.987399033368644,0.987399033368644,1.0,0.989943061440678,0.989943061440678,0.9875,0.9921477754237288,0.9921477754237288
pair_49f9b472,2731,1.0,0.875,0.980506006869976,0.980506006869976,0.9940476190476191,0.9883022963854162,0.9883022963854162,0.9821428571428572,0.9916980523443357,0.9916980523443357,3200,1.0,1.0,0.9846425781249999,0.9846425781249999,0.9437500000000001,0.988046875,0.988046875,1.0,0.993681640625,0.993681640625
pair_4a23a011,2003,1.0,0.9583333333333333,0.9816644081496803,0.9816644081496803,0.9821428571428571,0.9863538026293893,0.9863538026293893,1.0,0.9873017854171124,0.9873017854171124,1340,1.0,0.9500000000000001,0.9747434701492538,0.9747434701492538,1.0,0.9842910447761194,0.9842910447761194,0.9812500000000001,0.9862873134328358,0.9862873134328358
pair_4c39d86a,10926,1.0,0.9880952380952381,0.9900630213645042,0.9900630213645042,1.0,0.9939969535315498,0.9939969535315498,1.0,0.9960802323858337,0.9960802323858337,9532,1.0,1.0,0.9906997482165338,0.9906997482165338,1.0,0.9943165127989929,0.9943165127989929,0.9,0.9949820342005874,0.9949820342005874
pair_4c7ab903,1571,1.0,0.9880952380952381,0.9773536722136341,0.9773536722136341,0.9821428571428571,0.9857158012791367,0.9857158012791367,1.0,0.986579673244218,0.986579673244218,2602,1.0,0.8273809523809523,0.984098770176787,0.984098770176787,1.0,0.9878870648951356,0.9878870648951356,1.0,0.9924302734160536,0.9924302734160536
pair_4cffc8e6,2587,1.0,1.0,0.9853134721225173,0.9853134721225173,0.9583333333333333,0.9897472711543062,0.9897472711543062,1.0,0.9910242604966222,0.9910242604966222,13947,1.0,0.9464285714285714,0.9908902580175971,0.9908902580175971,0.9404761904761905,0.9944001440828715,0.9944001440828715,1.0,0.9952852977428155,0.9952852977428155
pair_4d25cb85,12185,1.0,0.875,0.9905646091017449,0.9905646091017449,0.875,0.9941423881821913,0.9941423881821913,1.0,0.9959913633077359,0.9959913633077359,18968,1.0,1.0,0.9909485712779418,0.9909485712779418,0.95625,0.9946264761703922,0.9946264761703922,0.96875,0.9961998497469423,0.9961998497469423
pair_4d494975,389,1.0,1.0,0.966213734851267,0.966213734851267,0.9107142857142857,0.9790978087893256,0.9790978087893256,1.0,0.9861519157791652,0.9861519157791652,2113,1.0,0.9821428571428571,0.9837880017127533,0.9837880017127533,1.0,0.9886107542875172,0.9886107542875172,1.0,0.9928362968471819,0.9928362968471819
pair_4d68f3d1,4044,1.0,0.9875,0.9886529426310584,0.9886529426310584,1.0,0.9926063303659741,0.9926063303659741,0.7875,0.9915754821958457,0.9915754821958457,3017,1.0,0.9761904761904762,0.9858342408889309,0.9858342408889309,1.0,0.9879255646574174,0.9879255646574174,0.9940476190476191,0.9884977192733243,0.9884977192733243
pair_4eec1381,11646,1.0,0.8928571428571428,0.9886247475119191,0.9886247475119191,1.0,0.9942305962398698,0.9942305962398698,1.0,0.9960373682359772,0.9960373682359772,4516,1.0,0.9375,0.9871650797165634,0.9871650797165634,1.0,0.9921625885739592,0.9921625885739592,0.94375,0.9908035318866253,0.9908035318866253
pair_4fd720f4,1846,1.0,0.9345238095238095,0.977931692720425,0.977931692720425,0.9583333333333333,0.9882951555486766,0.9882951555486766,1.0,0.9845773358097302,0.9845773358097302,6395,1.0,0.9821428571428571,0.9885485312185859,0.9885485312185859,0.9642857142857143,0.9914870248333892,0.9914870248333892,1.0,0.9939536095908261,0.9939536095908261
pair_512e1ab2,8036,1.0,1.0,0.9886798469387755,0.9886798469387755,1.0,0.9926580388252862,0.9926580388252862,0.98125,0.9943465343454455,0.9943465343454455,15715,1.0,0.9761904761904762,0.990273169401391,0.990273169401391,0.9345238095238095,0.9938211141917791,0.9938211141917791,1.0,0.9955702771086162,0.9955702771086162
pair_517e0184,13073,1.0,1.0,0.9903126400104905,0.9903126400104905,1.0,0.9928651564657073,0.9928651564657073,0.7619047619047619,0.9933755686930168,0.9933755686930168,21554,1.0,0.9642857142857143,0.9917043903020983,0.9917043903020983,0.9702380952380952,0.9945488518317227,0.9945488518317227,1.0,0.9961804128722102,0.9961804128722102
pair_535c413d,5994,1.0,0.9821428571428571,0.9875838139727028,0.9875838139727028,0.8571428571428572,0.9929582360137915,0.9929582360137915,1.0,0.9936960770294101,0.9936960770294101,7036,1.0,0.975,0.9902563601478113,0.9902563601478113,0.96875,0.9936132035247299,0.9936132035247299,0.9125,0.9960959707220012,0.9960959707220012
pair_54aff7bc,2359,1.0,1.0,0.9836240134035811,0.9836240134035811,0.9226190476190477,0.9895284523304871,0.9895284523304871,0.875,0.9893745331960677,0.9893745331960677,2864,1.0,0.8375,0.98515625,0.98515625,1.0,0.990509340083799,0.990509340083799,0.9625,0.9932349860335196,0.9932349860335196
pair_564fee0e,2240,1.0,0.8937499999999999,0.98314453125,0.98314453125,1.0,0.9849441964285715,0.9849441964285715,1.0,0.9945200892857144,0.9945200892857144,1461,1.0,1.0,0.9760519539780319,0.9760519539780319,0.9345238095238095,0.9870074313092795,0.9870074313092795,0.8869047619047619,0.9940639157784948,0.9940639157784948
pair_567a7178,11338,1.0,0.9107142857142857,0.9901568891800855,0.9901568891800855,1.0,0.9948209350771531,0.9948209350771531,0.9404761904761905,0.995072932153987,0.995072932153987,17065,1.0,0.9940476190476191,0.9920336109832153,0.9920336109832153,0.9940476190476191,0.9950971774587362,0.9950971774587362,0.8095238095238095,0.9953538989577666,0.9953538989577666
pair_5688be7b,3508,1.0,1.0,0.9829924458380845,0.9829924458380845,1.0,0.9906891391106042,0.9906891391106042,1.0,0.9935468928164196,0.9935468928164196,3967,1.0,0.9464285714285714,0.9877876408945228,0.9877876408945228,1.0,0.992036983686845,0.992036983686845,0.9523809523809523,0.9937070114156074,0.9937070114156074
pair_57c4dba0,28310,1.0,0.9523809523809524,0.9921571966829825,0.9921571966829825,0.8988095238095238,0.99481043212057,0.99481043212057,1.0,0.9961813089771407,0.9961813089771407,25889,1.0,0.9107142857142857,0.9919323614184365,0.9919323614184365,1.0,0.9950528262600957,0.9950528262600957,1.0,0.9960658507290281,0.9960658507290281
pair_587b1256,2969,1.0,1.0,0.9815614524691655,0.9815614524691655,1.0,0.9843782578710164,0.9843782578710164,1.0,0.9891898827567402,0.9891898827567402,3947,1.0,1.0,0.9815049404611097,0.9815049404611097,1.0,0.9915623077201491,0.9915623077201491,1.0,0.9950610469675583,0.9950610469675583
pair_58e22ef3,3029,1.0,0.9226190476190477,0.9866980301529659,0.9866980301529659,0.9940476190476191,0.9913534248298197,0.9913534248298197,0.875,0.9923988743731232,0.9923988743731232,4689,1.0,0.75,0.9880228802973525,0.9880228802973525,1.0,0.992585229869299,0.992585229869299,1.0,0.9935969696046473,0.9935969696046473
pair_59111b24,6432,1.0,0.9375,0.9872862251243781,0.9872862251243781,0.95625,0.993212647699005,0.993212647699005,0.95625,0.9950540267412935,0.9950540267412935,12953,1.0,1.0,0.9922140669747401,0.9922140669747401,0.9880952380952381,0.9954119839860595,0.9954119839860595,1.0,0.9964629447857271,0.9964629447857271
pair_5a6fca10,3208,1.0,1.0,0.9825416926433916,0.9825416926433916,0.83125,0.9872973815461347,0.9872973815461347,1.0,0.993925342892768,0.993925342892768,5789,1.0,0.9940476190476191,0.9864603640730778,0.9864603640730778,0.9226190476190476,0.99140303037781,0.99140303037781,1.0,0.9944805007855619,0.9944805007855619
pair_5cf7a965,3862,1.0,1.0,0.984949508026929,0.984949508026929,0.9285714285714286,0.9908356144114819,0.9908356144114819,1.0,0.992409250080146,0.992409250080146,3020,1.0,0.94375,0.9840873344370862,0.9840873344370862,0.775,0.9884271523178807,0.9884271523178807,1.0,0.9952752483443708,0.9952752483443708
pair_5d026d45,804,1.0,1.0,0.9723180970149253,0.9723180970149253,0.98125,0.9649175995024876,0.9649175995024876,0.94375,0.9790189676616914,0.9790189676616914,255,1.0,0.875,0.9424136321195146,0.9424136321195146,0.7559523809523809,0.9466619981325863,0.9466619981325863,1.0,0.9670401493930905,0.9670401493930905
pair_5daf2594,3366,1.0,0.9285714285714286,0.9843356534533005,0.9843356534533005,1.0,0.9889458308575955,0.9889458308575955,1.0,0.9914286421639363,0.9914286421639363,3324,1.0,0.96875,0.9814098225030085,0.9814098225030085,1.0,0.9878215252707582,0.9878215252707582,0.95,0.9939925541516246,0.9939925541516246
pair_5df84962,1208,1.0,0.96875,0.9778300910596026,0.9778300910596026,0.91875,0.9862531043046359,0.9862531043046359,0.875,0.9910544288079471,0.9910544288079471,1798,1.0,0.9404761904761905,0.9820998199057153,0.9820998199057153,1.0,0.9836921976799619,0.9836921976799619,1.0,0.9903960750039726,0.9903960750039726
pair_5ee839bd,2925,1.0,0.9761904761904762,0.9833801383801385,0.9833801383801385,0.9940476190476191,0.987875457875458,0.987875457875458,0.9523809523809523,0.9933109483109483,0.9933109483109483,3861,1.0,0.8869047619047619,0.985466693800027,0.985466693800027,0.9761904761904762,0.9904493654493655,0.9904493654493655,0.8273809523809523,0.9926138676138676,0.9926138676138676
pair_5eec702b,2671,1.0,1.0,0.9861007113440659,0.9861007113440659,1.0,0.9894278939580324,0.9894278939580324,1.0,0.9943551550159563,0.9943551550159563,2069,1.0,0.8273809523809524,0.9823672581647449,0.9823672581647449,1.0,0.9876867131579553,0.9876867131579553,0.9940476190476191,0.9944417593040116,0.9944417593040116
pair_5eff76b6,1280,1.0,1.0,0.9789257812500001,0.9789257812500001,1.0,0.9855419921875,0.9855419921875,1.0,0.9870556640625001,0.9870556640625001,1710,1.0,1.0,0.9823830409356725,0.9823830409356725,0.9523809523809523,0.9873712057922585,0.9873712057922585,1.0,0.9934454191033139,0.9934454191033139
pair_5feca8f4,5751,1.0,0.9583333333333334,0.9902573879490938,0.9902573879490938,0.9583333333333333,0.9912592840996597,0.9912592840996597,1.0,0.9936284372904092,0.9936284372904092,4542,1.0,1.0,0.9875159883416157,0.9875159883416157,1.0,0.99165329936466,0.99165329936466,0.9464285714285714,0.9914816212702604,0.9914816212702604
pair_60565fc7,70,1.0,0.9880952380952381,0.8936224489795918,0.8936224489795918,0.875,0.8660714285714286,0.8660714285714286,1.0,0.9269557823129251,0.9269557823129251,70,1.0,0.875,0.8606292517006803,0.8606292517006803,1.0,0.9356292517006803,0.9356292517006803,1.0,0.9623299319727889,0.9623299319727889
pair_606263d6,5337,1.0,0.9940476190476191,0.988377410173363,0.988377410173363,1.0,0.9929925408424566,0.9929925408424566,0.8988095238095238,0.9942662187603165,0.9942662187603165,5602,1.0,1.0,0.988397001071046,0.988397001071046,1.0,0.9918800258411111,0.9918800258411111,1.0,0.9944195100389317,0.9944195100389317
pair_61c6d911,6817,1.0,1.0,0.9882637593690843,0.9882637593690843,1.0,0.9922899334297308,0.9922899334297308,1.0,0.9927465998868376,0.9927465998868376,2730,1.0,1.0,0.9848748473748473,0.9848748473748473,1.0,0.9871446014303159,0.9871446014303159,1.0,0.9899943310657596,0.9899943310657596
pair_62b6e279,207,1.0,0.9107142857142857,0.9569818265470441,0.9569818265470441,1.0,0.9565504945939729,0.9565504945939729,1.0,0.9606912813434553,0.9606912813434553,17460,1.0,0.98125,0.9863677691867123,0.9863677691867123,1.0,0.9919100801832761,0.9919100801832761,1.0,0.9947497852233677,0.9947497852233677
pair_6357c298,2600,1.0,0.94375,0.9794471153846154,0.9794471153846154,1.0,0.9881346153846154,0.9881346153846154,0.9375,0.9922812499999999,0.9922812499999999,1898,1.0,1.0,0.9840308093732751,0.9840308093732751,1.0,0.9892556074062924,0.9892556074062924,1.0,0.9921502584173817,0.9921502584173817
pair_6369b437,1283,1.0,0.9464285714285714,0.9825696841480163,0.9825696841480163,0.9404761904761905,0.9878075938091527,0.9878075938091527,1.0,0.9904520654715511,0.9904520654715511,1328,1.0,0.93125,0.9829631024096386,0.9829631024096386,1.0,0.9907944277108435,0.9907944277108435,1.0,0.9915945030120482,0.9915945030120482
pair_659419e1,17059,1.0,1.0,0.9920049882899405,0.9920049882899405,0.8988095238095238,0.9942684911469717,0.9942684911469717,0.875,0.9954105359829613,0.9954105359829613,24366,1.0,1.0,0.9912695481213087,0.9912695481213087,0.9464285714285714,0.993954300098107,0.993954300098107,1.0,0.9962359728427199,0.9962359728427199
pair_665c7b43,3771,1.0,0.875,0.9887297798992309,0.9887297798992309,0.8869047619047619,0.9903082420982182,0.9903082420982182,1.0,0.9943459484032277,0.9943459484032277,3666,1.0,0.9761904761904762,0.9890499571350636,0.9890499571350636,1.0,0.9903667549944146,0.9903667549944146,1.0,0.9939274673317227,0.9939274673317227
pair_66b87803,15962,1.0,0.9761904761904762,0.9895741970513303,0.9895741970513303,0.9523809523809523,0.9945488093746457,0.9945488093746457,1.0,0.9957775460766941,0.9957775460766941,44041,1.0,0.9940476190476191,0.9922773530292661,0.9922773530292661,0.9880952380952381,0.995199008283407,0.995199008283407,1.0,0.996321879720304,0.996321879720304
pair_677749e1,2233,1.0,0.8928571428571429,0.9853389631714754,0.9853389631714754,1.0,0.9895026976307765,0.9895026976307765,1.0,0.9939916405433645,0.9939916405433645,2209,1.0,1.0,0.9830051305266333,0.9830051305266333,0.8928571428571429,0.988308111836858,0.988308111836858,1.0,0.9935329496216776,0.9935329496216776
pair_6801c12d,4584,1.0,1.0,0.9870814245200699,0.9870814245200699,1.0,0.9908922338568935,0.9908922338568935,1.0,0.9928324061954623,0.9928324061954623,7992,1.0,0.98125,0.9907297922922923,0.9907297922922923,1.0,0.9927482169669669,0.9927482169669669,0.975,0.99570116991992,0.99570116991992
pair_68e74a3f,2300,1.0,0.88125,0.9785271739130436,0.9785271739130436,0.98125,0.9887880434782609,0.9887880434782609,1.0,0.9910461956521739,0.9910461956521739,2608,1.0,0.975,0.9808977185582822,0.9808977185582822,0.975,0.987440088190184,0.987440088190184,0.875,0.9867594900306749,0.9867594900306749
pair_6920c5e4,6432,1.0,1.0,0.9881899098258707,0.9881899098258707,1.0,0.9916754120024874,0.9916754120024874,1.0,0.9934604322139303,0.9934604322139303,14851,1.0,0.9702380952380952,0.9915994914564034,0.9915994914564034,0.9642857142857143,0.9944588467667721,0.9944588467667721,1.0,0.9958997470107833,0.9958997470107833
pair_69286778,1440,1.0,1.0,0.9815190972222221,0.9815190972222221,1.0,0.9880512152777778,0.9880512152777778,1.0,0.9901345486111112,0.9901345486111112,2621,1.0,0.8809523809523809,0.985410875529151,0.985410875529151,0.9166666666666667,0.9888401373521557,0.9888401373521557,1.0,0.9947925183045367,0.9947925183045367
pair_6ba505c0,13586,1.0,0.9702380952380952,0.9901320862512532,0.9901320862512532,1.0,0.9939674419745816,0.9939674419745816,0.9345238095238095,0.9956288160781758,0.9956288160781758,12386,1.0,1.0,0.9908436368249868,0.9908436368249868,1.0,0.9939519849599779,0.9939519849599779,0.9940476190476191,0.9952399214166532,0.9952399214166532
pair_6bcfd203,1098,1.0,1.0,0.9629087518431779,0.9629087518431779,1.0,0.9835089773614366,0.9835089773614366,0.9226190476190477,0.9839101396478447,0.9839101396478447,827,1.0,1.0,0.9815094719871019,0.9815094719871019,1.0,0.9858927851672712,0.9858927851672712,0.9464285714285714,0.9939108654344446,0.9939108654344446
pair_6d3a0d6c,91,1.0,0.9345238095238095,0.8854657247514388,0.8854657247514388,0.75,0.9496336996336995,0.9496336996336995,0.875,0.9428963893249607,0.9428963893249607,115,1.0,0.9345238095238095,0.9436335403726708,0.9436335403726708,0.9761904761904762,0.9430641821946171,0.9430641821946171,0.75,0.9500517598343685,0.9500517598343685
pair_6d779213,3016,1.0,0.9875,0.9803858587533156,0.9803858587533156,1.0,0.9890003315649867,0.9890003315649867,0.96875,0.9888449104774535,0.9888449104774535,8921,1.0,0.875,0.9883914893162734,0.9883914893162734,1.0,0.991581527802243,0.991581527802243,0.875,0.9939768924047594,0.9939768924047594
pair_6e98ad25,925,1.0,0.9523809523809523,0.9793436293436293,0.9793436293436293,1.0,0.988005148005148,0.988005148005148,1.0,0.9912805662805662,0.9912805662805662,384,1.0,1.0,0.9521484375,0.9521484375,1.0,0.9749023437499998,0.9749023437499998,0.9125,0.9772623697916667,0.9772623697916667
pair_7007ed35,2256,1.0,1.0,0.9833277925531914,0.9833277925531914,0.99375,0.9899434840425532,0.9899434840425532,1.0,0.9911319813829785,0.9911319813829785,2276,1.0,0.99375,0.9819831942003515,0.9819831942003515,1.0,0.989584248681898,0.989584248681898,1.0,0.9922534050966608,0.9922534050966608
pair_7187bdc5,5970,1.0,0.9583333333333334,0.9878709021296962,0.9878709021296962,1.0,0.9914582834808965,0.9914582834808965,1.0,0.9942899018904044,0.9942899018904044,8204,1.0,1.0,0.9869293941979522,0.9869293941979522,0.9625,0.9934993600682593,0.9934993600682593,0.975,0.9937827584105314,0.9937827584105314
pair_71cf0c00,5068,1.0,0.91875,0.9872323895027624,0.9872323895027624,0.875,0.9910455307813733,0.9910455307813733,1.0,0.9937808307024467,0.9937808307024467,40978,1.0,0.9583333333333334,0.9926303370682062,0.9926303370682062,1.0,0.9954322179845633,0.9954322179845633,0.9464285714285714,0.9960452066033108,0.9960452066033108
pair_73bd6122,137,1.0,0.9226190476190476,0.9193604449078903,0.9193604449078903,1.0,0.9446037539103231,0.9446037539103231,0.9345238095238095,0.9628084810566564,0.9628084810566564,645,1.0,0.9880952380952381,0.9605112587670728,0.9605112587670728,0.9702380952380952,0.9709302325581395,0.9709302325581395,0.9880952380952381,0.9876430417128091,0.9876430417128091
pair_7415487b,530,1.0,0.9821428571428571,0.9647237196765499,0.9647237196765499,1.0,0.9774595687331536,0.9774595687331536,0.9702380952380952,0.9828616352201259,0.9828616352201259,2129,1.0,0.9226190476190477,0.9837309042922008,0.9837309042922008,1.0,0.9882825605582769,0.9882825605582769,0.9642857142857143,0.9901306224697487,0.9901306224697487
pair_7580a01f,19412,1.0,0.9375,0.989538043478261,0.989538043478261,1.0,0.9946804811456831,0.9946804811456831,1.0,0.9955964738306203,0.9955964738306203,18614,1.0,0.9523809523809524,0.9915056895219676,0.9915056895219676,1.0,0.9938103424457781,0.9938103424457781,1.0,0.9961415370918971,0.9961415370918971
pair_759606e4,21597,1.0,0.9404761904761905,0.992259727431279,0.992259727431279,1.0,0.9942879522508637,0.9942879522508637,1.0,0.9959848920815721,0.9959848920815721,21597,1.0,1.0,0.991829773535566,0.991829773535566,0.9761904761904762,0.9948733510165654,0.9948733510165654,0.875,0.997111316166046,0.997111316166046
pair_76494dbd,2253,1.0,0.9464285714285714,0.9827161668040496,0.9827161668040496,1.0,0.9870939276731553,0.9870939276731553,1.0,0.990681736520618,0.990681736520618,2253,1.0,1.0,0.9840582926468411,0.9840582926468411,1.0,0.9881031640352546,0.9881031640352546,1.0,0.9923778876841459,0.9923778876841459
pair_77658e38,4332,1.0,1.0,0.9857715835641736,0.9857715835641736,1.0,0.9935494575253926,0.9935494575253926,1.0,0.9954481186518929,0.9954481186518929,3653,1.0,1.0,0.9869497347255354,0.9869497347255354,0.9404761904761905,0.9916083323556633,0.9916083323556633,0.9226190476190477,0.9946814751085215,0.9946814751085215
pair_78234522,5762,1.0,1.0,0.9898906629642485,0.9898906629642485,1.0,0.9920021983107717,0.9920021983107717,0.9940476190476191,0.9934598188459697,0.9934598188459697,11232,1.0,0.9750000000000001,0.9891231525997152,0.9891231525997152,0.98125,0.9934595352564103,0.9934595352564103,1.0,0.994170116631054,0.994170116631054
pair_788625c0,4278,1.0,1.0,0.986465916427347,0.986465916427347,0.9107142857142857,0.9898581335292416,0.9898581335292416,0.9940476190476191,0.992394643691979,0.992394643691979,2948,1.0,1.0,0.9852760345997287,0.9852760345997287,1.0,0.985634328358209,0.985634328358209,1.0,0.9920836160108548,0.9920836160108548
pair_7a30a024,1359,1.0,0.875,0.9788622586635832,0.9788622586635832,0.9880952380952381,0.9883492764287467,0.9883492764287467,0.9940476190476191,0.9920634920634921,0.9920634920634921,1631,1.0,0.9821428571428572,0.9830004963358735,0.9830004963358735,1.0,0.9881645791363757,0.9881645791363757,1.0,0.9885441300983913,0.9885441300983913
pair_7a9abe33,1560,1.0,0.93125,0.9755008012820513,0.9755008012820513,0.975,0.9863141025641026,0.9863141025641026,1.0,0.985408653846154,0.985408653846154,2534,1.0,0.9821428571428572,0.9800287518322245,0.9800287518322245,0.9940476190476191,0.9889267861840869,0.9889267861840869,1.0,0.9890794715676325,0.9890794715676325
pair_7b0b98d6,3991,1.0,0.8988095238095238,0.9870124446671678,0.9870124446671678,1.0,0.9926277576929042,0.9926277576929042,1.0,0.9930811587977711,0.9930811587977711,6235,1.0,0.9345238095238095,0.9893372665826556,0.9893372665826556,0.9523809523809523,0.9918213235574903,0.9918213235574903,1.0,0.9956543323022873,0.9956543323022873
pair_7b176d5c,3517,1.0,0.7797619047619048,0.9810004468093749,0.9810004468093749,0.9702380952380952,0.9882678689900755,0.9882678689900755,1.0,0.992658109590154,0.992658109590154,7189,1.0,0.8035714285714286,0.988390828580702,0.988390828580702,0.9285714285714286,0.9933537679921044,0.9933537679921044,1.0,0.9935599361458313,0.9935599361458313
pair_7cb6be3d,2364,1.0,0.96875,0.9782016708967851,0.9782016708967851,0.94375,0.990302453468697,0.990302453468697,0.8625,0.9885813240270728,0.9885813240270728,5345,1.0,0.9880952380952381,0.9898302819724709,0.9898302819724709,0.8988095238095238,0.9917256893402824,0.9917256893402824,1.0,0.9920029845427413,0.9920029845427413
pair_7f6de6ca,1797,1.0,1.0,0.9793206932188568,0.9793206932188568,0.7738095238095238,0.9868961496674351,0.9868961496674351,1.0,0.9891817049579988,0.9891817049579988,812,1.0,0.93125,0.9702971059113299,0.9702971059113299,0.925,0.9702971059113299,0.9702971059113299,0.875,0.9818503694581281,0.9818503694581281
pair_7fda4fb2,3918,1.0,1.0,0.9849686428936046,0.9849686428936046,1.0,0.9904667711903546,0.9904667711903546,0.9107142857142858,0.9918872602639831,0.9918872602639831,825,1.0,0.9642857142857143,0.9702020202020203,0.9702020202020203,0.9702380952380952,0.9836435786435787,0.9836435786435787,1.0,0.9805555555555555,0.9805555555555555
pair_807fa532,10814,1.0,0.9880952380952381,0.9903162346869577,0.9903162346869577,1.0,0.9933810448536728,0.9933810448536728,0.9940476190476191,0.9955002113662185,0.9955002113662185,5525,1.0,0.9464285714285714,0.9897748330101271,0.9897748330101271,1.0,0.9917173023055377,0.9917173023055377,0.8869047619047619,0.9941316526610645,0.9941316526610645
pair_80de1ec1,4507,1.0,1.0,0.9877399706277008,0.9877399706277008,1.0,0.9912926453030735,0.9912926453030735,0.8690476190476191,0.9925948524517417,0.9925948524517417,3404,1.0,0.975,0.9851204465334901,0.9851204465334901,1.0,0.9919249412455934,0.9919249412455934,1.0,0.9920791715628673,0.9920791715628673
pair_80fc276c,5723,1.0,0.8928571428571429,0.9867025702470399,0.9867025702470399,0.8452380952380952,0.9920496243229076,0.9920496243229076,1.0,0.9949160863017231,0.9949160863017231,8735,1.0,1.0,0.9900230326818764,0.9900230326818764,0.9404761904761905,0.9943065663586557,0.9943065663586557,0.9761904761904762,0.9960210701338349,0.9960210701338349
pair_81db3cca,1760,1.0,0.99375,0.9804367897727272,0.9804367897727272,1.0,0.9858132102272728,0.9858132102272728,1.0,0.9894069602272727,0.9894069602272727,4694,1.0,0.9940476190476191,0.9854500172459271,0.9854500172459271,1.0,0.9898959157587193,0.9898959157587193,1.0,0.993809219469637,0.993809219469637
pair_81dfa8e6,6047,1.0,0.9583333333333333,0.9856294345090443,0.9856294345090443,0.8988095238095238,0.9901525352988888,0.9901525352988888,1.0,0.9936597840723853,0.9936597840723853,9243,1.0,0.9821428571428572,0.9903723796128859,0.9903723796128859,1.0,0.9934480662328763,0.9934480662328763,0.8809523809523809,0.9946890310814361,0.9946890310814361
pair_82f26bd9,1798,1.0,0.8988095238095238,0.9828281423804227,0.9828281423804227,0.9345238095238095,0.9827023412257004,0.9827023412257004,1.0,0.9922367445309602,0.9922367445309602,1092,1.0,0.99375,0.9747252747252748,0.9747252747252748,0.90625,0.984878663003663,0.984878663003663,1.0,0.9899152930402932,0.9899152930402932
pair_842aefbb,126,1.0,0.9940476190476191,0.9135487528344672,0.9135487528344672,0.875,0.9121787603930462,0.9121787603930462,1.0,0.9669784580498866,0.9669784580498866,192,1.0,0.96875,0.9557291666666666,0.9557291666666666,0.9875,0.9588541666666667,0.9588541666666667,1.0,0.9618815104166667,0.9618815104166667
pair_84334dbe,12707,1.0,0.9107142857142856,0.9900987269858758,0.9900987269858758,0.9761904761904763,0.9938429137295903,0.9938429137295903,0.875,0.9955203730976927,0.9955203730976927,11216,1.0,0.9812500000000001,0.9911387749643368,0.9911387749643368,1.0,0.9948466476462196,0.9948466476462196,1.0,0.9952467457203994,0.9952467457203994
pair_87179bc6,2775,1.0,1.0,0.982805662805663,0.982805662805663,1.0,0.9896718146718146,0.9896718146718146,1.0,0.9927477477477478,0.9927477477477478,2845,1.0,1.0,0.9831722319859403,0.9831722319859403,1.0,0.990181186710185,0.990181186710185,1.0,0.9920286216419784,0.9920286216419784
pair_877062a7,4944,1.0,0.9812500000000001,0.9852460052588996,0.9852460052588996,0.875,0.9901736953883497,0.9901736953883497,1.0,0.9924984830097088,0.9924984830097088,6962,1.0,0.9702380952380952,0.9874933311445807,0.9874933311445807,0.8809523809523809,0.992678793723752,0.992678793723752,1.0,0.994477674724012,0.994477674724012
pair_8793031c,11317,1.0,0.9940476190476191,0.9910411854058581,0.9910411854058581,0.9345238095238095,0.9943889723424936,0.9943889723424936,0.9047619047619048,0.9955950171886374,0.9955950171886374,10969,1.0,0.9404761904761905,0.9903103551567405,0.9903103551567405,0.9880952380952381,0.9937171422493694,0.9937171422493694,1.0,0.9948469496286071,0.9948469496286071
pair_87ba057a,399,1.0,0.8690476190476191,0.9058509368659743,0.9058509368659743,0.9761904761904763,0.9711630266141543,0.9711630266141543,0.875,0.9768319608545172,0.9768319608545172,386,1.0,0.9821428571428572,0.9782568467801629,0.9782568467801629,0.9642857142857143,0.984533061929435,0.984533061929435,0.8452380952380952,0.9806007895386134,0.9806007895386134
pair_87d2dbfe,1673,1.0,0.8988095238095238,0.9806236302052201,0.9806236302052201,1.0,0.9895682122221273,0.9895682122221273,1.0,0.9939551134261236,0.9939551134261236,1474,1.0,0.9226190476190477,0.9862780254571301,0.9862780254571301,0.9940476190476191,0.9886161723848291,0.9886161723848291,0.9702380952380952,0.9926059636880532,0.9926059636880532
pair_88838551,2347,1.0,1.0,0.9839333901434455,0.9839333901434455,1.0,0.9883945056505772,0.9883945056505772,1.0,0.9924904132935662,0.9924904132935662,2117,1.0,0.8630952380952381,0.9799300447623546,0.9799300447623546,1.0,0.9863182400971725,0.9863182400971725,1.0,0.9899256585014734,0.9899256585014734
pair_8956508b,1756,1.0,0.8562500000000001,0.9733520785876995,0.9733520785876995,1.0,0.9822359054669705,0.9822359054669705,0.96875,0.9875783029612756,0.9875783029612756,383,1.0,0.9940476190476191,0.9562818600024867,0.9562818600024867,1.0,0.966041899788636,0.966041899788636,0.9642857142857143,0.9660263583240085,0.9660263583240085
pair_896a11b6,8800,1.0,0.93125,0.9892649147727273,0.9892649147727273,0.75625,0.9927301136363635,0.9927301136363635,1.0,0.9951818181818183,0.9951818181818183,372,1.0,1.0,0.9827116935483872,0.9827116935483872,0.975,0.9688844086021505,0.9688844086021505,0.7875,0.9840389784946236,0.9840389784946236
pair_8a45bd25,12494,1.0,0.9464285714285714,0.9898379793729563,0.9898379793729563,1.0,0.9936407570872113,0.9936407570872113,0.9345238095238095,0.9952267564621494,0.9952267564621494,13170,1.0,1.0,0.9887026792493764,0.9887026792493764,1.0,0.9939102216437069,0.9939102216437069,0.9761904761904762,0.9953000144628846,0.9953000144628846
pair_8a465ac4,739,1.0,0.863095238095238,0.9623848186094465,0.9623848186094465,0.9464285714285714,0.9788082350666923,0.9788082350666923,1.0,0.9848169985179458,0.9848169985179458,683,1.0,0.9523809523809524,0.9699069232378164,0.9699069232378164,0.8988095238095238,0.9667346440772503,0.9667346440772503,0.9404761904761905,0.981837830300495,0.981837830300495
pair_8d6d2aa2,6263,1.0,0.9345238095238095,0.9882748644723737,0.9882748644723737,0.9821428571428572,0.9927997384487883,0.9927997384487883,1.0,0.9944154254388966,0.9944154254388966,9143,1.0,1.0,0.9907937636391099,0.9907937636391099,0.9761904761904762,0.9937819981979448,0.9937819981979448,0.9880952380952381,0.9949701306750415,0.9949701306750415
pair_8e82b67b,2139,1.0,1.0,0.9803785703154567,0.9803785703154567,1.0,0.9875052872949087,0.9875052872949087,1.0,0.9864255660188337,0.9864255660188337,3448,1.0,0.9437500000000001,0.9827943735498841,0.9827943735498841,1.0,0.9890643126450116,0.9890643126450116,1.0,0.9889555539443154,0.9889555539443154
pair_915d7da0,3309,1.0,0.9702380952380952,0.9834614111586005,0.9834614111586005,0.9642857142857143,0.9902088819813207,0.9902088819813207,1.0,0.9935673272028667,0.9935673272028667,3960,1.0,0.9375,0.9852998737373737,0.9852998737373737,0.96875,0.991300505050505,0.991300505050505,1.0,0.9926688762626262,0.9926688762626262
pair_919a0d3c,107,1.0,0.9107142857142858,0.9754672897196262,0.9754672897196262,1.0,0.9920449488206499,0.9920449488206499,0.9047619047619048,0.97557854917668,0.97557854917668,101,1.0,1.0,0.9532649693540782,0.9532649693540782,0.7142857142857143,0.953029231494578,0.953029231494578,0.9940476190476191,0.9846181046676097,0.9846181046676097
pair_92daf189,6889,1.0,1.0,0.9875370673744893,0.9875370673744893,1.0,0.9929692954261107,0.9929692954261107,0.9880952380952381,0.99385407378222,0.99385407378222,8168,1.0,1.0,0.9890908117042115,0.9890908117042115,0.9125,0.9918255692948091,0.9918255692948091,1.0,0.9942795053868756,0.9942795053868756
pair_95cc16d3,3641,1.0,0.8452380952380952,0.9881034121970678,0.9881034121970678,0.9285714285714286,0.9915577876302951,0.9915577876302951,1.0,0.9938596147055361,0.9938596147055361,4717,1.0,0.9702380952380952,0.987917310235521,0.987917310235521,1.0,0.9916310810947232,0.9916310810947232,0.8809523809523809,0.9952880664667817,0.9952880664667817
pair_95ff000b,12177,1.0,0.9702380952380952,0.9888436240062256,0.9888436240062256,0.9404761904761905,0.9930298924201363,0.9930298924201363,0.9583333333333333,0.9957976004723973,0.9957976004723973,10832,1.0,0.875,0.9896683437961595,0.9896683437961595,0.825,0.9940269571639586,0.9940269571639586,1.0,0.9945779865214179,0.9945779865214179
pair_965e479d,10946,1.0,0.9226190476190477,0.9896281964274839,0.9896281964274839,0.9642857142857143,0.9934608641556384,0.9934608641556384,0.9821428571428571,0.9954805190850321,0.9954805190850321,21846,1.0,1.0,0.991773038978477,0.991773038978477,1.0,0.9942440699615926,0.9942440699615926,0.9583333333333334,0.9953862644572615,0.9953862644572615
pair_98273f65,6722,1.0,0.875,0.9841883793088793,0.9841883793088793,1.0,0.9920879911024213,0.9920879911024213,0.9642857142857143,0.9940148552726654,0.9940148552726654,19734,1.0,0.9940476190476191,0.9912825700869179,0.9912825700869179,1.0,0.9952345359954057,0.9952345359954057,0.9880952380952381,0.996251333207855,0.996251333207855
pair_99ea5bb6,6291,1.0,1.0,0.9866021754433772,0.9866021754433772,1.0,0.9915960820824912,0.9915960820824912,1.0,0.9918789881236232,0.9918789881236232,5665,1.0,1.0,0.9897448829487664,0.9897448829487664,0.8869047619047619,0.9920039507418148,0.9920039507418148,0.8690476190476191,0.9927037363930569,0.9927037363930569
pair_99eea8ae,161,1.0,0.9821428571428571,0.9752661934338954,0.9752661934338954,0.875,0.9750813368825789,0.9750813368825789,0.9285714285714285,0.9823277136941735,0.9823277136941735,1848,1.0,0.94375,0.9831473214285714,0.9831473214285714,1.0,0.9873613365800866,0.9873613365800866,0.91875,0.9921097132034631,0.9921097132034631
pair_9a76e23c,10400,1.0,1.0,0.9889999999999999,0.9889999999999999,0.925,0.9929519230769231,0.9929519230769231,0.975,0.994063701923077,0.994063701923077,11553,1.0,0.9226190476190477,0.9894482158829081,0.9894482158829081,1.0,0.9936591402769019,0.9936591402769019,0.9940476190476191,0.9950533359712794,0.9950533359712794
pair_9a84ead7,1587,1.0,0.9940476190476191,0.9782458667146757,0.9782458667146757,0.8809523809523809,0.9886540942779128,0.9886540942779128,1.0,0.9903231614006662,0.9903231614006662,632,1.0,0.89375,0.9715288765822785,0.9715288765822785,1.0,0.9749505537974684,0.9749505537974684,1.0,0.9877670094936708,0.9877670094936708
pair_9af28884,2573,1.0,1.0,0.9844932726296894,0.9844932726296894,0.9761904761904763,0.9895388003627412,0.9895388003627412,1.0,0.9942650787481725,0.9942650787481725,894,1.0,0.8988095238095238,0.9735538510706295,0.9735538510706295,1.0,0.9799789602641951,0.9799789602641951,0.8452380952380952,0.9877290401619261,0.9877290401619261
pair_9b461a0f,4134,1.0,0.9880952380952381,0.9878375031676917,0.9878375031676917,0.9880952380952381,0.9917280046997028,0.9917280046997028,1.0,0.9927013500126707,0.9927013500126707,5239,1.0,0.875,0.9867136585498868,0.9867136585498868,0.8690476190476191,0.9923092829420374,0.9923092829420374,1.0,0.9941385124387605,0.9941385124387605
pair_9d3572bb,940,1.0,0.95625,0.977313829787234,0.977313829787234,1.0,0.9814162234042553,0.9814162234042553,1.0,0.983623670212766,0.983623670212766,808,1.0,0.85625,0.9670637376237624,0.9670637376237624,1.0,0.989008353960396,0.989008353960396,1.0,0.9858988242574258,0.9858988242574258
pair_9d50620a,8881,1.0,1.0,0.9905134556919266,0.9905134556919266,1.0,0.9935476217285699,0.9935476217285699,0.9940476190476191,0.9940516404737776,0.9940516404737776,11526,1.0,0.9761904761904762,0.9912640572453171,0.9912640572453171,1.0,0.9944509514720343,0.9944509514720343,0.9285714285714286,0.9956268643150475,0.9956268643150475
pair_9effdc53,2494,1.0,0.9166666666666666,0.9825939397410929,0.9825939397410929,0.9821428571428572,0.9909067476228662,0.9909067476228662,1.0,0.9917277656852637,0.9917277656852637,3127,1.0,0.8333333333333334,0.9855901746691641,0.9855901746691641,1.0,0.9855920782128009,0.9855920782128009,0.9285714285714286,0.993552697702042,0.993552697702042
pair_9f0d7c77,3003,1.0,1.0,0.984878217021074,0.984878217021074,1.0,0.9902359545216689,0.9902359545216689,1.0,0.9938771545914402,0.9938771545914402,4086,1.0,0.7916666666666666,0.9836418781903363,0.9836418781903363,1.0,0.991804186187446,0.991804186187446,1.0,0.9944511456075332,0.9944511456075332
pair_a0095248,7643,1.0,1.0,0.9888382148620274,0.9888382148620274,1.0,0.9926255272487119,0.9926255272487119,0.875,0.9943108540027289,0.9943108540027289,11166,1.0,1.0,0.9900377847717987,0.9900377847717987,0.9345238095238095,0.9930918050544596,0.9930918050544596,0.9226190476190477,0.9945721706199944,0.9945721706199944
pair_a00e8681,3767,1.0,0.9940476190476191,0.9822613675148849,0.9822613675148849,0.9940476190476191,0.9898713135373607,0.9898713135373607,0.8630952380952381,0.9898950156117664,0.9898950156117664,4562,1.0,0.9166666666666666,0.9870370660320245,0.9870370660320245,0.9523809523809523,0.9912214776309474,0.9912214776309474,1.0,0.9919195319513162,0.9919195319513162
pair_a10926bc,2315,1.0,0.8511904761904762,0.9840532757379409,0.9840532757379409,1.0,0.9889128869690426,0.9889128869690426,0.9821428571428572,0.9894836984469814,0.9894836984469814,2861,1.0,1.0,0.986091692881277,0.986091692881277,1.0,0.9911244819493684,0.9911244819493684,1.0,0.9947903663387762,0.9947903663387762
pair_a302a9d8,1406,1.0,1.0,0.9826212490686175,0.9826212490686175,0.9821428571428571,0.9837389080810133,0.9837389080810133,1.0,0.9861732032784665,0.9861732032784665,987,1.0,0.9047619047619048,0.9800742992232353,0.9800742992232353,1.0,0.9857130795580643,0.9857130795580643,0.9821428571428572,0.9941742654508612,0.9941742654508612
pair_a3b6f8e9,4252,1.0,0.98125,0.9880747295390406,0.9880747295390406,1.0,0.9916406984948261,0.9916406984948261,0.93125,0.9925270460959549,0.9925270460959549,5316,1.0,0.99375,0.9891600827689992,0.9891600827689992,1.0,0.9924367475545522,0.9924367475545522,1.0,0.9953030944319037,0.9953030944319037
pair_a41e71a8,3421,1.0,0.875,0.9857010620676216,0.9857010620676216,0.9345238095238095,0.989530699739703,0.989530699739703,0.9642857142857143,0.9940858980248047,0.9940858980248047,6133,1.0,1.0,0.98712177680464,0.98712177680464,0.8511904761904762,0.9928470491408694,0.9928470491408694,1.0,0.9950055515439504,0.9950055515439504
pair_a57e4b7b,3663,1.0,0.8988095238095238,0.9855521105521104,0.9855521105521104,1.0,0.9902337402337402,0.9902337402337402,1.0,0.9937762437762437,0.9937762437762437,7323,1.0,0.9940476190476191,0.989257590240794,0.989257590240794,0.9166666666666666,0.9927210745010827,0.9927210745010827,1.0,0.9950092012771242,0.9950092012771242
pair_aa25e669,1056,1.0,0.8,0.9750651041666665,0.9750651041666665,1.0,0.9818359375000001,0.9818359375000001,0.93125,0.9884351325757577,0.9884351325757577,4043,1.0,0.8035714285714286,0.988738619365629,0.988738619365629,1.0,0.9909867731411139,0.9909867731411139,0.9880952380952381,0.9933600697266293,0.9933600697266293
pair_ab0f093e,1166,1.0,0.9702380952380952,0.9821836968063384,0.9821836968063384,0.875,0.9872171853303928,0.9872171853303928,1.0,0.993210405946255,0.993210405946255,448,1.0,1.0,0.9732142857142857,0.9732142857142857,0.8375,0.982896205357143,0.982896205357143,1.0,0.9758370535714285,0.9758370535714285
pair_acbd062f,4169,1.0,1.0,0.9859607191401387,0.9859607191401387,1.0,0.9923571371460553,0.9923571371460553,1.0,0.994198962866509,0.994198962866509,3208,1.0,0.9625,0.9808096945137157,0.9808096945137157,0.9875,0.990930875935162,0.990930875935162,1.0,0.9904769326683291,0.9904769326683291
pair_ad39313c,200,1.0,0.8937499999999999,0.9436875,0.9436875,1.0,0.9680625,0.9680625,0.875,0.9658437499999999,0.9658437499999999,3829,1.0,0.9523809523809523,0.9896637814175031,0.9896637814175031,0.9880952380952381,0.9934195798977725,0.9934195798977725,1.0,0.9957700630526433,0.9957700630526433
pair_ae900f0c,6053,1.0,0.8571428571428572,0.9832412892465761,0.9832412892465761,0.9523809523809523,0.9935165954701722,0.9935165954701722,0.9642857142857143,0.9946120774429051,0.9946120774429051,1186,1.0,1.0,0.9776208544125913,0.9776208544125913,1.0,0.9852144061671887,0.9852144061671887,0.9821428571428571,0.9865544447121176,0.9865544447121176
pair_ae9ff2a1,30446,1.0,0.9940476190476191,0.9917887407212771,0.9917887407212771,0.9940476190476191,0.9950816511982181,0.9950816511982181,1.0,0.996046865175815,0.996046865175815,13116,1.0,0.98125,0.990040313357731,0.990040313357731,0.925,0.9931024130832571,0.9931024130832571,0.9,0.9957556610247026,0.9957556610247026
pair_af58b0a0,2715,1.0,0.9940476190476191,0.9860782250285014,0.9860782250285014,0.9642857142857143,0.9872445847583969,0.9872445847583969,1.0,0.9914211172498466,0.9914211172498466,3160,1.0,0.8375,0.9843215981012658,0.9843215981012658,1.0,0.9915031645569621,0.9915031645569621,1.0,0.9924564873417723,0.9924564873417723
pair_b0ad8896,10510,1.0,0.9702380952380952,0.9892783516832041,0.9892783516832041,1.0,0.992589823750623,0.992589823750623,0.9761904761904762,0.9953457025055501,0.9953457025055501,8039,1.0,1.0,0.984333072699163,0.984333072699163,0.9702380952380952,0.9923927401536558,0.9923927401536558,1.0,0.9945555595045582,0.9945555595045582
pair_b1a1594e,16979,1.0,0.9702380952380952,0.9897559029501429,0.9897559029501429,1.0,0.9941100210624327,0.9941100210624327,1.0,0.9951200222123125,0.9951200222123125,17971,1.0,0.9940476190476191,0.9904995747116385,0.9904995747116385,1.0,0.9944185870887222,0.9944185870887222,0.9940476190476191,0.9951529050772275,0.9951529050772275
pair_b21abbab,2432,1.0,1.0,0.9834755345394737,0.9834755345394737,1.0,0.9878931949013157,0.9878931949013157,1.0,0.9877775493421053,0.9877775493421053,6565,1.0,0.9047619047619048,0.9878731004968628,0.9878731004968628,1.0,0.9924790555978675,0.9924790555978675,1.0,0.9941845283429441,0.9941845283429441
pair_b39511ce,7189,1.0,0.9642857142857143,0.9888751995442773,0.9888751995442773,1.0,0.9936369387092714,0.9936369387092714,1.0,0.9940236074955785,0.9940236074955785,4686,1.0,1.0,0.984923429465683,0.984923429465683,1.0,0.9931470133934922,0.9931470133934922,0.9583333333333333,0.9936741662093775,0.9936741662093775
pair_b40cb2db,2038,1.0,1.0,0.9816726248890134,0.9816726248890134,1.0,0.9869649282676761,0.9869649282676761,0.9702380952380952,0.9839127996635357,0.9839127996635357,2828,1.0,0.8875000000000001,0.9860126414427158,0.9860126414427158,0.9375,0.9884083274398868,0.9884083274398868,0.95625,0.9927311704384726,0.9927311704384726
pair_b4b63346,1193,1.0,0.6190476190476191,0.9799026064742746,0.9799026064742746,0.8690476190476191,0.9852812038478426,0.9852812038478426,0.875,0.9886340957170797,0.9886340957170797,2251,1.0,0.9940476190476191,0.9826875885849675,0.9826875885849675,1.0,0.9888224281271814,0.9888224281271814,1.0,0.9902027670241796,0.9902027670241796
pair_b4b897fd,1084,1.0,0.875,0.9735470479704798,0.9735470479704798,0.9875,0.9815901752767529,0.9815901752767529,1.0,0.9880362084870848,0.9880362084870848,1076,1.0,0.9375,0.9746921468401487,0.9746921468401487,0.9125,0.9807330390334574,0.9807330390334574,1.0,0.9787058550185874,0.9787058550185874
pair_b4d61cac,4888,1.0,0.9375,0.9868747442716858,0.9868747442716858,1.0,0.9918371522094925,0.9918371522094925,0.89375,0.992044292144026,0.992044292144026,6493,1.0,0.9166666666666666,0.9868200552976465,0.9868200552976465,1.0,0.9928127727296062,0.9928127727296062,0.9583333333333334,0.9951174524946278,0.9951174524946278
pair_b5dab1a1,1290,1.0,0.9226190476190477,0.9754337393872278,0.9754337393872278,1.0,0.9856220007382798,0.9856220007382798,1.0,0.9873015873015873,0.9873015873015873,930,1.0,0.8273809523809524,0.9725998463901689,0.9725998463901689,1.0,0.9819764464925754,0.9819764464925754,0.9940476190476191,0.985074244751664,0.985074244751664
pair_b7bb3d8e,496,1.0,0.96875,0.9670992943548387,0.9670992943548387,1.0,0.9809475806451613,0.9809475806451613,0.875,0.9830141129032258,0.9830141129032258,512,1.0,0.875,0.96046142578125,0.96046142578125,1.0,0.96470947265625,0.96470947265625,0.83125,0.9810546875000001,0.9810546875000001
pair_b94f69f4,5234,1.0,1.0,0.9878518660043305,0.9878518660043305,1.0,0.9922791910038757,0.9922791910038757,0.9821428571428572,0.9953349891733538,0.9953349891733538,7892,1.0,1.0,0.9889437088190572,0.9889437088190572,0.99375,0.9924448808920425,0.9924448808920425,1.0,0.9955880955397871,0.9955880955397871
pair_b9bbcc78,5829,1.0,0.9821428571428572,0.9892511988497579,0.9892511988497579,0.9642857142857143,0.9927517584491334,0.9927517584491334,1.0,0.9946603190941843,0.9946603190941843,6809,1.0,1.0,0.9902649854184589,0.9902649854184589,0.9761904761904762,0.9940135255159488,0.9940135255159488,1.0,0.9961876438047682,0.9961876438047682
pair_ba39d0a3,8165,1.0,0.9047619047619048,0.9891778205464672,0.9891778205464672,0.9285714285714286,0.9935569941387454,0.9935569941387454,0.9404761904761905,0.9941022949289943,0.9941022949289943,5774,1.0,0.9583333333333333,0.987300418955251,0.987300418955251,0.7619047619047619,0.9904683556831115,0.9904683556831115,1.0,0.9947445032741187,0.9947445032741187
pair_babc83eb,7788,1.0,1.0,0.988020030816641,0.988020030816641,0.875,0.9928848870056497,0.9928848870056497,1.0,0.9948053094504364,0.9948053094504364,9560,1.0,0.94375,0.9895730910041841,0.9895730910041841,1.0,0.9941259152719665,0.9941259152719665,1.0,0.9939644351464434,0.9939644351464434
pair_bb5a8572,2075,1.0,0.9107142857142857,0.9804446356855996,0.9804446356855996,0.9702380952380952,0.9865433161216294,0.9865433161216294,1.0,0.989942627653471,0.989942627653471,3746,1.0,0.9107142857142857,0.9849855719116264,0.9849855719116264,1.0,0.991061894592327,0.991061894592327,0.9166666666666666,0.9918754608089899,0.9918754608089899
pair_bc3e9c75,2228,1.0,1.0,0.9803635547576302,0.9803635547576302,1.0,0.988947486535009,0.988947486535009,1.0,0.9886669658886894,0.9886669658886894,2960,1.0,0.94375,0.9839358108108107,0.9839358108108107,1.0,0.9891511824324324,0.9891511824324324,1.0,0.9936380912162162,0.9936380912162162
pair_bd329034,114601,1.0,0.8630952380952381,0.9897594490366368,0.9897594490366368,0.9226190476190477,0.9927289132771633,0.9927289132771633,1.0,0.9941734697735953,0.9941734697735953,114601,1.0,0.9226190476190476,0.9885789037825232,0.9885789037825232,1.0,0.9935582918955663,0.9935582918955663,1.0,0.995058216478623,0.995058216478623
pair_bde52c9a,21057,1.0,0.8869047619047619,0.9917279515690969,0.9917279515690969,1.0,0.9949558680859436,0.9949558680859436,1.0,0.9958488524345482,0.9958488524345482,8128,1.0,1.0,0.9903435654527559,0.9903435654527559,0.93125,0.9944359005905512,0.9944359005905512,1.0,0.9964528481791338,0.9964528481791338
pair_bf349feb,1434,1.0,1.0,0.9762361360164709,0.9762361360164709,0.9583333333333333,0.9854843262270041,0.9854843262270041,1.0,0.9882322175732218,0.9882322175732218,3560,1.0,1.0,0.9846927668539327,0.9846927668539327,0.99375,0.9924122191011236,0.9924122191011236,0.85,0.9911218398876405,0.9911218398876405
pair_bf40e969,2598,1.0,0.8928571428571428,0.9864249972506323,0.9864249972506323,0.9702380952380952,0.9922376186810368,0.9922376186810368,1.0,0.9926523149675575,0.9926523149675575,7650,1.0,1.0,0.9894950202303143,0.9894950202303143,0.9404761904761905,0.9931030189853718,0.9931030189853718,1.0,0.9915592903828198,0.9915592903828198
pair_bf419b23,119,1.0,0.9285714285714286,0.9819427771108444,0.9819427771108444,0.9821428571428572,0.9762905162064828,0.9762905162064828,0.9285714285714285,0.9529311724689875,0.9529311724689875,116,1.0,0.95625,0.9350215517241378,0.9350215517241378,1.0,0.9828125000000001,0.9828125000000001,1.0,0.9554418103448277,0.9554418103448277
pair_bf476baa,15069,1.0,1.0,0.9920382115285559,0.9920382115285559,0.9880952380952381,0.994055914223145,0.994055914223145,1.0,0.9955802514781212,0.9955802514781212,15410,1.0,0.9523809523809524,0.9917338771978615,0.9917338771978615,1.0,0.9937984765612928,0.9937984765612928,1.0,0.9967371990976792,0.9967371990976792
pair_bfdd51b8,2714,1.0,0.9821428571428572,0.9804540828859177,0.9804540828859177,1.0,0.9893080850615854,0.9893080850615854,0.9821428571428571,0.9899726286977576,0.9899726286977576,8105,1.0,1.0,0.9877801768455684,0.9877801768455684,0.9523809523809523,0.9925978966540349,0.9925978966540349,1.0,0.995958549983843,0.995958549983843
pair_c021c917,135,1.0,0.9940476190476191,0.9609347442680777,0.9609347442680777,1.0,0.972927689594356,0.972927689594356,0.9047619047619048,0.95,0.95,115,1.0,1.0,0.9268115942028986,0.9268115942028986,1.0,0.9345755693581781,0.9345755693581781,1.0,0.9655797101449275,0.9655797101449275
pair_c0d3928e,1014,1.0,1.0,0.9692753827369213,0.9692753827369213,1.0,0.9792605898375129,0.9792605898375129,0.9880952380952381,0.9804522400676247,0.9804522400676247,4544,1.0,0.99375,0.9870007152288731,0.9870007152288731,1.0,0.9920059419014085,0.9920059419014085,1.0,0.9932672205105634,0.9932672205105634
pair_c287c8cc,12938,1.0,0.9940476190476191,0.9910208209114532,0.9910208209114532,1.0,0.9934196239942877,0.9934196239942877,1.0,0.9953330536109944,0.9953330536109944,13792,1.0,1.0,0.9890964870939675,0.9890964870939675,0.9625,0.994754205336427,0.994754205336427,0.95,0.994567502900232,0.994567502900232
pair_c3b332ce,1439,1.0,1.0,0.9856795393626524,0.9856795393626524,0.9880952380952381,0.990498527416526,0.990498527416526,1.0,0.9906722591746914,0.9906722591746914,1294,1.0,1.0,0.985836645322735,0.985836645322735,1.0,0.9870418414661075,0.9870418414661075,1.0,0.9889094354898065,0.9889094354898065
pair_c4fe0db7,10264,1.0,1.0,0.9892762324629774,0.9892762324629774,0.8,0.9923299883086516,0.9923299883086516,1.0,0.9954903059236166,0.9954903059236166,53990,1.0,0.9583333333333334,0.9927869138023797,0.9927869138023797,1.0,0.9953466911861985,0.9953466911861985,1.0,0.9964360684077297,0.9964360684077297
pair_c5fb8da2,424,1.0,0.99375,0.9561468160377359,0.9561468160377359,1.0,0.9752358490566038,0.9752358490566038,1.0,0.9781692216981133,0.9781692216981133,601,1.0,0.8690476190476191,0.9622652721654386,0.9622652721654386,0.9761904761904762,0.9702579034941764,0.9702579034941764,0.875,0.9819744869661676,0.9819744869661676
pair_c7a11f6b,259843,1.0,1.0,0.9886630947295462,0.9886630947295462,0.9285714285714285,0.9921784271564715,0.9921784271564715,0.8511904761904762,0.9954031078840098,0.9954031078840098,5284,1.0,1.0,0.9887869038607116,0.9887869038607116,1.0,0.9924843868281605,0.9924843868281605,1.0,0.9941497918243754,0.9941497918243754
pair_c84a0169,224,1.0,0.9624999999999999,0.9613560267857143,0.9613560267857143,0.88125,0.9886160714285716,0.9886160714285716,0.96875,0.9840122767857142,0.9840122767857142,311,1.0,0.8511904761904762,0.9623143469606491,0.9623143469606491,0.9702380952380952,0.9809753483386925,0.9809753483386925,0.9583333333333333,0.9787168886847343,0.9787168886847343
pair_c8cf6c63,3092,1.0,0.8625,0.9842921248382922,0.9842921248382922,0.9562499999999999,0.9875000000000002,0.9875000000000002,1.0,0.989298997412678,0.989298997412678,308,1.0,1.0,0.9332995129870129,0.9332995129870129,0.9249999999999999,0.9705762987012987,0.9705762987012987,0.9,0.9643871753246753,0.9643871753246753
pair_c9acf82e,11566,1.0,0.8928571428571429,0.9902809342654579,0.9902809342654579,1.0,0.9931408150325667,0.9931408150325667,0.9880952380952381,0.995974963563153,0.995974963563153,15240,1.0,0.91875,0.9903498195538059,0.9903498195538059,1.0,0.9943987860892389,0.9943987860892389,0.9625,0.9945923556430446,0.9945923556430446
pair_cb3b726a,2215,1.0,0.9464285714285714,0.9828764914543695,0.9828764914543695,1.0,0.9844861872514242,0.9844861872514242,1.0,0.9908792862517466,0.9908792862517466,2222,1.0,0.9761904761904762,0.9824669966996701,0.9824669966996701,0.9880952380952381,0.9876853756804251,0.9876853756804251,1.0,0.9898043375766148,0.9898043375766148
pair_cc4ae138,87440,1.0,0.98125,0.9930873313129002,0.9930873313129002,0.875,0.9961028991308326,0.9961028991308326,0.9875,0.9969112391354069,0.9969112391354069,71043,1.0,0.9107142857142858,0.9903747931333337,0.9903747931333337,0.9345238095238094,0.9950394730756625,0.9950394730756625,1.0,0.9950749981734737,0.9950749981734737
pair_cc98e98a,2863,1.0,1.0,0.9824464015435025,0.9824464015435025,1.0,0.9879351496099661,0.9879351496099661,1.0,0.9918375663223724,0.9918375663223724,9231,1.0,1.0,0.9917462380900794,0.9917462380900794,0.875,0.9949471501307706,0.9949471501307706,0.9642857142857143,0.9957351264631082,0.9957351264631082
pair_ce95c511,12411,1.0,0.9583333333333334,0.9910913321899543,0.9910913321899543,0.9761904761904762,0.9947723026040648,0.9947723026040648,0.9047619047619048,0.9949291335259429,0.9949291335259429,9118,1.0,1.0,0.9899635989513156,0.9899635989513156,0.9880952380952381,0.9933412715821138,0.9933412715821138,0.9821428571428571,0.9956111145927992,0.9956111145927992
pair_cffa85ea,8800,1.0,0.98125,0.9894808238636366,0.9894808238636366,1.0,0.9939928977272726,0.9939928977272726,1.0,0.9944403409090908,0.9944403409090908,13241,1.0,0.9226190476190477,0.989431725412769,0.989431725412769,1.0,0.993312618454224,0.993312618454224,1.0,0.9945209864022642,0.9945209864022642
pair_d020f221,8682,1.0,0.9880952380952381,0.9908870021171334,0.9908870021171334,0.875,0.994679742433716,0.994679742433716,0.875,0.9950239137350403,0.9950239137350403,9502,1.0,0.9523809523809523,0.9922290795922662,0.9922290795922662,0.9761904761904762,0.9933773340950778,0.9933773340950778,0.875,0.994920868789528,0.994920868789528
pair_d0c1af2e,2177,1.0,0.8571428571428572,0.9803382767898156,0.9803382767898156,1.0,0.9878682984447799,0.9878682984447799,1.0,0.991682525100072,0.991682525100072,3896,1.0,0.99375,0.984780864989733,0.984780864989733,0.99375,0.9913067890143737,0.9913067890143737,1.0,0.9907790041067761,0.9907790041067761
pair_d2343074,21651,1.0,1.0,0.991972767121721,0.991972767121721,1.0,0.995054390977212,0.995054390977212,1.0,0.9957106347226895,0.9957106347226895,8904,1.0,0.95625,0.988610455974843,0.988610455974843,1.0,0.9946105682839175,0.9946105682839175,1.0,0.9950261118598382,0.9950261118598382
pair_d339e847,1345,1.0,0.9821428571428571,0.9713356346255976,0.9713356346255976,0.9642857142857143,0.9804611435652327,0.9804611435652327,1.0,0.98739599929191,0.98739599929191,4289,1.0,1.0,0.9844813420821814,0.9844813420821814,0.9880952380952381,0.9904267839101133,0.9904267839101133,1.0,0.9916647237118209,0.9916647237118209
pair_d43fae54,3394,1.0,1.0,0.9856451861828996,0.9856451861828996,1.0,0.9900770266857479,0.9900770266857479,1.0,0.9927603333613941,0.9927603333613941,3905,1.0,0.9166666666666667,0.9873391866349613,0.9873391866349613,1.0,0.9898009267727578,0.9898009267727578,0.9821428571428572,0.9931376135601487,0.9931376135601487
pair_d71a4f84,3903,1.0,0.9404761904761905,0.986789770994229,0.986789770994229,1.0,0.9895440625648159,0.9895440625648159,1.0,0.9907519246489268,0.9907519246489268,5197,1.0,1.0,0.9874057377424703,0.9874057377424703,1.0,0.990634477766477,0.990634477766477,1.0,0.9928724905394138,0.9928724905394138
pair_d72cfd93,9994,1.0,0.9702380952380952,0.9912727398343768,0.9912727398343768,0.8273809523809524,0.9940928843020098,0.9940928843020098,1.0,0.9960696656088892,0.9960696656088892,10540,1.0,0.9375,0.9883959914611006,0.9883959914611006,1.0,0.993617765654649,0.993617765654649,0.99375,0.9951298624288426,0.9951298624288426
pair_d746cf8d,29171,1.0,0.9583333333333333,0.990898086978098,0.990898086978098,1.0,0.9945608081085096,0.9945608081085096,0.9821428571428571,0.9962564745482712,0.9962564745482712,9846,1.0,0.9583333333333334,0.9888599914879621,0.9888599914879621,1.0,0.9941691332230638,0.9941691332230638,1.0,0.9946999264869467,0.9946999264869467
pair_d869cc1a,1762,1.0,1.0,0.9846258310361602,0.9846258310361602,0.9940476190476191,0.9933584671098861,0.9933584671098861,0.9821428571428571,0.9919125993189557,0.9919125993189557,2154,1.0,0.9642857142857143,0.9831818985718705,0.9831818985718705,1.0,0.9880150992616173,0.9880150992616173,0.9642857142857143,0.9931439846133441,0.9931439846133441
pair_d92632b4,4311,1.0,0.9821428571428572,0.9835153151958997,0.9835153151958997,0.9702380952380952,0.9893102915023584,0.9893102915023584,1.0,0.9935381250621333,0.9935381250621333,5522,1.0,1.0,0.9878041944775011,0.9878041944775011,1.0,0.9926376744105828,0.9926376744105828,1.0,0.993631534468188,0.993631534468188
pair_d96197fd,10713,1.0,1.0,0.9905849813088682,0.9905849813088682,0.9821428571428571,0.994219306316758,0.994219306316758,0.9642857142857143,0.99507107519569,0.99507107519569,14416,1.0,1.0,0.9905213824916759,0.9905213824916759,0.9125,0.9938939372918979,0.9938939372918979,0.975,0.9960911487236404,0.9960911487236404
pair_d9e524cd,209,1.0,0.7738095238095238,0.9117110959216221,0.9117110959216221,1.0,0.9672191843244474,0.9672191843244474,1.0,0.9568808384597859,0.9568808384597859,209,1.0,0.75,0.9072681704260652,0.9072681704260652,0.75,0.9557985873775348,0.9557985873775348,0.875,0.9602415128730918,0.9602415128730918
pair_db1d04db,2448,1.0,1.0,0.9846762663398692,0.9846762663398692,0.85625,0.9873110702614379,0.9873110702614379,0.875,0.990078635620915,0.990078635620915,3031,1.0,0.7142857142857143,0.9856109880441783,0.9856109880441783,1.0,0.9893579833781088,0.9893579833781088,1.0,0.992419600634711,0.992419600634711
pair_db881e0a,158,1.0,1.0,0.9778104279686558,0.9778104279686558,1.0,0.9879068716094033,0.9879068716094033,1.0,0.9742691380349607,0.9742691380349607,425,1.0,0.9404761904761905,0.9803781512605041,0.9803781512605041,1.0,0.9880532212885155,0.9880532212885155,1.0,0.9924649859943977,0.9924649859943977
pair_dd457978,3370,1.0,1.0,0.9863695775045923,0.9863695775045923,1.0,0.9920570156846122,0.9920570156846122,1.0,0.9928571428571429,0.9928571428571429,2550,1.0,0.9642857142857143,0.9842366946778712,0.9842366946778712,0.9702380952380952,0.9864775910364146,0.9864775910364146,1.0,0.9902707749766573,0.9902707749766573
pair_de1e8e19,8065,1.0,0.9940476190476191,0.9885675907064623,0.9885675907064623,0.9345238095238095,0.9915795766539721,0.9915795766539721,0.9821428571428571,0.9931774569716293,0.9931774569716293,10016,1.0,0.95,0.988972643769968,0.988972643769968,0.9125,0.9932295826677316,0.9932295826677316,1.0,0.9945387380191693,0.9945387380191693
pair_de483a80,6169,1.0,0.9285714285714286,0.9886963619943032,0.9886963619943032,1.0,0.9931898355062564,0.9931898355062564,1.0,0.9950443461547368,0.9950443461547368,3549,1.0,0.9523809523809523,0.985950099961089,0.985950099961089,1.0,0.9901380670611439,0.9901380670611439,1.0,0.9935092380147326,0.9935092380147326
pair_de5a08c0,1008,1.0,0.99375,0.9768415178571429,0.9768415178571429,1.0,0.9843377976190476,0.9843377976190476,1.0,0.9874255952380953,0.9874255952380953,171,1.0,0.9107142857142857,0.9560359231411865,0.9560359231411865,0.7261904761904762,0.9585073795600113,0.9585073795600113,1.0,0.9527290448343081,0.9527290448343081
pair_debcd118,931,1.0,1.0,0.9750780011252621,0.9750780011252621,0.8988095238095238,0.9904992072016776,0.9904992072016776,0.9226190476190477,0.990166743389085,0.990166743389085,10582,1.0,0.9821428571428572,0.9906743031743033,0.9906743031743033,1.0,0.994038619038619,0.994038619038619,0.9642857142857143,0.9966019341019342,0.9966019341019342
pair_df433d2d,4073,1.0,0.9345238095238095,0.9872300749418353,0.9872300749418353,0.9761904761904762,0.9894806682800792,0.9894806682800792,1.0,0.9951831456864602,0.9951831456864602,4383,1.0,1.0,0.9860092565431374,0.9860092565431374,1.0,0.9911929750225438,0.9911929750225438,1.0,0.9937488456482297,0.9937488456482297
pair_e21630bd,19327,1.0,1.0,0.9896915122441589,0.9896915122441589,1.0,0.9940731816087537,0.9940731816087537,1.0,0.9948646970559322,0.9948646970559322,45102,1.0,0.9404761904761905,0.9914974470565131,0.9914974470565131,1.0,0.9944106849870453,0.9944106849870453,0.9404761904761905,0.9963589145027885,0.9963589145027885
pair_e23940b8,2911,1.0,0.875,0.9853899821694394,0.9853899821694394,0.9345238095238095,0.9911358394268047,0.9911358394268047,1.0,0.9924547283702214,0.9924547283702214,321,1.0,0.9523809523809523,0.9834779706275033,0.9834779706275033,1.0,0.9761719329476339,0.9761719329476339,0.875,0.9912475893784304,0.9912475893784304
pair_e24e2569,22808,1.0,0.95625,0.9913081484566818,0.9913081484566818,0.89375,0.9938675574359873,0.9938675574359873,1.0,0.9957978012101018,0.9957978012101018,24846,1.0,0.9285714285714286,0.9919264574541077,0.9919264574541077,0.9821428571428571,0.9944618372987124,0.9944618372987124,0.9404761904761905,0.9961453026835785,0.9961453026835785
pair_e289753a,604,1.0,0.8625,0.9862686258278145,0.9862686258278145,1.0,0.9880691225165563,0.9880691225165563,1.0,0.991235513245033,0.991235513245033,354,1.0,0.9940476190476191,0.9549704062415928,0.9549704062415928,0.875,0.9646220069948883,0.9646220069948883,1.0,0.9881961259079902,0.9881961259079902
pair_e38bc8a1,4426,1.0,0.8809523809523809,0.98818534417834,0.98818534417834,0.9464285714285715,0.9916658597465196,0.9916658597465196,0.875,0.9939803757020206,0.9939803757020206,6120,1.0,0.90625,0.9881198937908497,0.9881198937908497,1.0,0.9924479166666667,0.9924479166666667,1.0,0.9947140522875816,0.9947140522875816
pair_e39b5195,11955,1.0,1.0,0.9910159128477822,0.9910159128477822,0.9404761904761905,0.9934904702156899,0.9934904702156899,0.9821428571428571,0.9954322757961405,0.9954322757961405,325,1.0,1.0,0.9811538461538462,0.9811538461538462,0.6904761904761905,0.9773809523809524,0.9773809523809524,0.875,0.9912271062271062,0.9912271062271062
pair_e45dd21b,13479,1.0,1.0,0.991268163174462,0.991268163174462,1.0,0.9936272119946725,0.9936272119946725,0.9047619047619048,0.9955601129093229,0.9955601129093229,14445,1.0,1.0,0.9908239792974995,0.9908239792974995,0.9761904761904762,0.9945338640821507,0.9945338640821507,1.0,0.9962101732350953,0.9962101732350953
pair_e4b3d3b7,5626,1.0,0.9880952380952381,0.99019433582178,0.99019433582178,1.0,0.9935651651346638,0.9935651651346638,0.875,0.9954896907216495,0.9954896907216495,3644,1.0,1.0,0.9864228869374314,0.9864228869374314,1.0,0.9911241081229418,0.9911241081229418,0.93125,0.9952061608122942,0.9952061608122942
pair_e5328112,3065,1.0,0.9940476190476191,0.9865882078769518,0.9865882078769518,0.9761904761904762,0.9912044589450789,0.9912044589450789,1.0,0.9924376602190631,0.9924376602190631,3416,1.0,0.99375,0.9846842066744731,0.9846842066744731,1.0,0.9929376463700235,0.9929376463700235,0.925,0.9923137441451991,0.9923137441451991
pair_e5e14291,416,1.0,0.9625,0.9639873798076923,0.9639873798076923,1.0,0.965655048076923,0.965655048076923,0.875,0.9802283653846153,0.9802283653846153,238,1.0,0.9880952380952381,0.9292466986794717,0.9292466986794717,1.0,0.9667617046818728,0.9667617046818728,1.0,0.9660614245698279,0.9660614245698279
pair_e653c233,29939,1.0,0.9642857142857143,0.9924220915862252,0.9924220915862252,0.75,0.9944466446854636,0.9944466446854636,1.0,0.9962839122087928,0.9962839122087928,9651,1.0,0.9702380952380952,0.9891011787576911,0.9891011787576911,1.0,0.9932082044298396,0.9932082044298396,1.0,0.9953526898273556,0.9953526898273556
pair_e662ae99,162,1.0,1.0,0.9465388007054675,0.9465388007054675,0.875,0.9259259259259259,0.9259259259259259,1.0,0.9757863021751911,0.9757863021751911,1365,1.0,0.9761904761904762,0.9775204953776382,0.9775204953776382,0.9226190476190477,0.9837214372928658,0.9837214372928658,0.9761904761904762,0.9881998953427524,0.9881998953427524
pair_e6f73d93,10173,1.0,0.9702380952380952,0.9894000458730626,0.9894000458730626,1.0,0.9928908455154399,0.9928908455154399,1.0,0.9958755201677643,0.9958755201677643,10848,1.0,1.0,0.9896432522123895,0.9896432522123895,0.98125,0.9941020234144542,0.9941020234144542,0.9875,0.9948896109882006,0.9948896109882006
pair_e7575bee,309,1.0,0.7261904761904762,0.9803706272152873,0.9803706272152873,1.0,0.9910425335182618,0.9910425335182618,1.0,0.9963977500385269,0.9963977500385269,356,1.0,0.625,0.9861832865168539,0.9861832865168539,1.0,0.989308286516854,0.989308286516854,0.65,0.9920294943820225,0.9920294943820225
pair_e83bd10d,7985,1.0,0.9940476190476191,0.990941348361511,0.990941348361511,1.0,0.9936368786713183,0.9936368786713183,1.0,0.9935824611622983,0.9935824611622983,10602,1.0,0.9702380952380952,0.9903134853262187,0.9903134853262187,1.0,0.9930505026005874,0.9930505026005874,0.9940476190476191,0.995734183128071,0.995734183128071
pair_e8903db6,15079,1.0,0.9821428571428571,0.9920348071584892,0.9920348071584892,0.9761904761904762,0.9945292096545494,0.9945292096545494,1.0,0.9966332079618772,0.9966332079618772,10078,1.0,0.9880952380952381,0.991992222568726,0.991992222568726,0.9464285714285714,0.9950056228087585,0.9950056228087585,1.0,0.9962636672053223,0.9962636672053223
pair_e8d98c67,130,1.0,0.9226190476190476,0.8936355311355311,0.8936355311355311,1.0,0.9465659340659339,0.9465659340659339,1.0,0.939514652014652,0.939514652014652,379,1.0,0.9464285714285714,0.976991456213092,0.976991456213092,1.0,0.9862734011810529,0.9862734011810529,1.0,0.9831480085437869,0.9831480085437869
pair_e970e4c4,5462,1.0,1.0,0.9870468692786525,0.9870468692786525,1.0,0.9922396732402226,0.9922396732402226,1.0,0.9946851406252726,0.9946851406252726,5968,1.0,1.0,0.9861071548257372,0.9861071548257372,1.0,0.9918052530160858,0.9918052530160858,0.875,0.9929582774798926,0.9929582774798926
pair_eabc1c29,7549,1.0,0.9166666666666666,0.9902021081316351,0.9902021081316351,0.9226190476190477,0.9927189977858941,0.9927189977858941,1.0,0.9932070788310026,0.9932070788310026,7770,1.0,1.0,0.9893056321627751,0.9893056321627751,0.9464285714285714,0.9914238217809647,0.9914238217809647,0.9880952380952381,0.9929260893546608,0.9929260893546608
pair_eb63c4a0,3595,1.0,1.0,0.9861778925756672,0.9861778925756672,0.9821428571428571,0.990125173852573,0.990125173852573,1.0,0.9951768329028412,0.9951768329028412,2607,1.0,0.9880952380952381,0.9812729464628199,0.9812729464628199,1.0,0.9891409574953879,0.9891409574953879,1.0,0.9931206276142985,0.9931206276142985
pair_ebc61bc9,9473,1.0,1.0,0.9895932298814173,0.9895932298814173,0.9166666666666667,0.9929580562299869,0.9929580562299869,0.9523809523809523,0.9950020861295008,0.9950020861295008,1161,1.0,0.8690476190476191,0.9709661211599196,0.9709661211599196,1.0,0.9868032484311555,0.9868032484311555,1.0,0.9856753209466389,0.9856753209466389
pair_ec20e9b4,1191,1.0,0.9464285714285714,0.9811432969493423,0.9811432969493423,1.0,0.9886100115948983,0.9886100115948983,1.0,0.9874655151733236,0.9874655151733236,7348,1.0,0.91875,0.9902711622210125,0.9902711622210125,0.9875,0.9933451279259663,0.9933451279259663,1.0,0.9961698761567773,0.9961698761567773
pair_ec7f806f,8694,1.0,0.9583333333333334,0.9871394612595442,0.9871394612595442,1.0,0.9934095216186313,0.9934095216186313,1.0,0.9950102424222507,0.9950102424222507,4284,1.0,0.98125,0.9842509920634921,0.9842509920634921,1.0,0.9915280695611578,0.9915280695611578,1.0,0.9909736811391221,0.9909736811391221
pair_ec8eb018,7156,1.0,0.94375,0.9887585592509781,0.9887585592509781,0.99375,0.9934871087199553,0.9934871087199553,1.0,0.9937106973169367,0.9937106973169367,20356,1.0,1.0,0.991140818431912,0.991140818431912,1.0,0.9943318309098054,0.9943318309098054,1.0,0.9964565115936334,0.9964565115936334
pair_edc1fe33,5499,1.0,0.9285714285714286,0.9868428458853991,0.9868428458853991,0.9702380952380952,0.99329207041973,0.99329207041973,1.0,0.9944059092995263,0.9944059092995263,3691,1.0,1.0,0.987076027918618,0.987076027918618,0.875,0.9924994516907277,0.9924994516907277,0.9880952380952381,0.9945846395995407,0.9945846395995407
pair_ee1554cd,21422,1.0,1.0,0.9917563608395464,0.9917563608395464,1.0,0.9955822563363876,0.9955822563363876,1.0,0.9961268677950128,0.9961268677950128,7283,1.0,0.9880952380952381,0.9881393721844086,0.9881393721844086,0.9166666666666667,0.9931534950929432,0.9931534950929432,1.0,0.9954427466441745,0.9954427466441745
pair_ee294964,5899,1.0,0.8452380952380952,0.9895815674973159,0.9895815674973159,0.9940476190476191,0.9919609053996238,0.9919609053996238,0.9523809523809524,0.9951575731157014,0.9951575731157014,7617,1.0,1.0,0.9898191388935778,0.9898191388935778,0.9821428571428572,0.9925417455941286,0.9925417455941286,1.0,0.9955511481210576,0.9955511481210576
pair_ee52321c,2027,1.0,0.9523809523809523,0.9722525665421572,0.9722525665421572,1.0,0.9841220898818334,0.9841220898818334,0.875,0.987193718138464,0.987193718138464,16382,1.0,0.9702380952380952,0.9890661062373918,0.9890661062373918,1.0,0.9923500531942724,0.9923500531942724,0.9285714285714286,0.9938986460168244,0.9938986460168244
pair_eeb3bb08,4347,1.0,0.8511904761904763,0.9863644330518038,0.9863644330518038,0.9166666666666666,0.9879336597763098,0.9879336597763098,1.0,0.9932821759943914,0.9932821759943914,10238,1.0,0.9285714285714286,0.9906737504534927,0.9906737504534927,0.9702380952380952,0.9938528497939516,0.9938528497939516,0.9880952380952381,0.9944429715625261,0.9944429715625261
pair_eed4f922,1429,1.0,0.7678571428571428,0.9714044120097303,0.9714044120097303,0.9523809523809523,0.9869747409110601,0.9869747409110601,0.9523809523809524,0.989040787763671,0.989040787763671,1766,1.0,0.875,0.9813575203580867,0.9813575203580867,1.0,0.9837337539772422,0.9837337539772422,0.9880952380952381,0.990353502669471,0.990353502669471
pair_f0d3d3dd,1524,1.0,1.0,0.9757997047244095,0.9757997047244095,1.0,0.9835014763779526,0.9835014763779526,0.925,0.9887098097112861,0.9887098097112861,1283,1.0,0.8214285714285714,0.9762461492781055,0.9762461492781055,1.0,0.9801386259881971,0.9801386259881971,1.0,0.9829083620977619,0.9829083620977619
pair_f1a813ba,3156,1.0,0.93125,0.9847453263624841,0.9847453263624841,1.0,0.986210788973384,0.986210788973384,0.99375,0.9878287389100127,0.9878287389100127,1346,1.0,0.9523809523809523,0.9847873770607798,0.9847873770607798,1.0,0.989112361140593,0.989112361140593,1.0,0.9885463100544826,0.9885463100544826
pair_f2ee8d3a,11691,1.0,0.8928571428571428,0.9899123664520123,0.9899123664520123,0.9940476190476191,0.9942889524298298,0.9942889524298298,1.0,0.9959014056396659,0.9959014056396659,18218,1.0,1.0,0.991567732593092,0.991567732593092,1.0,0.9949232574795205,0.9949232574795205,1.0,0.9957181934141534,0.9957181934141534
pair_f39ff433,9370,1.0,0.9940476190476191,0.9914735477969203,0.9914735477969203,0.9345238095238095,0.9934498399146211,0.9934498399146211,1.0,0.996690933577273,0.996690933577273,2683,1.0,1.0,0.9845211472587543,0.9845211472587543,1.0,0.9917203556786115,0.9917203556786115,0.9940476190476191,0.9936061267593134,0.9936061267593134
pair_f46b4569,3953,1.0,0.9821428571428572,0.9862702227361979,0.9862702227361979,0.9285714285714286,0.9918235698023201,0.9918235698023201,1.0,0.9919109055208221,0.9919109055208221,7149,1.0,0.9583333333333334,0.9891884645871217,0.9891884645871217,0.9821428571428571,0.9929202552471541,0.9929202552471541,1.0,0.9942507776645417,0.9942507776645417
pair_f4b1f0c5,15448,1.0,0.86875,0.990482991325738,0.990482991325738,1.0,0.9940922773174522,0.9940922773174522,1.0,0.995356194976696,0.995356194976696,9962,1.0,0.9761904761904762,0.9898405607976979,0.9898405607976979,0.9642857142857143,0.9951052093192226,0.9951052093192226,0.9702380952380952,0.9946457251842716,0.9946457251842716
pair_f508c4f1,660,1.0,0.98125,0.9789109848484848,0.9789109848484848,1.0,0.9823200757575757,0.9823200757575757,1.0,0.984715909090909,0.984715909090909,2937,1.0,1.0,0.984353973118018,0.984353973118018,1.0,0.9886181234495841,0.9886181234495841,1.0,0.9936483616258897,0.9936483616258897
pair_f54301fd,4155,1.0,1.0,0.9824565927454013,0.9824565927454013,1.0,0.9892871468683744,0.9892871468683744,0.9047619047619048,0.9930261876110251,0.9930261876110251,7262,1.0,0.9761904761904762,0.9861698535101179,0.9861698535101179,0.875,0.9910886414604398,0.9910886414604398,0.875,0.9942123709852986,0.9942123709852986
pair_f549052a,1578,1.0,0.8214285714285714,0.9806453316434306,0.9806453316434306,1.0,0.9896795219989135,0.9896795219989135,0.9642857142857143,0.985948910616211,0.985948910616211,4971,1.0,0.9940476190476191,0.9881754653178912,0.9881754653178912,1.0,0.9906756808537134,0.9906756808537134,1.0,0.9936081654548764,0.9936081654548764
pair_f5a9005d,6281,1.0,0.8869047619047619,0.987501042448503,0.987501042448503,0.9761904761904762,0.9918234130143061,0.9918234130143061,1.0,0.9953563657591679,0.9953563657591679,9204,1.0,1.0,0.9895480225988702,0.9895480225988702,1.0,0.9917046936114733,0.9917046936114733,0.99375,0.9941547153411558,0.9941547153411558
pair_f5d4e5bf,4664,1.0,0.95625,0.985437660806175,0.985437660806175,1.0,0.9917426029159521,0.9917426029159521,0.95,0.993642795883362,0.993642795883362,2424,1.0,0.85625,0.9827789810231022,0.9827789810231022,1.0,0.9904754537953795,0.9904754537953795,1.0,0.9913675742574257,0.9913675742574257
pair_f5e39d77,2354,1.0,0.9940476190476191,0.9852808795565803,0.9852808795565803,1.0,0.98985010316786,0.98985010316786,1.0,0.9887223368531779,0.9887223368531779,8093,1.0,0.9880952380952381,0.9925155778362252,0.9925155778362252,1.0,0.9961165734055887,0.9961165734055887,1.0,0.9961077474360559,0.9961077474360559
pair_f700873e,730,1.0,0.8869047619047619,0.9665280495759947,0.9665280495759947,1.0,0.9836187214611873,0.9836187214611873,0.9464285714285714,0.9844422700587083,0.9844422700587083,2021,1.0,0.875,0.9838452204236469,0.9838452204236469,1.0,0.9893970453099598,0.9893970453099598,0.9940476190476191,0.9930344478216817,0.9930344478216817
pair_f7ca2998,1393,1.0,0.9285714285714286,0.9815489009674223,0.9815489009674223,0.7678571428571428,0.9849032577855262,0.9849032577855262,1.0,0.9865868457935938,0.9865868457935938,2164,1.0,0.95,0.9839591035120148,0.9839591035120148,0.95625,0.9887707948243992,0.9887707948243992,1.0,0.9912719500924215,0.9912719500924215
pair_f8026f2d,1222,1.0,1.0,0.9798827059465358,0.9798827059465358,1.0,0.9847001402852466,0.9847001402852466,1.0,0.9926983477515392,0.9926983477515392,1056,1.0,0.975,0.9691879734848484,0.9691879734848484,0.9625,0.9859907670454547,0.9859907670454547,0.96875,0.9866714015151516,0.9866714015151516
pair_f827a253,7535,1.0,1.0,0.9889436597465795,0.9889436597465795,1.0,0.9927125793914116,0.9927125793914116,0.9345238095238095,0.9944038929440389,0.9944038929440389,7555,1.0,1.0,0.9884174781759163,0.9884174781759163,1.0,0.9941650121332452,0.9941650121332452,1.0,0.9941295578456398,0.9941295578456398
pair_f85a44af,10422,1.0,0.9940476190476191,0.9894928082536028,0.9894928082536028,1.0,0.9937626221089086,0.9937626221089086,1.0,0.995764454313677,0.995764454313677,9472,1.0,0.9,0.9906381967905404,0.9906381967905404,1.0,0.9934741870777027,0.9934741870777027,1.0,0.9940350506756757,0.9940350506756757
pair_f9baa4be,2899,1.0,1.0,0.9824549516253551,0.9824549516253551,1.0,0.990637165525058,0.990637165525058,0.8869047619047619,0.9914112419717801,0.9914112419717801,2767,1.0,0.9940476190476191,0.9822590221487945,0.9822590221487945,1.0,0.9891858984287607,0.9891858984287607,0.875,0.9893106682499527,0.9893106682499527
pair_fc9929da,222,1.0,0.8273809523809523,0.9755737880737881,0.9755737880737881,0.9940476190476191,0.9732410982410983,0.9732410982410983,1.0,0.9504236379236379,0.9504236379236379,460,1.0,1.0,0.9812228260869567,0.9812228260869567,0.9,0.9816304347826087,0.9816304347826087,0.9875,0.9841983695652173,0.9841983695652173
pair_fccad9e3,3303,1.0,0.9880952380952381,0.9853686403413923,0.9853686403413923,0.9880952380952381,0.9883421276473048,0.9883421276473048,1.0,0.99141112696971,0.99141112696971,2125,1.0,0.9404761904761905,0.9855966386554621,0.9855966386554621,0.8988095238095238,0.9883753501400562,0.9883753501400562,0.9880952380952381,0.9918487394957983,0.9918487394957983
pair_fd852ae5,12261,1.0,1.0,0.9886321709174658,0.9886321709174658,1.0,0.993152892834811,0.993152892834811,0.875,0.9953860673214724,0.9953860673214724,7819,1.0,1.0,0.988625844249965,0.988625844249965,1.0,0.9932848251207377,0.9932848251207377,0.875,0.9940818762599042,0.9940818762599042
pair_fe3e5ba4,2382,1.0,0.9821428571428572,0.9846117708208388,0.9846117708208388,1.0,0.9897095278077647,0.9897095278077647,1.0,0.9897195234096997,0.9897195234096997,9068,1.0,1.0,0.9913728220114688,0.9913728220114688,1.0,0.9940084638288488,0.9940084638288488,0.95,0.9960038045875605,0.9960038045875605
