source,n,human_median,ai_median,diff_median,metric
amc_aime,32,2158.0,2115.0,370.0,term nodes
aops_forum,17,4855.0,5522.0,337.0,term nodes
cn_contest,12,10663.0,8675.5,259.5,term nodes
cn_k12,29,3421.0,3549.0,633.0,term nodes
inequalities,5,10713.0,14416.0,3674.0,term nodes
math_test,38,3556.0,3667.5,448.5,term nodes
math_train,44,3328.0,4255.5,10.0,term nodes
number_theory,13,162.0,425.0,0.0,term nodes
olympiads,85,4561.0,5968.0,771.0,term nodes
olympiads_ref,27,4718.0,7136.0,-13.0,term nodes
secondary_math,9,7709.0,9962.0,-45.0,term nodes
unknown,1,21422.0,7283.0,-14139.0,term nodes
amc_aime,32,3959.0,3903.0,683.5,term edges
aops_forum,17,9154.0,10482.0,698.0,term edges
cn_contest,12,20742.0,16773.5,512.5,term edges
cn_k12,29,6352.0,6661.0,1179.0,term edges
inequalities,5,20984.0,28398.0,7312.0,term edges
math_test,38,6602.5,6891.5,871.0,term edges
math_train,44,6118.5,8008.5,19.5,term edges
number_theory,13,270.0,746.0,0.0,term edges
olympiads,85,8686.0,11316.0,1516.0,term edges
olympiads_ref,27,8861.0,13718.0,-16.0,term edges
secondary_math,9,14818.0,19342.0,-86.0,term edges
unknown,1,42199.0,13889.0,-28310.0,term edges
amc_aime,32,1.8148557100561007,1.830238726790451,0.011572298037964224,sharing ratio
aops_forum,17,1.8916818256986936,1.922686230248307,0.005387823996679142,sharing ratio
cn_contest,12,1.9304093385244179,1.9194433807500246,0.0030247760151581593,sharing ratio
cn_k12,29,1.8576317590691307,1.871518987341772,0.0292718058148842,sharing ratio
inequalities,5,1.949332674246169,1.9612607255118517,0.011928051265682749,sharing ratio
math_test,38,1.8594914845128792,1.8817141291659405,0.014507239634308444,sharing ratio
math_train,44,1.8594526149834967,1.8794547763912528,0.006511220535894702,sharing ratio
number_theory,13,1.6666666666666667,1.6666666666666667,0.0,sharing ratio
olympiads,85,1.8863236157307768,1.9117991631799165,0.011394052744300609,sharing ratio
olympiads_ref,27,1.8991379310344827,1.92449105490438,0.003875250512722639,sharing ratio
secondary_math,9,1.942762339278308,1.946058091286307,0.001174754890937102,sharing ratio
unknown,1,1.9698907665017271,1.907043800631608,-0.06284696587011918,sharing ratio
amc_aime,32,60.5,55.5,0.0,DAG depth
aops_forum,17,79.0,87.0,-3.0,DAG depth
cn_contest,12,80.0,82.0,0.5,DAG depth
cn_k12,29,61.0,63.0,5.0,DAG depth
inequalities,5,97.0,110.0,5.0,DAG depth
math_test,38,61.5,63.5,3.0,DAG depth
math_train,44,61.5,66.0,1.5,DAG depth
number_theory,13,26.0,32.0,0.0,DAG depth
olympiads,85,71.0,71.0,1.0,DAG depth
olympiads_ref,27,65.0,73.0,-1.0,DAG depth
secondary_math,9,78.0,86.0,0.0,DAG depth
unknown,1,115.0,70.0,-45.0,DAG depth
amc_aime,32,143.5,136.5,-6.5,maximum reuse
aops_forum,17,248.0,248.0,0.0,maximum reuse
cn_contest,12,442.0,432.0,0.5,maximum reuse
cn_k12,29,178.0,195.0,16.0,maximum reuse
inequalities,5,348.0,428.0,80.0,maximum reuse
math_test,38,192.0,181.0,4.5,maximum reuse
math_train,44,188.0,205.5,-0.5,maximum reuse
number_theory,13,27.0,31.0,0.0,maximum reuse
olympiads,85,227.0,249.0,16.0,maximum reuse
olympiads_ref,27,220.0,258.0,0.0,maximum reuse
secondary_math,9,278.0,504.0,-6.0,maximum reuse
unknown,1,1377.0,266.0,-1111.0,maximum reuse
amc_aime,32,0.41476988233043877,0.414665129271341,0.005373754926295743,reuse Gini
aops_forum,17,0.4366299404844179,0.4455364378574117,0.0020495994714412324,reuse Gini
cn_contest,12,0.4516744671260242,0.45499257334204135,0.0010802116143570906,reuse Gini
cn_k12,29,0.4285413303908959,0.4339205281668415,0.009441339326493714,reuse Gini
inequalities,5,0.4570522174934835,0.4606270364211417,0.00412288335911748,reuse Gini
math_test,38,0.42792086295743315,0.4332573672553064,0.005271897210112314,reuse Gini
math_train,44,0.4264194026007767,0.43350600678470586,0.0008148400582238535,reuse Gini
number_theory,13,0.3556610664718773,0.3622646804676479,0.0,reuse Gini
olympiads,85,0.4374358253446765,0.446993693950566,0.005459016801042049,reuse Gini
olympiads_ref,27,0.4407550744978547,0.4499294478513703,0.0015238599220456228,reuse Gini
secondary_math,9,0.4546598775502686,0.458672082234277,0.0003008723571543137,reuse Gini
unknown,1,0.4735095918605146,0.4579281800456567,-0.015581411814857893,reuse Gini
amc_aime,32,163.0,154.0,0.5,distinct constants
aops_forum,17,197.0,196.0,2.0,distinct constants
cn_contest,12,274.0,242.5,-6.0,distinct constants
cn_k12,29,204.0,207.0,-1.0,distinct constants
inequalities,5,199.0,199.0,-4.0,distinct constants
math_test,38,208.5,194.5,-4.0,distinct constants
math_train,44,211.0,199.0,0.0,distinct constants
number_theory,13,33.0,38.0,-2.0,distinct constants
olympiads,85,212.0,207.0,-2.0,distinct constants
olympiads_ref,27,223.0,219.0,-8.0,distinct constants
secondary_math,9,191.0,191.0,0.0,distinct constants
unknown,1,244.0,282.0,38.0,distinct constants
amc_aime,32,0.0811875020272191,0.06738921745069465,-0.0052897870868337995,constant-node share
aops_forum,17,0.0392756349952963,0.0313771826178285,-0.0031582535054544003,constant-node share
cn_contest,12,0.0304765090748432,0.03376761904607895,-0.002556031205649,constant-node share
cn_k12,29,0.0646817248459959,0.0594298245614035,-0.011474393171512387,constant-node share
inequalities,5,0.0229856648541769,0.0163112734686942,-0.006462250428103399,constant-node share
math_test,38,0.05905811878551525,0.052125651292365446,-0.0093322841735007,constant-node share
math_train,44,0.06074566414790525,0.055095825886541,-0.002897769998619397,constant-node share
number_theory,13,0.1351351351351351,0.1351351351351351,0.0,constant-node share
olympiads,85,0.0471586424625098,0.0387330316742081,-0.006015463220042599,constant-node share
olympiads_ref,27,0.0456896551724137,0.0347533632286995,-0.0009814102328622003,constant-node share
secondary_math,9,0.0245748652011613,0.0234530037885621,-0.0004308837734441004,constant-node share
unknown,1,0.011390159648959,0.0387203075655636,0.027330147916604597,constant-node share
amc_aime,32,2.1781874696269083,2.125488065417426,-0.05328181831634016,alpha (xmin=2)
aops_forum,17,2.040143956060683,2.0226736983031604,-0.002970262239947008,alpha (xmin=2)
cn_contest,12,2.064486514157682,2.01618394232855,-0.014461218452173963,alpha (xmin=2)
cn_k12,29,2.1073617260685937,2.0556570820168902,-0.03667670785523125,alpha (xmin=2)
inequalities,5,2.032107869056353,2.033365048097348,0.006268636011997231,alpha (xmin=2)
math_test,37,2.1225012526224374,2.047470757077259,-0.04650579842508451,alpha (xmin=2)
math_train,44,2.1177218156250257,2.081466649981825,-0.017039315924587406,alpha (xmin=2)
number_theory,10,2.276338907378703,2.3582335807749355,-0.0026382872212318276,alpha (xmin=2)
olympiads,85,2.0958628728094366,2.050053435082767,-0.021586077231143364,alpha (xmin=2)
olympiads_ref,26,2.06266289744202,2.032942683730541,-0.032005031364999326,alpha (xmin=2)
secondary_math,9,2.056650187567234,2.054852972201227,0.006895356050111712,alpha (xmin=2)
unknown,1,2.192412682518136,2.018207783876836,-0.17420489864129962,alpha (xmin=2)
amc_aime,26,2.400294375660428,2.407702633184749,0.004638575861952932,alpha (xmin=5)
aops_forum,16,2.370623264288964,2.333402787201111,-0.007024636752348323,alpha (xmin=5)
cn_contest,11,2.223731420716664,2.227406498312692,-0.01965604554400535,alpha (xmin=5)
cn_k12,27,2.347741441280009,2.3178278038295685,-0.03272382299520471,alpha (xmin=5)
inequalities,5,2.2816114628055124,2.287930912684799,-0.002167028321276465,alpha (xmin=5)
math_test,33,2.3480435351118243,2.32810237349036,-0.0019637812247053077,alpha (xmin=5)
math_train,39,2.381226558397561,2.3026556681134025,-0.05588182142795839,alpha (xmin=5)
number_theory,5,2.3963433165987453,2.406841786219953,-0.10764166489764238,alpha (xmin=5)
olympiads,78,2.2873832284632165,2.2558990013072693,-0.030002279143118482,alpha (xmin=5)
olympiads_ref,23,2.298218994874371,2.2952069013848977,-0.015723577232114927,alpha (xmin=5)
secondary_math,9,2.310749294816904,2.2717649992198785,-0.030465393694479648,alpha (xmin=5)
unknown,1,1.897301563986599,1.9119088132275104,0.01460724924091128,alpha (xmin=5)
amc_aime,20,2.524407992245461,2.6417667128888436,0.10077497180401829,alpha (xmin=10)
aops_forum,14,2.5308661983465237,2.5126032847790025,0.006185874792522084,alpha (xmin=10)
cn_contest,11,2.4445606551422885,2.412142012572304,0.001435185918122528,alpha (xmin=10)
cn_k12,24,2.5768034713279535,2.544379878051414,0.021810240405294667,alpha (xmin=10)
inequalities,5,2.4707778411989896,2.4536030992691167,-0.06096911786675019,alpha (xmin=10)
math_test,29,2.602752622063849,2.57666719287728,-0.026085429186569087,alpha (xmin=10)
math_train,36,2.609300187494508,2.6226143042623447,-0.044638855775804176,alpha (xmin=10)
number_theory,2,2.696747660437408,2.7076220474188464,0.010874386981438722,alpha (xmin=10)
olympiads,72,2.4794678781968686,2.4594134287946976,-0.016330176335703106,alpha (xmin=10)
olympiads_ref,22,2.4503073365497183,2.486845082147422,0.020408655302840417,alpha (xmin=10)
secondary_math,9,2.46497875023041,2.4637355587130374,0.04971418086806434,alpha (xmin=10)
unknown,1,1.8392499348418112,2.06808440618752,0.22883447134570867,alpha (xmin=10)
