in_alpha_powerlaw,in_alpha_xmin10,in_fit_status,in_lr_power_vs_exponential,in_lr_power_vs_lognormal,in_lr_power_vs_stretched_exponential,in_n_tail,in_p_power_vs_exponential,in_p_power_vs_lognormal,in_p_power_vs_stretched_exponential,in_xmin,name,out_alpha_powerlaw,out_alpha_xmin10,out_fit_status,out_lr_power_vs_exponential,out_lr_power_vs_lognormal,out_lr_power_vs_stretched_exponential,out_n_tail,out_p_power_vs_exponential,out_p_power_vs_lognormal,out_p_power_vs_stretched_exponential,out_xmin
2.999999999999999,3.771856573441515,,-41.983111464675396,-12.862644140942635,-7.744776753306541,583,0.0,7.303489412672528e-38,9.574992718771216e-15,10,Alt_PI_eq,1.9157929662187674,1.9157929662187678,,5.7561427586098555,-0.9152799817447635,0.907415484145925,337,8.605761688052874e-09,0.36004466542294755,0.3641871242117678,10
2.999999999999999,4.279511350657044,,-13.090802147699037,-7.440653769628176,-7.657773912485399,489,3.716619055007802e-39,1.0018821887074648e-13,1.8918354713979943e-14,10,Bertrand,2.093177811727227,2.093177811727227,,6.604745511210658,-0.13601199571781863,2.2109598660299694,607,3.982007881004478e-11,0.8918117978807802,0.02703861640502501,10
,,insufficient tail variation,,,,0,,,,10,CSB,2.223427206881621,2.223427206881621,,1.5753318662476665,-0.611725645707613,-0.6544185794895386,40,0.11517986218832676,0.5407192911877967,0.5128421675501773,10
2.999999999999999,3.8305091116815433,,-23.025715235905444,-9.366863582571568,-7.548505663561693,535,2.57640365153428e-117,7.471986539619406e-21,4.402805678821436e-14,10,Cardan_Tartaglia,1.8938973677375293,1.8938973677375297,,5.48373573534736,-0.6082826300374834,0.7419359571638773,291,4.164367145900075e-08,0.5430000393917318,0.4581261387867981,10
2.999999999999999,3.807534230589449,,-8.44473920386629,-6.348876557834895,-7.364525614590165,312,3.0472498213717164e-17,2.168929788847557e-10,1.777779174607549e-13,10,Cauchy_Schwarz_inequality,2.127476440817648,2.1274764408176474,,4.308551010359227,-0.80685913280607,-0.18939917824039496,447,1.643275792297676e-05,0.41974764607547754,0.84977996848215,10
2.999999999999999,11.001402770844047,,-3.9726014293057696,-4.874200050912412,-4.016392169598228,18,7.109194838666761e-05,1.0925023868442889e-06,5.9095884685003866e-05,10,Cayley_Hamilton,2.0913152635768792,2.0913152635768792,,4.480999300205673,-1.905826513896963,-1.9770249615753452,464,7.4294355061230385e-06,0.056672717766221896,0.04803880872794382,10
2.999999999999999,3.709944420303282,,-9.901389033501513,-6.604952289672638,-7.420359570290329,554,4.105329684649131e-23,3.976453855635407e-11,1.1680279352178788e-13,10,Ceva,2.105992387501489,2.105992387501489,,4.754561333505677,-1.2602067668486927,-0.9701756710319226,529,1.9887776040478967e-06,0.20759478240452522,0.3319589354298008,10
2.999999999999999,3.7359382724165577,,-25.838752129704336,-10.503218633994507,-9.219152193125268,867,3.255330734578103e-147,8.348405251474338e-26,2.9945850066884355e-20,10,Desargues,1.9945296213239265,1.9945296213239265,,6.689377613937541,-0.7034219167839391,1.810093217810602,499,2.2412172886536185e-11,0.48179285205535505,0.07028133256249396,10
,,insufficient tail variation,,,,8,,,,10,Euler_Poincare_criterion,2.2161957480173387,2.2161957480173387,,4.739653004069769,0.3993228673064194,1.3989967610879057,747,2.140845251242419e-06,0.6896553197934907,0.16181395433389623,10
2.999999999999999,13.938789984206627,,-6.6841297319099535,-12.873961246463349,-12.874071220658218,11,2.3230095031035106e-11,6.308204923964465e-38,6.299226846753556e-38,10,Euler_exp_totient,2.2432067746698507,2.2432067746698503,,4.053419088733693,0.334429863096669,1.5032161509124344,630,5.0474462322901694e-05,0.73805520788058,0.13278331399669846,10
2.999999999999999,8.958141879894072,,-4.234975306025193,-7.617655650391231,-5.677771125221447,73,2.2857682296037575e-05,2.5832432211708538e-14,1.364611304571181e-08,10,FTA,2.28651112559979,2.28651112559979,,6.121218963790656,-0.23402526890717731,1.967503484649311,732,9.286218888321889e-10,0.8149653615488306,0.04912519458176831,10
2.999999999999999,11.131119839954494,,-20.85924958400775,-20.73591420704311,-20.822865864234878,297,1.2562715856622767e-96,1.6430330722454814e-95,2.6862906552634957e-96,10,FTC1,2.2373856343145664,2.237385634314566,,4.979421499659075,-0.05364494725853848,1.3647912484609006,645,6.377461362868047e-07,0.9572180453123031,0.17231867020473635,10
2.999999999999999,5.823954722346796,,-3.5861306726840136,-3.38844759862742,-3.4536602819820694,32,0.0003356208286839918,0.000702894581167686,0.0005530335558090284,10,Goedel_sIncompleteness1st,1.9848281008878867,1.9848281008878867,,6.278136881485303,0.014845619592345899,1.8133279897295322,596,3.426541902770084e-10,0.988155344412033,0.06978124876130334,10
2.999999999999999,4.0751095225856755,,-10.018605021296326,-5.656390479914804,-6.116362318044642,281,1.2627255108357399e-23,1.5458954476629696e-08,9.573552502601382e-10,10,IVT_cor,2.087706492391594,2.087706492391594,,4.668879572292884,-0.6240305011640354,1.5858500532706936,347,3.028468282229679e-06,0.5326075541704569,0.11277332823412295,10
2.999999999999999,8.746322221409487,,-4.405284031091386,-4.740581527926943,-5.178712203735934,15,1.0564536063819874e-05,2.131056783569878e-06,2.2342283284974364e-07,10,Lagrange,2.2310273867914416,2.2310273867914416,,3.897240178949545,-1.0519974162981576,-0.8518652782895492,403,9.729511598262945e-05,0.2928007350317027,0.39428887017104475,10
2.999999999999999,13.170845412046518,,-13.841840497149244,-14.156306247157934,-14.07534215213749,116,1.4251038062958914e-43,1.7073545563904527e-45,5.3843661437850254e-45,10,Law_of_the_Mean,2.198870529909869,2.198870529909869,,4.671807236457312,-1.0056827855146075,2.3569508990051578,322,2.985610905946127e-06,0.31456818657935814,0.018425683014957357,10
2.999999999999999,5.594242897366208,,-20.178160064125795,-12.47455398916535,-12.745620586373871,117,1.5231084023426856e-90,1.0278007960177288e-35,3.2975625020607978e-37,10,Liouville_theorem,2.3078705940846245,2.3078705940846245,,4.974112405320439,-0.6700291988928759,-0.06096041737401195,450,6.55472690133355e-07,0.5028391768295686,0.9513907327569784,10
2.999999999999999,5.241074482207468,,-24.764179693241424,-8.387452998918429,-9.465467166188354,61,2.1812017731928064e-135,4.96787694478112e-17,2.9225172801804e-21,10,Pigeonhole,2.3656478576031326,2.3656478576031326,,2.9447896604488326,-0.07500251500158739,0.6563688233952941,256,0.0032317428296344346,0.9402127108493232,0.5115868450025375,10
2.999999999999999,4.017377956954746,,-3.5821217233745823,-3.902905035415796,-4.204062211436734,181,0.0003408149150788484,9.504500100996424e-05,2.621668293159015e-05,10,Q_countable,2.2205182731868334,2.220518273186834,,3.9103654122819798,-0.29380722012399046,0.5500067861009301,432,9.215659861445999e-05,0.7689052176097275,0.5823147190821518,10
,,insufficient tail variation,,,,0,,,,10,Quadratic_reciprocity,2.07102140365381,2.07102140365381,,5.04775280295394,-1.002501900276496,2.9687181475174063,274,4.4703703360806457e-07,0.3161012492331364,0.002990447533649868,10
,,insufficient tail variation,,,,0,,,,10,Strict_Rel_is_Strict_Included,,,insufficient tail variation,,,,8,,,,10
,,insufficient tail variation,,,,8,,,,10,Sylow_s_theorem,2.156724756619698,2.1567247566196985,,4.516822086586023,-0.7169735068715803,-0.042245745380631694,526,6.27746048100225e-06,0.47339044389883334,0.9663027955495157,10
2.999999999999999,11.005952596925594,,-12.353856619772419,-15.48480211549176,-13.301913980132003,189,4.643106373579902e-35,4.3941251930082995e-54,2.2561792229654284e-40,10,Taylor,2.2015420391454543,2.201542039145454,,4.727693554020044,-0.17132976331342875,1.3294183480636335,615,2.2708456072696714e-06,0.8639644787135576,0.18370998778473469,10
2.999999999999999,9.309452858680217,,-3.9949978458198068,-3.9912863045995155,-4.118238622926853,13,6.469484118584056e-05,6.571588750209657e-05,3.8177926366955175e-05,10,Wilson,2.087044446759683,2.087044446759683,,4.77938021669184,-0.3111633325323492,0.6385540144017279,434,1.758363928073229e-06,0.755676456678717,0.5231131048821136,10
2.999999999999999,6.111337672908055,,-8.447042524793245,-6.864860429152885,-7.360855216410953,31,2.987749215672077e-17,6.655629287981537e-12,1.827356808300355e-13,10,Zgcd_is_gcd,2.2626914856946887,2.2626914856946887,,3.868536333094672,-1.0040428773069303,1.843267057256453,318,0.00010949062318984173,0.31535794692681984,0.06529002843987523,10
2.999999999999999,4.424684030196273,,-5.181670234692855,-4.9889196239139295,-5.707537395012748,261,2.1990775413158084e-07,6.071790120105148e-07,1.1462244328841332e-08,10,Zis_gcd_bezout,2.232535443047275,2.232535443047275,,3.621848326086733,-0.20162066536493137,1.0090201691563623,489,0.00029250561228681265,0.8402132883727792,0.31296496143765795,10
,,insufficient tail variation,,,,1,,,,10,bertrand_ballot,2.214694886185363,2.214694886185363,,5.691112569678249,-0.9973797495426397,2.5925764124514887,686,1.2621426068152974e-08,0.31858021696560856,0.009526001710016292,10
2.999999999999999,4.308316573444545,,-7.399540095213802,-6.522630117921441,-7.371997873905362,429,1.3665695698681396e-13,6.908508444214269e-11,1.6808969877905983e-13,10,binomial,2.105673921846604,2.1056739218466034,,4.8887579528512415,-0.7507759108417424,0.045982949601656845,537,1.0147416918798503e-06,0.4527875291493578,0.9633238397802419,10
2.999999999999999,5.671837802128562,,-12.522953509038473,-4.700088754173537,-4.78727134227812,25,5.591505049230628e-36,2.600484446496721e-06,1.6906418662848434e-06,10,birthday_paradox,2.1045880499348373,2.1045880499348373,,4.649438491621471,-0.16429061191031016,0.919942734941137,304,3.3283992173120382e-06,0.8695023718877843,0.3576026851678694,10
,,insufficient tail variation,,,,1,,,,10,card_powerset,2.126826040814392,2.126826040814392,,6.558069146751979,-0.5433477374894277,0.47096603996316677,565,5.450893473160298e-11,0.5868904020073153,0.6376649864547007,10
2.999999999999999,5.523073876489543,,-29.257991405676684,-11.511374560191824,-12.81512938447938,115,3.553233538958373e-188,1.1562066375509665e-30,1.3491313927439415e-37,10,div3,2.2164649990635565,2.2164649990635574,,4.120816669049213,-1.0017299901311243,1.8229473387131954,397,3.775317609105623e-05,0.3164740181175939,0.06831136717684672,10
,,insufficient tail variation,,,,3,,,,10,divisors_correct,2.1263842918831877,2.1263842918831877,,4.877079789157981,-0.3914253479257991,1.3279768706249475,304,1.076678918726026e-06,0.6954828590017028,0.1841857479680773,10
2.999999999999999,11.140929932437194,,-5.618755723949269,-5.486301905983891,-5.570323641592919,23,1.9233755951735097e-08,4.104352033527719e-08,2.5426657451683098e-08,10,edivpP,2.157242258272956,2.157242258272956,,4.229965987688427,-1.665247849608308,-1.715983403411234,456,2.3372664758481472e-05,0.0958633181895947,0.0861650800954103,10
2.999999999999999,4.685911521139867,,1.2830095233026702,-10.197785492282502,-8.382643967597128,1424,0.19948873965250935,2.028447749321703e-24,5.175183503271595e-17,10,euclid_book,2.1379408178298758,2.1379408178298753,,6.984698736832005,-0.9902012971889032,4.931697209976247,2763,2.8546788153379883e-12,0.3220757386442149,8.151821032373988e-07,10
,,insufficient tail variation,,,,5,,,,10,four_color,1.971882799970191,1.971882799970191,,3.475376514766317,-1.2685455276867539,-1.307300674881638,245,0.0005101367963869074,0.2046032029736935,0.19111061511133975,10
2.999999999999999,11.47092673847451,,-17.598939984063854,-18.709607880836472,-18.86604226390083,139,2.509777418291999e-69,4.1340542017713897e-78,2.1695113268124547e-79,10,fun_power_series_conv_IR,2.164467711082076,2.164467711082076,,5.672802471365447,-0.5005894951932722,0.5346268507412753,548,1.4048017914184325e-08,0.6166600570064658,0.5929079127233257,10
2.999999999999999,3.7848461245829834,,-11.504165369974627,-7.992075456372589,-8.99246660688407,860,1.2569944941433833e-30,1.3268578155774115e-15,2.417429704795583e-19,10,herron_qin,2.0464368049922683,2.0464368049922683,,5.267888506479657,-1.2827885972929658,-0.881957077871593,629,1.3800187671910016e-07,0.19956615008025802,0.3778000188912125,10
2.999999999999999,4.3107739260416515,,-4.144533074582338,-4.361886733140367,-4.831386245976815,205,3.405068098896534e-05,1.2894562441773376e-05,1.3558567787052506e-06,10,inclusion_exclusion,2.1481220010479642,2.1481220010479642,,4.756381978394948,-0.27185347609798427,0.7796908027538195,406,1.970933776934961e-06,0.7857346850577185,0.4355728937262372,10
,,insufficient tail variation,,,,0,,,,10,is_hexamy,,,insufficient tail variation,,,,4,,,,10
2.999999999999999,4.761370743885984,,-14.268107375967794,-9.062362538407687,-12.064916602149522,158,3.4583752380523266e-46,1.2765510688953946e-19,1.618262239306512e-33,10,isosceles_conga,2.1154092847296577,2.1154092847296577,,4.584901970490168,-1.2410831915882539,-1.0351820723636709,430,4.54199483361559e-06,0.21457501815752011,0.3005838895300258,10
2.999999999999999,6.218154469983854,,-44.637270927992326,-50.371523204471124,-54.91971257935591,1220,0.0,0.0,0.0,10,konigsberg_bridges,1.8330310319706846,1.8330310319706846,,5.165330529160857,-2.6498223153167637,-2.7100712920354155,1108,2.4001440750341777e-07,0.008053411328757426,0.006726874747486698,10
2.999999999999999,13.35060394331295,,-7.548386280713474,-7.369992310073424,-7.509154899365215,31,4.406842517770239e-14,1.7063787937437625e-13,5.951027709568792e-14,10,mul_adj_mx,2.0929130602170924,2.0929130602170924,,2.7262003932967325,-2.9375917173673316,-3.0316780868315027,475,0.006406808783345946,0.0033077231534741135,0.0024319841342565433,10
,,insufficient tail variation,,,,0,,,,10,nat_ind,,,insufficient tail variation,,,,0,,,,10
,,insufficient tail variation,,,,1,,,,10,postulate_of_existence_of_a_triangle_whose_angles_sum_to_two_rights,2.8296674124071846,2.8296674124071846,,1.2714215057440612,-0.18312083750713956,-0.03841093630431868,23,0.20357873584553032,0.8547032062540924,0.9693600415079353,10
2.999999999999999,4.102618861504079,,-23.5245976690526,-9.416937880361976,-10.676674341935287,186,2.2850702458034428e-122,4.64434784528675e-21,1.3087652420955348e-26,10,pytha_thm3,2.1896459909417647,2.1896459909417647,,4.820226467693712,-1.0024416982553768,2.53352909525794,350,1.4339534514615501e-06,0.3161303114725925,0.01129203654984341,10
2.999999999999999,3.7390933611582597,,-18.215746557300953,-9.916027098283012,-7.571707827097895,655,3.871013765945981e-74,3.545903929320767e-23,3.683491853731304e-14,10,pythagoras,1.937720674846117,1.937720674846117,,8.189548919795355,-0.5198920264454948,0.6864422041966952,508,2.622070358959035e-16,0.6031388331571375,0.4924342983611314,10
2.999999999999999,9.41625786587532,,-20.721869853479408,-18.527304569581773,-18.84131863287234,322,2.199746804213219e-95,1.2436250284767958e-76,3.4623150403531614e-79,10,reals_not_countable,2.3105091144023078,2.310509114402308,,5.689175553129543,-0.5299477624951335,0.43910781775938623,594,1.2765418191315917e-08,0.5961481494046668,0.6605834147060186,10
,,insufficient tail variation,,,,0,,,,10,sum_of_two_squares,,,insufficient tail variation,,,,7,,,,10
2.999999999999999,4.353833255034589,,-5.257114769805761,-5.032881596113411,-5.777768752343797,280,1.4633299705166626e-07,4.831615679509422e-07,7.569774916713752e-09,10,triangle,2.1428222406160446,2.1428222406160446,,4.333974308144381,-0.7296267172346399,-0.164692201442552,426,1.4644127268935417e-05,0.4656183865767659,0.8691862555092507,10
