group,name,mode,alpha10
coq2022,Alt_PI_eq,orig,1.9157929662187676
coq2022,Bertrand,orig,2.0931778117272275
coq2022,CSB,orig,2.223427206881621
coq2022,Cardan_Tartaglia,orig,1.8938973677375297
coq2022,Cauchy_Schwarz_inequality,orig,2.127476440817648
coq2022,Cayley_Hamilton,orig,2.0913152635768792
coq2022,Ceva,orig,2.105992387501489
coq2022,Desargues,orig,1.9945296213239265
coq2022,Euler_Poincare_criterion,orig,2.2161957480173387
coq2022,Euler_exp_totient,orig,2.2432067746698503
coq2022,FTA,orig,2.28651112559979
coq2022,FTC1,orig,2.237385634314566
coq2022,Goedel_sIncompleteness1st,orig,1.9848281008878867
coq2022,IVT_cor,orig,2.087706492391594
coq2022,Lagrange,orig,2.2310273867914416
coq2022,Law_of_the_Mean,orig,2.198870529909869
coq2022,Liouville_theorem,orig,2.3078705940846245
coq2022,Pigeonhole,orig,2.365647857603132
coq2022,Q_countable,orig,2.220518273186834
coq2022,Quadratic_reciprocity,orig,2.07102140365381
coq2022,Strict_Rel_is_Strict_Included,orig,
coq2022,Sylow_s_theorem,orig,2.1567247566196985
coq2022,Taylor,orig,2.201542039145454
coq2022,Wilson,orig,2.087044446759683
coq2022,Zgcd_is_gcd,orig,2.2626914856946883
coq2022,Zis_gcd_bezout,orig,2.232535443047275
coq2022,bertrand_ballot,orig,2.214694886185363
coq2022,binomial,orig,2.105673921846604
coq2022,birthday_paradox,orig,2.1045880499348373
coq2022,card_powerset,orig,2.126826040814392
coq2022,div3,orig,2.216464999063557
coq2022,divisors_correct,orig,2.1263842918831877
coq2022,edivpP,orig,2.157242258272956
coq2022,euclid_book,orig,2.1379408178298753
coq2022,four_color,orig,1.971882799970191
coq2022,fun_power_series_conv_IR,orig,2.164467711082076
coq2022,herron_qin,orig,2.0464368049922683
coq2022,inclusion_exclusion,orig,2.1481220010479642
coq2022,is_hexamy,orig,
coq2022,isosceles_conga,orig,2.1154092847296577
coq2022,konigsberg_bridges,orig,1.8330310319706846
coq2022,mul_adj_mx,orig,2.092913060217092
coq2022,nat_ind,orig,
coq2022,postulate_of_existence_of_a_triangle_whose_angles_sum_to_two_rights,orig,2.829667412407185
coq2022,pytha_thm3,orig,2.1896459909417647
coq2022,pythagoras,orig,1.937720674846117
coq2022,reals_not_countable,orig,2.310509114402308
coq2022,sum_of_two_squares,orig,
coq2022,triangle,orig,2.142822240616044
lean2026,abel_ruffini_decl,decl,
lean2026,ballot_problem_decl,decl,
lean2026,banach_fixed_point_decl,decl,1.734546972928527
lean2026,banach_fixed_point_term,term,2.1273613730732954
lean2026,basel_problem_decl,decl,1.7648754220303418
lean2026,basel_problem_term,term,2.153885930681572
lean2026,bertrand_postulate_decl,decl,1.7402768321743491
lean2026,bertrand_postulate_term,term,2.273912121706145
lean2026,bezout_gcd_decl,decl,1.8535720942781322
lean2026,bezout_gcd_term,term,1.9027265463568164
lean2026,binomial_theorem_decl,decl,1.8648668402160622
lean2026,binomial_theorem_term,term,2.0583457923122452
lean2026,cantor_theorem_decl,decl,1.8400825602760804
lean2026,cantor_theorem_term,term,1.9918430860693626
lean2026,cauchy_schwarz_decl,decl,
lean2026,cayley_hamilton_decl,decl,1.792430674385789
lean2026,cayley_hamilton_term,term,1.9346269549822674
lean2026,central_binomial_decl,decl,
lean2026,descartes_rule_decl,decl,
lean2026,divergence_harmonic_decl,decl,1.7443658213183872
lean2026,divergence_harmonic_term,term,2.0221999673980697
lean2026,erdos_szekeres_decl,decl,
lean2026,euclid_infinite_primes_decl,decl,1.8194554420356113
lean2026,euclid_infinite_primes_term,term,2.1405053960322364
lean2026,extreme_value_decl,decl,1.8558040201678998
lean2026,extreme_value_term,term,2.066016362787659
lean2026,fermat_last_four_decl,decl,1.7876285942639505
lean2026,fermat_last_four_term,term,2.284180878460904
lean2026,fermat_last_three_decl,decl,1.7512999536932643
lean2026,fermat_last_three_term,term,2.068350430096996
lean2026,fermat_little_decl,decl,1.8368023382335235
lean2026,fermat_little_term,term,2.0928576150671203
lean2026,friendship_theorem_decl,decl,
lean2026,fta_complex_decl,decl,1.737462589671664
lean2026,fta_complex_term,term,2.265764886775603
lean2026,ftc_decl,decl,1.7407712212534117
lean2026,ftc_term,term,2.178732782086919
lean2026,fund_thm_arithmetic_decl,decl,1.8131317144904409
lean2026,fund_thm_arithmetic_term,term,2.036337537300776
lean2026,hermite_e_transcendental_decl,decl,
lean2026,heron_decl,decl,
lean2026,intermediate_value_decl,decl,1.8515338496784952
lean2026,intermediate_value_term,term,1.8865718439645769
lean2026,konigsberg_decl,decl,
lean2026,lagrange_subgroup_decl,decl,1.8567796885410797
lean2026,lagrange_subgroup_term,term,1.982296600509821
lean2026,law_of_cosines_decl,decl,1.7365092322263482
lean2026,law_of_cosines_term,term,2.216171025195641
lean2026,leibniz_pi_decl,decl,1.7312474172414163
lean2026,leibniz_pi_term,term,2.171117543648223
lean2026,lindemann_weierstrass_decl,decl,
lean2026,liouville_decl,decl,1.7350922498646768
lean2026,liouville_term,term,2.265480844117931
lean2026,mean_value_decl,decl,1.7309466813444558
lean2026,mean_value_term,term,2.2245883520216245
lean2026,mvt2_decl,decl,1.7297042440873873
lean2026,mvt2_term,term,2.156739090001387
lean2026,pi_irrational2_decl,decl,1.730165425587079
lean2026,pi_irrational2_term,term,2.2865019229866914
lean2026,pi_irrational_decl,decl,
lean2026,ptolemy_decl,decl,1.7485461666792967
lean2026,ptolemy_term,term,2.2596983109247177
lean2026,quadratic_reciprocity_decl,decl,1.7653287473350103
lean2026,quadratic_reciprocity_term,term,2.0024942121282843
lean2026,ramsey_decl,decl,
lean2026,reals_uncountable_decl,decl,1.7453229740905154
lean2026,reals_uncountable_term,term,2.040803842839801
lean2026,schroeder_bernstein_decl,decl,1.9368041274874737
lean2026,schroeder_bernstein_term,term,2.041356418807281
lean2026,sqrt2_irrational_decl,decl,1.741213858366189
lean2026,sqrt2_irrational_term,term,2.1041332881639874
lean2026,stirling_decl,decl,1.7428204258818856
lean2026,stirling_term,term,2.211529580435087
lean2026,strong_law_large_numbers_decl,decl,1.714815557850943
lean2026,strong_law_large_numbers_term,term,1.9210902125382865
lean2026,sylow_theorem_decl,decl,1.7731182422211313
lean2026,sylow_theorem_term,term,1.8874897735841991
lean2026,wilsons_lemma_decl,decl,1.8385243109045688
lean2026,wilsons_lemma_term,term,1.971250906149987
ai_dsv2,aime_1983_p1,term,2.29621980521455
ai_dsv2,aime_1983_p2,term,2.0760128154185997
ai_dsv2,aime_1983_p3,term,2.368456752432102
ai_dsv2,aime_1984_p1,term,2.14048630101274
ai_dsv2,aime_1984_p7,term,2.145191985334307
ai_dsv2,aime_1988_p8,term,2.4258714452445105
ai_dsv2,aime_1989_p8,term,2.48191282038786
ai_dsv2,aime_1990_p15,term,2.5259746123193167
ai_dsv2,aime_1990_p4,term,2.2724001324813488
ai_dsv2,aime_1991_p9,term,2.219883203077608
ai_dsv2,aime_1994_p3,term,2.326565924948726
ai_dsv2,aime_1997_p9,term,2.4740882534785467
ai_dsv2,aime_1999_p11,term,2.1304276659495303
ai_dsv2,algebra_2varlineareq_fp3zeq11_3tfm1m5zeqn68_feqn10_zeq7,term,2.4323050844457983
ai_dsv2,algebra_9onxpypzleqsum2onxpy,term,2.411182805998167
ai_dsv2,algebra_abpbcpcageq3_sumaonsqrtapbgeq3onsqrt2,term,2.342513454793429
ai_dsv2,algebra_absapbon1pabsapbleqsumabsaon1pabsa,term,2.319034763675762
ai_dsv2,algebra_absxm1pabsxpabsxp1eqxp2_0leqxleq1,term,2.2135814045888598
ai_dsv2,algebra_amgm_sum1toneqn_prod1tonleq1,term,2.089085025533773
ai_dsv2,algebra_amgm_sumasqdivbgeqsuma,term,2.2524248153911484
ai_dsv2,algebra_apbon2pownleqapownpbpowon2,term,2.3636473328601055
ai_dsv2,algebra_apbpceq2_abpbcpcaeq1_aleq1on3anbleq1ancleq4on3,term,2.3367158433355204
ai_dsv2,algebra_bleqa_apbon2msqrtableqambsqon8b,term,2.2225517063296905
ai_dsv2,algebra_others_exirrpowirrrat,term,2.090575151409353
ai_dsv2,algebra_sqineq_at2malt1,term,2.1857186779354847
ai_dsv2,algebra_sqineq_unitcircatbpabsamblt1,term,2.2548613362133167
ai_dsv2,algebra_sqineq_unitcircatbpamblt1,term,2.2104407147909084
ai_dsv2,algebra_sum1onsqrt2to1onsqrt10000lt198,term,2.2479584810592863
ai_dsv2,amc12_2000_p20,term,2.3156365623991824
ai_dsv2,amc12_2000_p6,term,2.178340513823543
ai_dsv2,amc12_2001_p5,term,2.143153005160181
ai_dsv2,amc12a_2002_p13,term,2.405544371961147
ai_dsv2,amc12a_2002_p6,term,2.1117533912202027
ai_dsv2,amc12a_2003_p5,term,2.382117252939704
ai_dsv2,amc12a_2008_p25,term,2.404799214409694
ai_dsv2,amc12a_2009_p6,term,2.0237233740998986
ai_dsv2,amc12a_2009_p7,term,2.357205326448436
ai_dsv2,amc12a_2013_p4,term,2.101511691017793
ai_dsv2,amc12a_2019_p12,term,2.2478904879280925
ai_dsv2,amc12a_2020_p15,term,2.2304516518038113
ai_dsv2,amc12a_2021_p14,term,2.216125425041101
ai_dsv2,amc12a_2021_p18,term,2.2459008777193388
ai_dsv2,amc12a_2021_p19,term,2.269262806487122
ai_dsv2,amc12a_2021_p22,term,2.377909877127524
ai_dsv2,amc12a_2021_p3,term,2.0361193220861793
ai_dsv2,amc12a_2021_p8,term,2.1301771036294856
ai_dsv2,amc12a_2021_p9,term,1.9725061530141643
ai_dsv2,amc12b_2002_p19,term,2.409823916769963
ai_dsv2,amc12b_2002_p2,term,2.0244501228977505
ai_dsv2,amc12b_2002_p7,term,1.9986383141080724
ai_dsv2,amc12b_2020_p13,term,2.266258625503851
ai_dsv2,amc12b_2020_p21,term,2.2354710794597397
ai_dsv2,amc12b_2020_p22,term,2.243721321113688
ai_dsv2,amc12b_2020_p2,term,2.0865893202602264
ai_dsv2,amc12b_2020_p6,term,2.1840980712777576
ai_dsv2,amc12b_2021_p18,term,2.350310983161193
ai_dsv2,amc12b_2021_p1,term,2.248332874539141
ai_dsv2,amc12b_2021_p3,term,2.494780097736519
ai_dsv2,amc12b_2021_p4,term,2.285305009951425
ai_dsv2,amc12b_2021_p9,term,2.3203134536243484
ai_dsv2,imo_1959_p1,term,2.0977521352729056
ai_dsv2,imo_1960_p2,term,2.2608035811967335
ai_dsv2,imo_1962_p2,term,2.3928285207015114
ai_dsv2,imo_1963_p5,term,2.261880093833687
ai_dsv2,imo_1964_p2,term,2.432744778559859
ai_dsv2,imo_1965_p2,term,2.511885857552491
ai_dsv2,imo_1968_p5_1,term,2.1825104322214868
ai_dsv2,imo_1981_p6,term,2.289842833040409
ai_dsv2,imo_1983_p6,term,2.2535591743771373
ai_dsv2,imo_1992_p1,term,2.26079520528138
ai_dsv2,induction_11div10tonmn1ton,term,2.11487854873793
ai_dsv2,induction_12dvd4expnp1p20,term,2.033314068942247
ai_dsv2,induction_1pxpownlt1pnx,term,2.2557828059211733
ai_dsv2,induction_nfactltnexpnm1ngt3,term,2.2279071688090415
ai_dsv2,induction_pord1p1on2powklt5on2,term,2.144744394151708
ai_dsv2,induction_pprime_pdvdapowpma,term,2.0339114767415554
ai_dsv2,induction_prod1p1onk3le3m1onn,term,2.2756296066220743
ai_dsv2,induction_sumkexp3eqsumksq,term,2.2707531316231133
ai_dsv2,mathd_algebra_107,term,2.0572352841176533
ai_dsv2,mathd_algebra_113,term,2.23319141134752
ai_dsv2,mathd_algebra_114,term,2.1616205466912133
ai_dsv2,mathd_algebra_125,term,2.0960908747624742
ai_dsv2,mathd_algebra_129,term,2.1934511953223716
ai_dsv2,mathd_algebra_137,term,2.1189993261691344
ai_dsv2,mathd_algebra_139,term,2.0803503887155546
ai_dsv2,mathd_algebra_141,term,2.330339355506516
ai_dsv2,mathd_algebra_142,term,2.0730706144018107
ai_dsv2,mathd_algebra_143,term,2.1515322746088317
ai_dsv2,mathd_algebra_148,term,2.073070095559526
ai_dsv2,mathd_algebra_153,term,2.0239862175483685
ai_dsv2,mathd_algebra_156,term,2.289643231955181
ai_dsv2,mathd_algebra_158,term,2.2513920876642946
ai_dsv2,mathd_algebra_160,term,2.1392713376822554
ai_dsv2,mathd_algebra_170,term,2.107549673029867
ai_dsv2,mathd_algebra_171,term,2.129214702168902
ai_dsv2,mathd_algebra_176,term,2.0746352811116293
ai_dsv2,mathd_algebra_17,term,2.2413343336690605
ai_dsv2,mathd_algebra_184,term,2.2778933300458806
ai_dsv2,mathd_algebra_188,term,2.145538873621115
ai_dsv2,mathd_algebra_196,term,2.008022737539571
ai_dsv2,mathd_algebra_208,term,2.1070482803350936
ai_dsv2,mathd_algebra_209,term,2.1161556017340546
ai_dsv2,mathd_algebra_215,term,2.0558868070374805
ai_dsv2,mathd_algebra_246,term,2.0596242372350364
ai_dsv2,mathd_algebra_24,term,2.078381785206445
ai_dsv2,mathd_algebra_263,term,2.0758614920550684
ai_dsv2,mathd_algebra_270,term,2.013447476373634
ai_dsv2,mathd_algebra_275,term,2.0797572771863413
ai_dsv2,mathd_algebra_276,term,2.0834186175837344
ai_dsv2,mathd_algebra_288,term,2.3748257677122186
ai_dsv2,mathd_algebra_289,term,2.276252062428215
ai_dsv2,mathd_algebra_293,term,2.0909031734812302
ai_dsv2,mathd_algebra_296,term,1.9561962112944653
ai_dsv2,mathd_algebra_302,term,2.0905537385883357
ai_dsv2,mathd_algebra_304,term,1.9667266392640679
ai_dsv2,mathd_algebra_313,term,2.176021002824755
ai_dsv2,mathd_algebra_314,term,2.039846557908583
ai_dsv2,mathd_algebra_320,term,2.2681553497699243
ai_dsv2,mathd_algebra_329,term,2.0630956228723276
ai_dsv2,mathd_algebra_332,term,2.2460683809994855
ai_dsv2,mathd_algebra_338,term,2.3596728006601024
ai_dsv2,mathd_algebra_33,term,2.431737569788824
ai_dsv2,mathd_algebra_342,term,2.3326071175984975
ai_dsv2,mathd_algebra_346,term,1.9983566988130073
ai_dsv2,mathd_algebra_354,term,2.1165105475395087
ai_dsv2,mathd_algebra_359,term,2.036464810208906
ai_dsv2,mathd_algebra_362,term,2.38007619253211
ai_dsv2,mathd_algebra_388,term,2.479453140785358
ai_dsv2,mathd_algebra_392,term,2.2776627000642344
ai_dsv2,mathd_algebra_398,term,2.1060665906092435
ai_dsv2,mathd_algebra_400,term,2.1500567471928833
ai_dsv2,mathd_algebra_412,term,2.0852394728440493
ai_dsv2,mathd_algebra_419,term,2.049517706343319
ai_dsv2,mathd_algebra_427,term,2.195650274548931
ai_dsv2,mathd_algebra_432,term,2.044846862306134
ai_dsv2,mathd_algebra_440,term,2.136673145554112
ai_dsv2,mathd_algebra_441,term,2.210587775356423
ai_dsv2,mathd_algebra_44,term,2.0936130203319254
ai_dsv2,mathd_algebra_452,term,2.4703250316530196
ai_dsv2,mathd_algebra_459,term,2.3508670716260243
ai_dsv2,mathd_algebra_478,term,2.033810394127056
ai_dsv2,mathd_algebra_484,term,2.1078453032964246
ai_dsv2,mathd_algebra_487,term,2.2229291793677723
ai_dsv2,mathd_algebra_513,term,2.1175658498092185
ai_dsv2,mathd_algebra_598,term,2.25385916237266
ai_dsv2,mathd_algebra_756,term,2.240027237382103
ai_dsv2,mathd_algebra_76,term,2.035407768507971
ai_dsv2,mathd_algebra_80,term,2.1185525318230622
ai_dsv2,mathd_numbertheory_100,term,2.091259477372156
ai_dsv2,mathd_numbertheory_1124,term,
ai_dsv2,mathd_numbertheory_127,term,2.052654003927981
ai_dsv2,mathd_numbertheory_12,term,2.2331173474027297
ai_dsv2,mathd_numbertheory_135,term,1.9498579896966959
ai_dsv2,mathd_numbertheory_150,term,2.0490790324616506
ai_dsv2,mathd_numbertheory_175,term,2.0595731522147203
ai_dsv2,mathd_numbertheory_185,term,1.9986824704679944
ai_dsv2,mathd_numbertheory_207,term,1.9594977450998545
ai_dsv2,mathd_numbertheory_212,term,1.9588219454484554
ai_dsv2,mathd_numbertheory_227,term,2.629241346058687
ai_dsv2,mathd_numbertheory_229,term,1.9539097003354788
ai_dsv2,mathd_numbertheory_233,term,2.0011653207578313
ai_dsv2,mathd_numbertheory_234,term,2.2636613469530578
ai_dsv2,mathd_numbertheory_235,term,1.8991981612968685
ai_dsv2,mathd_numbertheory_237,term,2.060503715074204
ai_dsv2,mathd_numbertheory_239,term,2.0277099668660847
ai_dsv2,mathd_numbertheory_247,term,2.085395531201108
ai_dsv2,mathd_numbertheory_254,term,1.9170804569892153
ai_dsv2,mathd_numbertheory_277,term,2.0802530831138304
ai_dsv2,mathd_numbertheory_293,term,
ai_dsv2,mathd_numbertheory_296,term,2.197391692453506
ai_dsv2,mathd_numbertheory_299,term,1.903605001088189
ai_dsv2,mathd_numbertheory_314,term,2.157643848355745
ai_dsv2,mathd_numbertheory_320,term,2.0546436767483978
ai_dsv2,mathd_numbertheory_321,term,1.997932347085166
ai_dsv2,mathd_numbertheory_328,term,2.0172353797524574
ai_dsv2,mathd_numbertheory_341,term,2.0124361781775972
ai_dsv2,mathd_numbertheory_342,term,1.9322354715848122
ai_dsv2,mathd_numbertheory_343,term,2.0241141904405033
ai_dsv2,mathd_numbertheory_345,term,1.9416545720362157
ai_dsv2,mathd_numbertheory_34,term,2.023292234538791
ai_dsv2,mathd_numbertheory_353,term,2.064151792872141
ai_dsv2,mathd_numbertheory_3,term,2.079834571462233
ai_dsv2,mathd_numbertheory_427,term,2.1130102874741388
ai_dsv2,mathd_numbertheory_430,term,2.2054267911602694
ai_dsv2,mathd_numbertheory_435,term,1.9728618583071045
ai_dsv2,mathd_numbertheory_447,term,1.8403666482082337
ai_dsv2,mathd_numbertheory_457,term,2.0624708342632987
ai_dsv2,mathd_numbertheory_483,term,2.0877585842985518
ai_dsv2,mathd_numbertheory_495,term,2.442858102287852
ai_dsv2,mathd_numbertheory_517,term,1.9119527678743493
ai_dsv2,mathd_numbertheory_521,term,2.0426176020686597
ai_dsv2,mathd_numbertheory_551,term,1.9328810386010713
ai_dsv2,mathd_numbertheory_552,term,1.9796818902608666
ai_dsv2,mathd_numbertheory_559,term,2.061391908400079
ai_dsv2,mathd_numbertheory_582,term,2.0548954286052625
ai_dsv2,mathd_numbertheory_5,term,2.289424562994908
ai_dsv2,mathd_numbertheory_618,term,2.053774049420378
ai_dsv2,mathd_numbertheory_66,term,2.069529352930182
ai_dsv2,mathd_numbertheory_728,term,2.0955387120105193
ai_dsv2,mathd_numbertheory_765,term,2.033810210918562
ai_dsv2,mathd_numbertheory_769,term,1.9274622029146606
ai_dsv2,mathd_numbertheory_85,term,1.9512571351646875
ai_dsv2,mathd_numbertheory_99,term,2.020231266499973
ai_dsv2,numbertheory_2pownm1prime_nprime,term,2.2202821916984847
ai_dsv2,numbertheory_3pow2pownm1mod2pownp3eq2pownp2,term,2.241393057934769
ai_dsv2,numbertheory_4x3m7y3neq2003,term,2.071182537469423
ai_dsv2,numbertheory_aoddbdiv4asqpbsqmod8eq1,term,2.230031397798993
ai_dsv2,numbertheory_fxeq4powxp6powxp9powx_f2powmdvdf2pown,term,2.2210557624591902
ai_dsv2,numbertheory_notequiv2i2jasqbsqdiv8,term,2.036174100494706
ai_dsv2,numbertheory_x5neqy2p4,term,2.1660657444397984
ai_kimina,aime_1983_p1,term,2.4118064178123557
ai_kimina,aime_1983_p2,term,2.1413650634665187
ai_kimina,aime_1983_p3,term,2.3742526067384846
ai_kimina,aime_1984_p1,term,2.412469461926009
ai_kimina,aime_1984_p7,term,2.7858846623782165
ai_kimina,aime_1987_p5,term,2.1092741756098894
ai_kimina,aime_1988_p8,term,2.330235342298046
ai_kimina,aime_1989_p8,term,2.513733867707853
ai_kimina,aime_1990_p15,term,2.41470161501437
ai_kimina,aime_1990_p4,term,2.2882906273278927
ai_kimina,aime_1991_p9,term,2.3706432796636365
ai_kimina,aime_1994_p3,term,2.352176975287118
ai_kimina,aime_1997_p9,term,2.4611718801553533
ai_kimina,algebra_2varlineareq_fp3zeq11_3tfm1m5zeqn68_feqn10_zeq7,term,2.155861280577504
ai_kimina,algebra_9onxpypzleqsum2onxpy,term,2.5149231833904944
ai_kimina,algebra_absapbon1pabsapbleqsumabsaon1pabsa,term,2.321823076714789
ai_kimina,algebra_absxm1pabsxpabsxp1eqxp2_0leqxleq1,term,2.072939819887753
ai_kimina,algebra_amgm_sumasqdivbgeqsuma,term,2.230000495110441
ai_kimina,algebra_apbon2pownleqapownpbpowon2,term,2.178813000123969
ai_kimina,algebra_apbpceq2_abpbcpcaeq1_aleq1on3anbleq1ancleq4on3,term,2.3923141166958524
ai_kimina,algebra_bleqa_apbon2msqrtableqambsqon8b,term,2.474479027502956
ai_kimina,algebra_others_exirrpowirrrat,term,2.095185214380619
ai_kimina,algebra_sqineq_at2malt1,term,2.0653083056128256
ai_kimina,algebra_sqineq_unitcircatbpabsamblt1,term,2.2203062718641426
ai_kimina,algebra_sqineq_unitcircatbpamblt1,term,2.1363071424767717
ai_kimina,amc12_2000_p12,term,2.0231999425785974
ai_kimina,amc12_2000_p20,term,2.531272253542449
ai_kimina,amc12_2000_p6,term,2.163743485578819
ai_kimina,amc12_2001_p21,term,2.3613117014656844
ai_kimina,amc12a_2002_p13,term,2.34485801122588
ai_kimina,amc12a_2002_p6,term,2.0635022365842604
ai_kimina,amc12a_2003_p5,term,2.094133784988557
ai_kimina,amc12a_2008_p25,term,1.8367469523460942
ai_kimina,amc12a_2009_p6,term,2.017605563621931
ai_kimina,amc12a_2009_p7,term,2.3784878833714904
ai_kimina,amc12a_2013_p4,term,2.0182970651551635
ai_kimina,amc12a_2020_p4,term,2.154004326451793
ai_kimina,amc12a_2021_p14,term,1.8158893486811756
ai_kimina,amc12a_2021_p18,term,2.1901905590255524
ai_kimina,amc12a_2021_p3,term,2.074030074862542
ai_kimina,amc12a_2021_p8,term,2.1353699762546947
ai_kimina,amc12a_2021_p9,term,1.9336180528854767
ai_kimina,amc12b_2002_p19,term,2.496635101658571
ai_kimina,amc12b_2002_p2,term,1.9460657918266708
ai_kimina,amc12b_2002_p7,term,2.190460990703422
ai_kimina,amc12b_2020_p13,term,2.4781430891541065
ai_kimina,amc12b_2020_p21,term,2.203531018188867
ai_kimina,amc12b_2020_p22,term,2.1540950485711834
ai_kimina,amc12b_2020_p2,term,2.056506883303993
ai_kimina,amc12b_2020_p6,term,1.9391820173392793
ai_kimina,amc12b_2021_p18,term,2.3301355693329713
ai_kimina,amc12b_2021_p1,term,2.229443729079982
ai_kimina,amc12b_2021_p3,term,2.2746797770244314
ai_kimina,amc12b_2021_p4,term,2.2010220824952165
ai_kimina,amc12b_2021_p9,term,2.3822715473627456
ai_kimina,imo_1959_p1,term,2.0774373266146475
ai_kimina,imo_1960_p2,term,2.4722601000180005
ai_kimina,imo_1962_p2,term,2.393014961919836
ai_kimina,imo_1963_p5,term,2.2953627820440037
ai_kimina,imo_1964_p2,term,2.1195885178850227
ai_kimina,imo_1968_p5_1,term,2.3216051231264503
ai_kimina,imo_1981_p6,term,2.2241864326965066
ai_kimina,imo_1983_p6,term,2.2366404461767844
ai_kimina,induction_11div10tonmn1ton,term,2.0900112080447144
ai_kimina,induction_12dvd4expnp1p20,term,2.0681803393456644
ai_kimina,induction_1pxpownlt1pnx,term,2.1151547603248697
ai_kimina,induction_nfactltnexpnm1ngt3,term,2.4937240280311137
ai_kimina,induction_pprime_pdvdapowpma,term,2.0868067421580183
ai_kimina,mathd_algebra_107,term,2.0498153161175456
ai_kimina,mathd_algebra_113,term,1.9978697748018084
ai_kimina,mathd_algebra_114,term,2.0970869428623518
ai_kimina,mathd_algebra_125,term,2.1240474385369983
ai_kimina,mathd_algebra_129,term,2.0138693133722207
ai_kimina,mathd_algebra_137,term,2.0668865024508976
ai_kimina,mathd_algebra_139,term,2.0838349853586076
ai_kimina,mathd_algebra_141,term,2.0117376537666196
ai_kimina,mathd_algebra_142,term,2.109923881207721
ai_kimina,mathd_algebra_143,term,2.0730722673655766
ai_kimina,mathd_algebra_148,term,2.0299490885119598
ai_kimina,mathd_algebra_153,term,2.1206222495775275
ai_kimina,mathd_algebra_156,term,2.3216152748419967
ai_kimina,mathd_algebra_158,term,2.0991669325447946
ai_kimina,mathd_algebra_160,term,2.10169689375632
ai_kimina,mathd_algebra_170,term,2.2700781034941553
ai_kimina,mathd_algebra_171,term,2.0444956102742022
ai_kimina,mathd_algebra_176,term,2.0320157950009055
ai_kimina,mathd_algebra_17,term,2.2678434572572908
ai_kimina,mathd_algebra_184,term,2.209748819646053
ai_kimina,mathd_algebra_188,term,2.0745617368395184
ai_kimina,mathd_algebra_196,term,2.0261791902687003
ai_kimina,mathd_algebra_208,term,2.1275655758824303
ai_kimina,mathd_algebra_209,term,2.083798530545081
ai_kimina,mathd_algebra_215,term,2.2462062063383224
ai_kimina,mathd_algebra_246,term,2.0457331448540343
ai_kimina,mathd_algebra_24,term,2.081116175808565
ai_kimina,mathd_algebra_263,term,2.034853321877713
ai_kimina,mathd_algebra_270,term,2.0570111300677407
ai_kimina,mathd_algebra_276,term,2.3490825001894793
ai_kimina,mathd_algebra_288,term,2.235392387601129
ai_kimina,mathd_algebra_289,term,2.1859409913291654
ai_kimina,mathd_algebra_293,term,1.9983158490539497
ai_kimina,mathd_algebra_296,term,1.993673121351764
ai_kimina,mathd_algebra_302,term,2.0409827856399487
ai_kimina,mathd_algebra_304,term,1.9517826029354972
ai_kimina,mathd_algebra_313,term,2.0923953029467883
ai_kimina,mathd_algebra_314,term,1.8874851918848754
ai_kimina,mathd_algebra_329,term,2.1532327860255633
ai_kimina,mathd_algebra_332,term,2.177722517935651
ai_kimina,mathd_algebra_338,term,2.302687944765829
ai_kimina,mathd_algebra_33,term,2.211017556697194
ai_kimina,mathd_algebra_342,term,2.219195585110125
ai_kimina,mathd_algebra_346,term,2.0430367365979185
ai_kimina,mathd_algebra_354,term,2.137805331312488
ai_kimina,mathd_algebra_359,term,2.007247150299091
ai_kimina,mathd_algebra_362,term,2.2074168770267617
ai_kimina,mathd_algebra_388,term,2.1470726959120414
ai_kimina,mathd_algebra_392,term,2.2395752214827893
ai_kimina,mathd_algebra_398,term,2.065275405411864
ai_kimina,mathd_algebra_400,term,2.0988995146537794
ai_kimina,mathd_algebra_412,term,2.0181954415403016
ai_kimina,mathd_algebra_419,term,1.9996285323008793
ai_kimina,mathd_algebra_427,term,2.1186890374935627
ai_kimina,mathd_algebra_432,term,2.019550700915664
ai_kimina,mathd_algebra_440,term,2.08210340859194
ai_kimina,mathd_algebra_441,term,2.0599155188617777
ai_kimina,mathd_algebra_44,term,2.127900648536036
ai_kimina,mathd_algebra_452,term,2.464493856562448
ai_kimina,mathd_algebra_459,term,2.373199515123992
ai_kimina,mathd_algebra_478,term,2.1070958692698953
ai_kimina,mathd_algebra_484,term,2.0915566403969974
ai_kimina,mathd_algebra_487,term,2.323198305631658
ai_kimina,mathd_algebra_513,term,2.085798032438652
ai_kimina,mathd_algebra_598,term,2.1134989143069953
ai_kimina,mathd_algebra_756,term,2.0929951421743107
ai_kimina,mathd_algebra_76,term,2.0109843970454166
ai_kimina,mathd_algebra_80,term,2.0951633504413563
ai_kimina,mathd_numbertheory_100,term,2.0061742440132546
ai_kimina,mathd_numbertheory_1124,term,2.0855099541163202
ai_kimina,mathd_numbertheory_127,term,2.0525319441602017
ai_kimina,mathd_numbertheory_12,term,2.1642918393169603
ai_kimina,mathd_numbertheory_135,term,2.0773587963908646
ai_kimina,mathd_numbertheory_150,term,2.04045205676083
ai_kimina,mathd_numbertheory_175,term,1.928383424865603
ai_kimina,mathd_numbertheory_185,term,2.093241483584156
ai_kimina,mathd_numbertheory_207,term,1.8827399236438003
ai_kimina,mathd_numbertheory_212,term,1.920178181065288
ai_kimina,mathd_numbertheory_222,term,2.013093050401735
ai_kimina,mathd_numbertheory_227,term,2.285003323748823
ai_kimina,mathd_numbertheory_229,term,1.9362164570007234
ai_kimina,mathd_numbertheory_233,term,2.0635630877260676
ai_kimina,mathd_numbertheory_234,term,2.015263531016157
ai_kimina,mathd_numbertheory_235,term,1.9013351639729394
ai_kimina,mathd_numbertheory_237,term,2.0423817981205787
ai_kimina,mathd_numbertheory_239,term,2.176109220665408
ai_kimina,mathd_numbertheory_247,term,2.046426115356883
ai_kimina,mathd_numbertheory_254,term,1.9154248977548058
ai_kimina,mathd_numbertheory_277,term,1.5544844911477536
ai_kimina,mathd_numbertheory_293,term,2.075323723730361
ai_kimina,mathd_numbertheory_296,term,2.239325897675762
ai_kimina,mathd_numbertheory_299,term,1.9130202216784493
ai_kimina,mathd_numbertheory_314,term,2.187093080235849
ai_kimina,mathd_numbertheory_320,term,2.105206820810504
ai_kimina,mathd_numbertheory_321,term,2.0562535488369242
ai_kimina,mathd_numbertheory_328,term,1.9471528480980231
ai_kimina,mathd_numbertheory_341,term,2.067876290242825
ai_kimina,mathd_numbertheory_342,term,1.9279343026654767
ai_kimina,mathd_numbertheory_343,term,2.0520283544274367
ai_kimina,mathd_numbertheory_345,term,1.9290399589108316
ai_kimina,mathd_numbertheory_34,term,2.0461944553830587
ai_kimina,mathd_numbertheory_353,term,2.1341784628560845
ai_kimina,mathd_numbertheory_3,term,2.0220981750960196
ai_kimina,mathd_numbertheory_427,term,2.1365242464254397
ai_kimina,mathd_numbertheory_430,term,2.179816057629007
ai_kimina,mathd_numbertheory_435,term,2.0580555994986236
ai_kimina,mathd_numbertheory_447,term,2.149109028293813
ai_kimina,mathd_numbertheory_457,term,2.1465988148273114
ai_kimina,mathd_numbertheory_483,term,2.2990753135351145
ai_kimina,mathd_numbertheory_495,term,1.7833536606633222
ai_kimina,mathd_numbertheory_517,term,1.9092115964029883
ai_kimina,mathd_numbertheory_521,term,2.159168996450184
ai_kimina,mathd_numbertheory_541,term,3.703385328591182
ai_kimina,mathd_numbertheory_551,term,1.9279305050058495
ai_kimina,mathd_numbertheory_559,term,2.115512464877961
ai_kimina,mathd_numbertheory_582,term,2.0847016260359514
ai_kimina,mathd_numbertheory_5,term,2.2037145859414835
ai_kimina,mathd_numbertheory_618,term,1.939150264490027
ai_kimina,mathd_numbertheory_66,term,1.9279305050058495
ai_kimina,mathd_numbertheory_711,term,1.59583039639047
ai_kimina,mathd_numbertheory_728,term,1.9596601592506733
ai_kimina,mathd_numbertheory_765,term,2.0373617701076494
ai_kimina,mathd_numbertheory_769,term,1.9169171522130761
ai_kimina,mathd_numbertheory_85,term,1.8815072673609894
ai_kimina,mathd_numbertheory_99,term,2.031975599584336
ai_kimina,numbertheory_4x3m7y3neq2003,term,2.0190995314535143
ai_kimina,numbertheory_aoddbdiv4asqpbsqmod8eq1,term,2.10436763679878
ai_kimina,numbertheory_notequiv2i2jasqbsqdiv8,term,1.9831969103192002
ai_kimina,numbertheory_x5neqy2p4,term,2.1245535918140073
ai_seed,aime_1991_p6,term,2.2973960671813405
ai_seed,aime_1994_p4,term,2.2219481956726517
ai_seed,aime_1995_p7,term,2.3504494215060703
ai_seed,amc12a_2002_p21,term,2.2801595228302016
ai_seed,amc12a_2003_p23,term,2.140376938193331
ai_seed,amc12a_2009_p15,term,2.2345866437984254
ai_seed,amc12a_2009_p25,term,2.2098851987191805
ai_seed,amc12a_2010_p22,term,2.260536101860409
ai_seed,amc12a_2020_p25,term,2.263180189344144
ai_seed,amc12a_2020_p9,term,2.1328524702089737
ai_seed,amc12b_2021_p13,term,2.1668608532506677
ai_seed,amc12b_2021_p21,term,2.2876073668046577
ai_seed,imo_1969_p2,term,2.3205244377738636
ai_seed,imo_1977_p6,term,2.110521746302285
ai_seed,imo_1978_p5,term,2.241848502122553
ai_seed,imo_1979_p1,term,2.5512077009524736
ai_seed,imo_1987_p4,term,2.223991520783783
ai_seed,imo_1988_p6,term,2.3304043865223
ai_seed,imo_1990_p3,term,2.155496670918508
ai_seed,imo_1993_p5,term,2.1959078895829895
ai_seed,imo_2006_p6,term,2.6558310983604576
ai_seed,induction_sum_odd,term,2.060527894803501
ai_seed,mathd_algebra_282,term,2.149743817878381
ai_seed,mathd_numbertheory_126,term,2.1158150656333223
ai_seed,mathd_numbertheory_451,term,2.3051911749380007
ai_seed,mathd_numbertheory_530,term,2.1510124006912212
ai_seed,mathd_numbertheory_709,term,2.2750728446150186
ai_seed,mathd_numbertheory_780,term,1.7125625780379998
ai_seed,numbertheory_exk2powkeqapb2mulbpa2_aeq1,term,2.213352017267191
ai_seed,numbertheory_xsqpysqintdenomeq,term,2.3340147946700793
human_compfiles,Bulgaria1998P11,term,2.2340372963401096
human_compfiles,Bulgaria1998P1,term,2.1761174875681393
human_compfiles,Bulgaria1998P3,term,2.0855132058087147
human_compfiles,Bulgaria1998P8,term,2.5996838135328075
human_compfiles,Canada1998P3,term,2.4537055425128034
human_compfiles,Egmo2023P1,term,2.0685495799221183
human_compfiles,Hungary1998P6,term,1.917683774405163
human_compfiles,Imo1959P1,term,2.510110335969239
human_compfiles,Imo1959P2,term,2.2370236582134435
human_compfiles,Imo1960P1,term,2.050899819595376
human_compfiles,Imo1960P2,term,2.382253900728583
human_compfiles,Imo1961P1,term,2.3052941855614613
human_compfiles,Imo1961P2,term,2.3280157299572153
human_compfiles,Imo1961P3,term,2.0552109857235
human_compfiles,Imo1962P1,term,2.2104900072089078
human_compfiles,Imo1962P2,term,2.342998066061252
human_compfiles,Imo1962P4,term,2.2889951870457947
human_compfiles,Imo1963P1,term,2.3704777749366066
human_compfiles,Imo1963P4,term,1.9835802666852262
human_compfiles,Imo1963P5,term,2.2557674836866584
human_compfiles,Imo1964P1,term,2.0199581024930575
human_compfiles,Imo1964P2,term,2.2168594854849983
human_compfiles,Imo1964P4,term,1.847513155445657
human_compfiles,Imo1965P1,term,2.349169830468295
human_compfiles,Imo1965P2,term,2.1313846803693846
human_compfiles,Imo1965P4,term,2.169501278386815
human_compfiles,Imo1966P1,term,2.1762028148911368
human_compfiles,Imo1966P4,term,2.091476491310634
human_compfiles,Imo1966P5,term,2.149985267773295
human_compfiles,Imo1967P3,term,2.2040826913363674
human_compfiles,Imo1967P5,term,2.111723615750747
human_compfiles,Imo1968P2,term,2.154296129232863
human_compfiles,Imo1968P3,term,2.3093999240459113
human_compfiles,Imo1968P5,term,2.0780841492804454
human_compfiles,Imo1968P6,term,2.1581238724194165
human_compfiles,Imo1969P1,term,2.316456674760106
human_compfiles,Imo1969P2,term,2.221459912544411
human_compfiles,Imo1970P3,term,2.4397164268944436
human_compfiles,Imo1970P4,term,2.177843225557009
human_compfiles,Imo1970P6,term,1.974968308283704
human_compfiles,Imo1971P1,term,2.418651055973249
human_compfiles,Imo1971P3,term,2.165692999654695
human_compfiles,Imo1971P5,term,2.04485236127858
human_compfiles,Imo1971P6,term,2.3200549164670163
human_compfiles,Imo1972P1,term,2.091942455643302
human_compfiles,Imo1972P3,term,2.3023913629856265
human_compfiles,Imo1972P4,term,2.3336672615819865
human_compfiles,Imo1972P5,term,2.051043217531812
human_compfiles,Imo1973P3,term,2.377581993542621
human_compfiles,Imo1973P5,term,2.1113871398944553
human_compfiles,Imo1973P6,term,2.2064560698053386
human_compfiles,Imo1974P1,term,2.0498827924527476
human_compfiles,Imo1974P3,term,2.127353982276447
human_compfiles,Imo1974P5,term,2.3305006455786073
human_compfiles,Imo1975P1,term,2.0038259045701765
human_compfiles,Imo1975P2,term,2.0646768810598113
human_compfiles,Imo1975P4,term,2.0882073949627076
human_compfiles,Imo1975P5,term,2.061966475415533
human_compfiles,Imo1975P6,term,2.3204627434317695
human_compfiles,Imo1976P2,term,2.2654525726986057
human_compfiles,Imo1976P4,term,2.183136618782366
human_compfiles,Imo1976P6,term,2.490474338000525
human_compfiles,Imo1977P2,term,2.1528744283402945
human_compfiles,Imo1977P4,term,2.4647742036727327
human_compfiles,Imo1977P5,term,2.531748580330525
human_compfiles,Imo1977P6,term,2.0824109614171906
human_compfiles,Imo1978P1,term,2.0953860448939885
human_compfiles,Imo1978P3,term,2.145246155831525
human_compfiles,Imo1978P5,term,1.9976036483355433
human_compfiles,Imo1978P6,term,2.1990388271277004
human_compfiles,Imo1979P1,term,2.0190743828175783
human_compfiles,Imo1979P5,term,2.4393252230881837
human_compfiles,Imo1979P6,term,2.200476216396072
human_compfiles,Imo1981P2,term,2.1406613560689847
human_compfiles,Imo1981P3,term,2.3416886620852475
human_compfiles,Imo1981P4,term,2.3655371357385135
human_compfiles,Imo1981P6,term,2.0755060154487595
human_compfiles,Imo1982P1,term,2.2466092017047954
human_compfiles,Imo1982P3,term,2.0842678455445474
human_compfiles,Imo1982P4,term,2.2093267533032694
human_compfiles,Imo1983P1,term,2.090012350525641
human_compfiles,Imo1983P5,term,1.9950163822153293
human_compfiles,Imo1983P6,term,2.297405360504014
human_compfiles,Imo1984P1,term,2.5443286755902887
human_compfiles,Imo1984P2,term,1.9503130757490075
human_compfiles,Imo1984P6,term,2.1419167212989914
human_compfiles,Imo1985P2,term,1.9969557746308995
human_compfiles,Imo1985P4,term,1.9582616683255631
human_compfiles,Imo1985P6,term,2.028499060137846
human_compfiles,Imo1986P1,term,2.225643957875959
human_compfiles,Imo1986P3,term,2.294664343679492
human_compfiles,Imo1986P5,term,2.040332901349694
human_compfiles,Imo1987P1,term,2.1035507128532602
human_compfiles,Imo1987P4,term,2.065277700348698
human_compfiles,Imo1987P6,term,2.456707336170529
human_compfiles,Imo1988P2,term,2.0958061333945177
human_compfiles,Imo1988P3,term,2.192166556778446
human_compfiles,Imo1988P4,term,2.3127921620173186
human_compfiles,Imo1988P6,term,2.1593652373990766
human_compfiles,Imo1989P1,term,2.1224506476440883
human_compfiles,Imo1989P5,term,2.044660830018079
human_compfiles,Imo1989P6,term,2.1598338924792166
human_compfiles,Imo1990P3,term,2.052052680716597
human_compfiles,Imo1990P4,term,2.2907935723647217
human_compfiles,Imo1991P2,term,2.120229296118211
human_compfiles,Imo1991P5,term,2.4104474674663248
human_compfiles,Imo1991P6,term,2.3511690151181024
human_compfiles,Imo1992P1,term,2.3269736116312085
human_compfiles,Imo1992P2,term,2.108546615275168
human_compfiles,Imo1992P5,term,2.1915821567853007
human_compfiles,Imo1992P6,term,2.2609723789038005
human_compfiles,Imo1993P1,term,2.1340878605986724
human_compfiles,Imo1993P5,term,2.377480751864038
human_compfiles,Imo1994P1,term,2.182759124483993
human_compfiles,Imo1994P4,term,2.191409283058805
human_compfiles,Imo1994P5,term,2.246705583480173
human_compfiles,Imo1994P6,term,2.1279917760950022
human_compfiles,Imo1995P2,term,2.3309647380104934
human_compfiles,Imo1995P4,term,2.1458122106692237
human_compfiles,Imo1996P3,term,2.094925385604924
human_compfiles,Imo1996P4,term,2.0144310588707124
human_compfiles,Imo1996P6,term,1.9653535601622325
human_compfiles,Imo1997P3,term,2.2060486617847888
human_compfiles,Imo1997P4,term,2.2441162577014335
human_compfiles,Imo1997P5,term,2.257152435631441
human_compfiles,Imo1998P2,term,1.9640536387182401
human_compfiles,Imo1998P3,term,2.0791470366959093
human_compfiles,Imo1998P4,term,2.0675837401657193
human_compfiles,Imo1998P6,term,2.2969345419424094
human_compfiles,Imo1999P2,term,2.205590332126879
human_compfiles,Imo1999P3,term,2.1633173990053223
human_compfiles,Imo1999P4,term,2.035520917134864
human_compfiles,Imo1999P6,term,2.357672778256162
human_compfiles,Imo2000P2,term,2.280583451475354
human_compfiles,Imo2000P5,term,2.3795755122749656
human_compfiles,Imo2001P1,term,2.1661723296567965
human_compfiles,Imo2001P2,term,2.319638745326578
human_compfiles,Imo2001P3,term,2.0806071739280565
human_compfiles,Imo2001P4,term,2.1330888987161054
human_compfiles,Imo2001P5,term,2.2549393070860093
human_compfiles,Imo2001P6,term,2.287239751715408
human_compfiles,Imo2002P1,term,1.9596131257184384
human_compfiles,Imo2002P3,term,2.206441078458524
human_compfiles,Imo2002P5,term,2.3233338382722417
human_compfiles,Imo2003P1,term,2.106942106173359
human_compfiles,Imo2003P2,term,2.3972737538134843
human_compfiles,Imo2003P6,term,2.240234099952584
human_compfiles,Imo2004P2,term,2.3681982003510527
human_compfiles,Imo2004P4,term,2.3731383002941677
human_compfiles,Imo2004P6,term,2.124977044593848
human_compfiles,Imo2005P2,term,2.106526695458176
human_compfiles,Imo2005P3,term,2.388757750432882
human_compfiles,Imo2005P4,term,2.196898595038549
human_compfiles,Imo2006P3,term,2.3647329247154287
human_compfiles,Imo2006P4,term,2.351195674413959
human_compfiles,Imo2006P5,term,2.2300308438003684
human_compfiles,Imo2007P1,term,2.1045660582296937
human_compfiles,Imo2007P5,term,2.065851386368218
human_compfiles,Imo2007P6,term,2.313584284105402
human_compfiles,Imo2008P2,term,2.2943438339836932
human_compfiles,Imo2008P3,term,2.4078677316111277
human_compfiles,Imo2008P4,term,1.9267609196639683
human_compfiles,Imo2008P5,term,1.9917042104337042
human_compfiles,Imo2009P1,term,2.1491086460369115
human_compfiles,Imo2009P3,term,2.1752370715874685
human_compfiles,Imo2009P5,term,2.076407116218095
human_compfiles,Imo2009P6,term,1.8279091479924694
human_compfiles,Imo2010P1,term,2.0013842963326214
human_compfiles,Imo2010P5,term,2.0548075078777863
human_compfiles,Imo2010P6,term,2.2775252543861915
human_compfiles,Imo2011P1,term,2.1651313567556145
human_compfiles,Imo2011P3,term,2.2437003322253455
human_compfiles,Imo2011P5,term,2.1542031398560058
human_compfiles,Imo2012P2,term,2.1402363620350533
human_compfiles,Imo2012P4,term,2.291205629960314
human_compfiles,Imo2012P5,term,2.100685187018304
human_compfiles,Imo2012P6,term,2.2167766324211304
human_compfiles,Imo2013P1,term,2.161264864036173
human_compfiles,Imo2013P2,term,2.1018104573023955
human_compfiles,Imo2013P5,term,2.2130175743791467
human_compfiles,Imo2014P1,term,2.2571483768770104
human_compfiles,Imo2014P2,term,2.0542071884238897
human_compfiles,Imo2014P4,term,2.125802284756289
human_compfiles,Imo2015P2,term,2.23852057284662
human_compfiles,Imo2015P5,term,2.3199705417984147
human_compfiles,Imo2015P6,term,2.0237889008259007
human_compfiles,Imo2016P2,term,2.174668376726334
human_compfiles,Imo2016P4,term,2.203859920208774
human_compfiles,Imo2017P1,term,2.2382482405529953
human_compfiles,Imo2017P2,term,2.2259343424271307
human_compfiles,Imo2018P2,term,2.265908344714732
human_compfiles,Imo2018P3,term,2.1824622067712713
human_compfiles,Imo2019P1,term,2.091376582649291
human_compfiles,Imo2019P2,term,1.8704048561677795
human_compfiles,Imo2019P4,term,2.2600360934359838
human_compfiles,Imo2020P2,term,2.454321176310866
human_compfiles,Imo2020P4,term,2.154040724465786
human_compfiles,Imo2020P6,term,2.1887036580057417
human_compfiles,Imo2021P1,term,2.3634799435143794
human_compfiles,Imo2021P2,term,2.1155414385620404
human_compfiles,Imo2021P6,term,2.1220121937358325
human_compfiles,Imo2022P1,term,2.0184121158879362
human_compfiles,Imo2022P2,term,2.1342392515724002
human_compfiles,Imo2022P5,term,2.1274008525549597
human_compfiles,Imo2023P1,term,1.911421781208698
human_compfiles,Imo2023P2,term,2.0112140978774997
human_compfiles,Imo2023P4,term,2.2311100843798903
human_compfiles,Imo2024P1,term,2.1668161319381065
human_compfiles,Imo2024P2,term,2.299374913397533
human_compfiles,Imo2024P3,term,1.9585399704905275
human_compfiles,Imo2024P5,term,2.177630236353656
human_compfiles,Imo2024P6,term,2.0678197058406362
human_compfiles,Imo2025P1,term,2.042241595097782
human_compfiles,Imo2025P3,term,2.1555496693823333
human_compfiles,Imo2025P4,term,2.1598631788168765
human_compfiles,Imo2025P5,term,2.313062457715382
human_compfiles,Imo2025P6,term,2.214000107185756
human_compfiles,India1998P1,term,2.487921103930843
human_compfiles,IntegersInACircle,term,2.1783395908136303
human_compfiles,Iran1998P3,term,2.222527847613758
human_compfiles,Iran1998P9,term,2.2063317001617557
human_compfiles,KolmogorovStreams,term,2.2165092804692685
human_compfiles,Poland1998P4,term,2.0818246934484916
human_compfiles,Poland2016S1P8,term,2.345217925011484
human_compfiles,Romania1998P12,term,2.3698860539744757
human_compfiles,Russia1995P10,term,2.178106519799539
human_compfiles,Russia1998P42,term,1.95983938433164
human_compfiles,Singapore2019P11,term,2.2760170991693336
human_compfiles,Singapore2019P2,term,2.2724713361798736
human_compfiles,Singapore2019P4,term,2.1434310100874105
human_compfiles,Singapore2019P7,term,2.334766577396253
human_compfiles,UK2024R1P1,term,2.2498552383508885
human_compfiles,UK2024R1P2,term,2.016529365993528
human_compfiles,UK2024R1P4,term,2.398907296165719
human_compfiles,UpperLowerContinuous,term,1.9517698777147592
human_compfiles,Usa1972P1,term,2.1894668530030668
human_compfiles,Usa1972P3,term,2.1976153661824034
human_compfiles,Usa1973P2,term,2.0654994097549153
human_compfiles,Usa1973P4,term,2.165377889646943
human_compfiles,Usa1974P1,term,2.065362501271275
human_compfiles,Usa1974P2,term,2.2307419138702715
human_compfiles,Usa1975P1,term,2.430210750130505
human_compfiles,Usa1976P3,term,2.187756773417446
human_compfiles,Usa1978P1,term,2.220963363806624
human_compfiles,Usa1979P1,term,2.0657951572907427
human_compfiles,Usa1980P3,term,2.2597996808785235
human_compfiles,Usa1980P5,term,2.1951917481206658
human_compfiles,Usa1981P5,term,2.0195325489676454
human_compfiles,Usa1982P4,term,1.8349145669174876
human_compfiles,Usa1983P2,term,2.433055929843138
human_compfiles,Usa1983P5,term,2.3186323949861833
human_compfiles,Usa1985P1,term,2.2579822799534206
human_compfiles,Usa1987P1,term,2.283729800930657
human_compfiles,Usa1989P1,term,2.1817992616956996
human_compfiles,Usa1989P5,term,2.5435919033430503
human_compfiles,Usa1990P2,term,2.1135923511988985
human_compfiles,Usa1991P4,term,2.317341807760233
human_compfiles,Usa1992P1,term,2.086259964154779
human_compfiles,Usa1992P2,term,2.1234835815711044
human_compfiles,Usa1993P1,term,2.2402481769584233
human_compfiles,Usa1993P3,term,2.3536768254448077
human_compfiles,Usa1996P1,term,2.305447008733441
human_compfiles,Usa1996P6,term,2.1612121657264933
human_compfiles,Usa1997P5,term,2.299815084222855
human_compfiles,Usa1998P1,term,2.14091534043271
human_compfiles,Usa1998P3,term,2.2989596751026884
human_compfiles,Usa1998P4,term,2.283160837864934
human_compfiles,Usa1998P5,term,2.0810675932931573
human_compfiles,Usa1999P1,term,2.2707021651335557
human_compfiles,Usa2000P1,term,2.2592776429044115
human_compfiles,Usa2000P5,term,2.0927024834666055
human_compfiles,Usa2001P1,term,2.4376532866517207
human_compfiles,Usa2001P3,term,2.2757723108370147
human_compfiles,Usa2001P4,term,2.2514822435493658
human_compfiles,Usa2002P1,term,1.9834233867343536
human_compfiles,Usa2002P4,term,2.161430410974243
human_compfiles,Usa2003P1,term,2.1368718364889627
human_compfiles,Usa2003P5,term,2.4038836263544807
human_compfiles,Usa2004P5,term,2.14465316030041
human_compfiles,Usa2005P2,term,2.299087622143105
human_compfiles,Usa2007P5,term,2.2756458302893092
human_compfiles,Usa2008P1,term,2.2808035140833383
human_compfiles,Usa2011P1,term,2.391346155278704
human_compfiles,Usa2011P4,term,2.1418193610442016
human_compfiles,Usa2014P1,term,2.5659218422851007
human_compfiles,Usa2014P2,term,2.2672189127062112
human_compfiles,Usa2014P3,term,2.2425329897168895
human_compfiles,Usa2015P1,term,2.346223733998227
human_compfiles,Usa2015P5,term,2.298344808699383
human_compfiles,Usa2016P4,term,2.3743777900865664
human_compfiles,Usa2017P1,term,2.2461941419789033
human_compfiles,Usa2017P5,term,2.277891970620989
human_compfiles,Usa2017P6,term,2.260724989469245
human_compfiles,Usa2018P1,term,2.3289203947103143
human_compfiles,Usa2019P1,term,1.9630922681961123
human_compfiles,Usa2020P3,term,2.231618084752988
human_compfiles,Usa2022P1,term,2.1033784550362387
human_compfiles,Usa2022P3,term,2.2642032345181358
human_compfiles,Usa2022P4,term,1.987580964380573
human_compfiles,Usa2023P2,term,2.2366344045847786
human_compfiles,Usa2023P4,term,2.1054914404105287
human_compfiles,Usa2024P2,term,2.260944296668461
human_compfiles,Usa2025P4,term,2.3150094412427213
human_compfiles,Usa2026P1,term,2.3172998378627865
human_compfiles,Usa2026P4,term,1.9799627139915286
human_compfiles,ZeroesOnesAndTwos,term,2.1703483636338037
ai_nexus,AICollaborator_AdditiveCombinatorics__57,term,2.0880435564446533
ai_nexus,AICollaborator_AlgebraicGeometry__hilbert_functions_1,term,2.1701680148209332
ai_nexus,AICollaborator_AlgebraicGeometry__hilbert_functions_2,term,2.12760123170084
ai_nexus,AICollaborator_AlgebraicGeometry__hilbert_functions_3,term,2.2859643583916687
ai_nexus,AICollaborator_AlgebraicGeometry__hilbert_functions_4,term,2.1466604225859722
ai_nexus,AICollaborator_AlgebraicGeometry__hilbert_functions_5,term,2.2496528345736118
ai_nexus,AICollaborator_AlgebraicGeometry__hilbert_functions_7,term,2.0147668640388057
ai_nexus,AICollaborator_AlgebraicGeometry__hilbert_functions_8,term,2.096432412170812
ai_nexus,AICollaborator_Graphs__GraphConjecture2,term,2.0961273118841843
ai_nexus,AICollaborator_Graphs__bipartite_graph_reconstruction_conjecture_2,term,1.8305980141348654
ai_nexus,AICollaborator_Optimization__LastIterateConvergence,term,2.282550465098833
ai_nexus,ErdosProblems__erdos_12.parts.i,term,2.172363229356854
ai_nexus,ErdosProblems__erdos_12.parts.ii,term,2.109680274205733
ai_nexus,ErdosProblems__erdos_125.variants.positive_lower_density,term,2.1281754168840017
ai_nexus,ErdosProblems__erdos_138.variants.difference,term,2.036639994477971
ai_nexus,ErdosProblems__erdos_152,term,2.1633058378151935
ai_nexus,ErdosProblems__erdos_26.variants.tenenbaum,term,2.1726274047790026
ai_nexus,ErdosProblems__erdos_741.parts.i,term,2.204000704105015
ai_nexus,ErdosProblems__erdos_741.parts.ii,term,2.1708844060282564
ai_nexus,ErdosProblems__erdos_846,term,1.981100450740259
ai_nexus,OEIS__A224515_conjecture_existence,term,2.0427057747409934
ai_nexus,OEIS__A309132_conjecture_carmichael,term,2.1065835411553424
ai_nexus,OEIS__A382590_conjecture_kth_prime_factor_is_eventually_periodic,term,2.149507391962258
ai_nexus,OEIS__a091669_conjecture_primitive_root,term,2.0738067176909403
ai_nexus,OEIS__a325046_odd_terms_at_k_times_k_plus_1,term,2.4285357644868903
ai_nexus,OEIS__oeis_103311_conjecture_0,term,2.165240697176152
ai_nexus,OEIS__oeis_108_conjecture_2,term,2.22830736284601
ai_nexus,OEIS__oeis_113254_conjecture_0,term,2.2342961222991304
ai_nexus,OEIS__oeis_175386_conjecture_0,term,2.420909571675522
ai_nexus,OEIS__oeis_194806_conjecture_0,term,2.1606368514698557
ai_nexus,OEIS__oeis_227582_conjecture_0,term,2.2180282675144865
ai_nexus,OEIS__oeis_228143_conjecture_1,term,2.12452628504765
ai_nexus,OEIS__oeis_243106_conjecture_0,term,2.1346072218562826
ai_nexus,OEIS__oeis_248802_conjecture_0,term,1.9661281712311194
ai_nexus,OEIS__oeis_248802_conjecture_4,term,2.3131476226845304
ai_nexus,OEIS__oeis_256012_conjecture_0,term,2.220255783715424
ai_nexus,OEIS__oeis_267581_conjecture_0,term,2.0586913799297983
ai_nexus,OEIS__oeis_271591_conjecture_0,term,1.9943747834488001
ai_nexus,OEIS__oeis_278070_conjecture_0,term,2.130350714078427
ai_nexus,OEIS__oeis_282779_conjecture_0,term,2.0255047960687262
ai_nexus,OEIS__oeis_289411_conjecture_0,term,1.9852173104887452
ai_nexus,OEIS__oeis_2897_conjecture_0,term,2.2560379943401987
ai_nexus,OEIS__oeis_306424_conjecture_0,term,2.221411352155255
ai_nexus,OEIS__oeis_307865_conjecture_0,term,1.999025662552228
ai_nexus,OEIS__oeis_323557_conjecture_0,term,2.204145423616917
ai_nexus,OEIS__oeis_340737_conjecture_0,term,2.2368824293659646
ai_nexus,OEIS__oeis_341254_conjecture_0,term,2.376041047115248
ai_nexus,OEIS__oeis_363347_conjecture_2,term,2.1655401579698683
ai_nexus,OEIS__oeis_372761_conjecture_2,term,2.1657774533446417
ai_nexus,OEIS__oeis_51293_conjecture_0,term,2.168268475516794
ai_nexus,OEIS__oeis_62567_conjecture_0,term,2.473584234919178
ai_nexus,OEIS__oeis_A028859_conjecture_1,term,2.101430060077873
ai_nexus,OEIS__oeis_A258667_conjecture_0,term,2.2920655627175623
ai_nexus,OEIS__oeis_a211417_conjecture_specific,term,2.2055471192773055
ai_nexus,OEIS__oeis_a237271_conjecture_2,term,2.2934018051436453
ai_nexus,OEIS__oeis_a300997_finite_difference_is_one_or_two,term,2.1768316887843824
ai_nexus,OEIS__oeis_a363102_conjecture_1,term,2.2031088048691645
ai_nexus,OEIS__oeis_a368692_conjecture_integrality,term,2.151401668181605
ai_nexus,StacksProject__AlgebrasOverFields_GeometricallyIrreducibleAlgebra_of_directed_colimit,term,2.035485431525331
ai_nexus,StacksProject__AlgebrasOverFields_GeometricallyIrreducibleAlgebra_transitive,term,1.9379350416555479
ai_nexus,StacksProject__AlgebrasOverFields_geometrically_irreducible_tfae,term,2.0556270980421045
ai_nexus,StacksProject__AlgebrasOverFields_minimalPrimes_bijection_of_geometrically_IrreducibleAlgebra,term,2.003770533513446
ai_nexus,StacksProject__AlgebrasOverFields_unique_minimal_prime_of_tensor_product_of_separably_closed,term,2.097706899391387
ai_nexus,StacksProject__GeometricallyReduced_isGeometricallyReduced_iff_of_separable_algebraic,term,1.9547301367686714
ai_nexus,StacksProject__GeometricallyReduced_isReduced_tensorProduct_of_separable,term,2.0812549627393313
ai_nexus,StacksProject__GeometricallyReduced_isReduced_tensorProduct_of_separablyGenerated,term,2.01263335631369
ai_nexus,StacksProject__NormalRings_NormalDomain_powerSeries,term,2.0603141344456906
ai_nexus,StacksProject__NormalRings_normalRing_characterization,term,2.1213982295339733
ai_nexus,StacksProject__Separability_exists_isPurelyInseparable_isSeparablyGenerated_of_essFiniteType,term,2.132338609810416
ai_aristotle,IMO2025P1,term,2.158426435180236
ai_aristotle,IMO2025P3,term,2.084956199915373
ai_aristotle,IMO2025P4_solve2,term,2.332683889892132
ai_aristotle,IMO2025P4,term,2.2828213096281798
ai_aristotle,IMO2025P5,term,2.435130907744684
ai_alphaproof,P1_polished,term,2.419268734743663
ai_alphaproof,P1_raw,term,2.484567877634084
ai_alphaproof,P2_polished,term,2.334333756704577
ai_alphaproof,P2_raw,term,2.0276786120826626
ai_alphaproof,P6_polished,term,2.1808730263478555
ai_alphaproof,P6_raw,term,2.1293987925595133
ai_seed_imo,P1,term,2.360295450265411
ai_seed_imo,P3,term,2.116534298582727
ai_seed_imo,P4,term,2.2951683522306565
ai_seed_imo,P5,term,2.4470174186454416
