pair,source
pair_b26074ad,math_test
pair_a2599662,math_test
pair_c950c340,math_test
pair_45521fff,math_test
pair_bd612553,math_test
pair_9a2554f2,olympiads
pair_6a447572,math_test
pair_946bc740,olympiads
pair_4405505c,math_test
pair_0e90e290,amc_aime
pair_48cfef30,aops_forum
pair_a678465e,olympiads_ref
pair_50f65147,olympiads
pair_b4ba605e,olympiads
pair_30c4e753,math_test
pair_b1d15b93,math_test
pair_0e9a0016,secondary_math
pair_76494dbd,olympiads
pair_0e32bcce,amc_aime
pair_99286beb,math_test
pair_a644e678,math_test
pair_894581ef,math_test
pair_df783b78,olympiads
pair_70ee9af5,amc_aime
pair_14c04549,math_test
pair_2cad8875,math_test
pair_1286e618,amc_aime
pair_5feca8f4,olympiads
pair_3f05e6e5,olympiads
pair_30156fe4,math_test
pair_fe3e5ba4,olympiads_ref
pair_e72752fa,math_test
pair_ceff9d94,amc_aime
pair_20a80c6e,aops_forum
pair_1d5f9f4b,math_train
pair_9551fce6,math_train
pair_323a3adb,olympiads
pair_4168a0c8,math_train
pair_1260ffed,math_test
pair_303b3b6f,math_train
pair_7d5098ed,olympiads
pair_f2ceada1,aops_forum
pair_1bf21e78,olympiads_ref
pair_e8bb7234,math_train
pair_9af28884,math_train
pair_7dd80ef0,math_test
pair_a07e8d4a,olympiads
pair_450cb727,math_train
pair_6d4f98d4,math_train
pair_4c8a2a5e,math_train
pair_0b668267,math_train
pair_e5b695a5,number_theory
pair_fd138566,olympiads
pair_a6a5a919,number_theory
pair_5d026d45,amc_aime
pair_e741ccbc,math_train
pair_768ae39e,olympiads
pair_b86aff80,math_train
pair_25a9af7d,math_train
pair_e0292b80,number_theory
pair_52aea08b,amc_aime
pair_f9dd3c48,math_train
pair_4a3a5691,math_train
pair_d00e5e64,number_theory
pair_08f791c1,amc_aime
pair_fed6b037,math_train
pair_5d6fab9d,olympiads
pair_1ea88ff1,math_train
pair_b87016ae,aops_forum
pair_b7bb3d8e,math_test
pair_bc8756da,amc_aime
pair_51120e2b,math_train
pair_2ecd6360,number_theory
pair_11b24520,math_train
pair_f096d1c8,math_train
pair_8ee0fb74,math_test
pair_9faef40c,olympiads
pair_56bc3427,math_train
pair_9c11521b,amc_aime
pair_664eac07,math_train
pair_d203b1a6,math_train
pair_8e690f90,math_train
pair_350d6834,amc_aime
pair_a0f27c36,aops_forum
pair_13391edf,math_test
pair_1c04a9ae,math_train
pair_3dcb5edd,olympiads
pair_8f0a1ac9,amc_aime
pair_7ef3ed9d,olympiads
pair_2d67a32e,math_train
pair_b153ac58,math_train
pair_500f70cd,aops_forum
pair_a11b5771,math_train
pair_359f2631,secondary_math
pair_fcdf1e35,olympiads
pair_e122d56e,math_train
pair_5647c1b9,math_test
pair_5039bbb3,math_train
pair_26e84fcd,math_train
pair_b3ab6873,math_train
pair_d827cd0a,math_test
pair_fb78daff,math_train
pair_b9efa34e,amc_aime
pair_1ecad089,olympiads
pair_b00ee37b,math_train
pair_13d805d4,amc_aime
pair_ead8738b,math_train
pair_7b35714e,math_test
pair_e0ba091c,math_train
pair_442ba594,math_train
pair_2d9a7d36,amc_aime
pair_fe547a01,math_test
pair_a10a822f,olympiads
pair_bd986a97,math_test
pair_221c417d,olympiads_ref
pair_f0dacaa3,number_theory
pair_5816c1d4,amc_aime
pair_95455a42,number_theory
pair_91778238,math_train
pair_5144efb1,math_train
pair_ae96c299,olympiads
pair_917764ed,math_train
pair_d9029820,cn_contest
pair_93cd1c59,math_test
pair_259d8367,amc_aime
pair_c3dbd5d3,math_train
pair_5041a21e,math_train
pair_701fe448,math_train
pair_1b907c78,cn_k12
pair_7f4054b7,aops_forum
pair_d29cd665,math_train
pair_58716395,math_test
pair_3e7604ad,aops_forum
pair_ea608f16,math_train
pair_587b1256,olympiads
pair_22f16324,aops_forum
pair_ec40eca0,amc_aime
pair_440f2c7c,math_train
pair_df42953e,math_test
pair_072b0804,math_train
pair_9892774a,math_train
pair_9a78d5f2,cn_k12
pair_64535cb1,math_train
pair_549c747c,olympiads_ref
pair_eb24c79a,cn_k12
pair_ad39313c,aops_forum
pair_d05b855a,olympiads
pair_2d4cb206,cn_k12
pair_2ba40a15,math_train
pair_3bf9c531,number_theory
pair_c2c9bb14,math_train
pair_d0387aa0,math_train
pair_480d920a,number_theory
pair_6818451c,math_train
pair_3ff0af1e,math_train
pair_5d156a5d,math_test
pair_cc358b90,math_test
pair_c4a7e8c3,math_train
pair_058b547e,math_train
pair_6ab3a53f,math_test
pair_cb9a6fb7,math_train
pair_f10413c8,olympiads_ref
pair_aa761cbd,math_train
pair_08acb0c8,olympiads
pair_cb4bfe65,math_train
pair_b52b33f4,aops_forum
pair_9492d22f,amc_aime
pair_e68a55a4,aops_forum
pair_737e2b1f,number_theory
pair_5b377b55,amc_aime
pair_2ca21479,olympiads
pair_8898bd29,number_theory
pair_4ff58f19,math_train
pair_a79ff5a0,number_theory
pair_bf6cf70f,cn_k12
pair_eb63c4a0,math_test
pair_f250a4e7,math_test
pair_e3a73eb1,math_train
pair_57b2e6ef,math_train
pair_3121ac65,math_train
pair_bfc14960,amc_aime
pair_a01b5ee6,olympiads
pair_cbc8b348,cn_k12
pair_5cd26bd6,math_train
pair_3fcca4a6,math_train
pair_535c413d,math_test
pair_a592b16e,math_train
pair_9b1dc62c,math_train
pair_740dcefb,math_test
pair_d0c4d578,olympiads
pair_6cdaca2f,math_train
pair_c267ff2b,math_train
pair_16646841,number_theory
pair_5e323eec,olympiads
pair_34b2dbc3,math_train
pair_4ca36410,math_train
pair_4829ed6c,math_train
pair_b2e9f3a3,math_train
pair_74e05d44,olympiads_ref
pair_648bedf1,math_train
pair_b2c6e65e,cn_contest
pair_5a7fc501,amc_aime
pair_807fa532,olympiads
pair_a10e43bf,amc_aime
pair_8fbe9093,number_theory
pair_5e987250,cn_k12
pair_95cc16d3,math_train
pair_a81a9e35,amc_aime
pair_c4261dae,cn_k12
pair_fd82fe58,math_train
pair_6bf8e110,math_train
pair_4260e68a,math_train
pair_02867743,math_train
pair_6abd8a3e,math_train
pair_7031ed4a,olympiads_ref
pair_f960eb42,math_test
pair_464663e7,math_test
pair_80de1ec1,cn_k12
pair_7f32ef1d,math_train
pair_7415487b,cn_k12
pair_de2c4a46,olympiads
pair_4bcf9945,amc_aime
pair_149fe16f,olympiads_ref
pair_2b98a46f,math_train
pair_c9f61fd9,math_train
pair_5fafd2ee,amc_aime
pair_5c432470,math_train
pair_9213c2c9,math_test
pair_bf349feb,math_train
pair_86bc99ec,cn_k12
pair_0050c84f,olympiads
pair_a0b965e9,olympiads
pair_2c4bd84d,math_test
pair_2317e8ca,olympiads
pair_08bd7807,math_train
pair_e2a542d7,cn_contest
pair_19f3b929,math_test
pair_479d7e25,math_train
pair_2f0c61c8,math_test
pair_d23932f1,math_train
pair_4350b7b7,math_train
pair_7f25083e,number_theory
pair_e3adca00,math_train
pair_d541a4c7,math_test
pair_71afce1b,math_train
pair_34ed3643,secondary_math
pair_db22416f,math_train
pair_1f659025,math_train
pair_c52ef4bf,math_train
pair_e335c305,math_train
pair_3eaf1908,math_train
pair_fc773fb5,math_train
pair_8e35a5ef,aops_forum
pair_ff9f44c9,math_test
pair_d4452d01,math_train
pair_eb9105cc,amc_aime
pair_677749e1,math_train
pair_cf7e0dbd,olympiads_ref
pair_29b6459c,math_test
pair_7ecc9032,olympiads
pair_c7447f28,amc_aime
pair_5bd30240,math_test
pair_c81e61c2,olympiads
pair_f1925754,math_test
pair_48881c66,amc_aime
pair_6c0af0ff,math_train
pair_f1cced2f,math_train
pair_7b69108e,olympiads
pair_5be38b14,math_train
pair_b7177d6f,math_train
pair_08a52a63,amc_aime
pair_24e159a3,math_train
pair_3d18ef8b,olympiads
pair_851a5ece,math_train
pair_fec805f0,math_test
pair_e457aa56,math_train
pair_4e8f58e6,math_train
pair_08a92869,math_train
pair_1a0e69c5,olympiads
pair_2bf91739,olympiads
pair_29059eae,math_train
pair_f3902d8c,math_train
pair_11bdfb8e,math_test
pair_c92e6cc4,math_train
pair_e30b7cd5,math_train
pair_2ab4acb7,math_test
pair_42247153,math_train
pair_56181f7d,aops_forum
pair_76b2f707,math_test
pair_b1582a36,olympiads
pair_05689e6a,math_test
pair_1a4c80fd,cn_k12
pair_fedf7c0f,math_test
pair_445ab2ce,math_train
pair_0f40f95a,olympiads
pair_cfa27f90,math_train
pair_93cb0374,math_test
pair_5dfbd84c,olympiads
pair_73bd6122,cn_k12
pair_4974f97a,cn_k12
pair_f81be4de,math_train
pair_affaf94d,math_test
pair_07e2be72,amc_aime
pair_53d17330,math_train
pair_39f693fd,olympiads_ref
pair_b5ba72ad,math_train
pair_1352702d,number_theory
pair_68f8a65f,math_train
pair_56151c6e,math_train
pair_9bf02620,math_train
pair_33f8d99b,cn_contest
pair_fc03e964,olympiads
pair_aaefa534,amc_aime
pair_d354e6bc,math_train
pair_155c7ff8,secondary_math
pair_17a1b79b,cn_contest
pair_8e65843e,math_train
pair_dd609a30,math_train
pair_af58b0a0,cn_k12
pair_02cae9ff,math_train
pair_4aea7a0a,math_train
pair_769dcfbe,amc_aime
pair_f95bce22,math_train
pair_54b9a1f3,math_test
pair_8cf171b5,math_train
pair_ba89de36,math_train
pair_8b90965a,cn_contest
pair_bf56e635,math_test
pair_931dd76e,math_train
pair_63f93fa4,math_test
pair_7d1b329e,math_train
pair_d0030d73,math_test
pair_f39a4f3d,olympiads
pair_8932c016,math_train
pair_c33a7eeb,math_train
pair_915d7da0,math_train
pair_e2d5070d,math_train
pair_61597198,math_test
pair_1a9098cd,cn_contest
pair_67ce723c,olympiads
pair_c9e45f55,number_theory
pair_f73d83e9,math_train
pair_108b1870,math_train
pair_7631bb8f,cn_k12
pair_33135e91,olympiads
pair_67d10a4a,aops_forum
pair_621d5eb0,olympiads
pair_98b1023d,math_train
pair_81285f9e,math_train
pair_ce4a4bcc,math_test
pair_3e9d1f1e,math_train
pair_7f1ef490,number_theory
pair_ef15dc4b,math_train
pair_6978d00d,olympiads
pair_e6da8a23,math_train
pair_b2fab2a5,math_test
pair_7c8c1f43,olympiads
pair_190fcb9e,math_train
pair_c6b3563e,math_test
pair_19072a0a,olympiads
pair_afe2f3a6,math_test
pair_3d2c868d,olympiads_ref
pair_3ebcad82,cn_k12
pair_6876e834,cn_k12
pair_7ab18f25,cn_k12
pair_82b4d725,olympiads
pair_5f18ea07,math_test
pair_42f55e69,aops_forum
pair_fb2233d4,math_train
pair_65a273ef,math_train
pair_9c338119,math_train
pair_00f46d63,cn_k12
pair_f787ce33,math_train
pair_7bd2a10c,math_train
pair_f39ff433,secondary_math
pair_3e6b57e9,amc_aime
pair_1db80b11,number_theory
pair_902e152c,math_test
pair_31efc93a,cn_k12
pair_4d68f3d1,math_train
pair_59111b24,math_test
pair_01574a48,amc_aime
pair_ec2f2451,math_train
pair_ac854115,math_test
pair_869a2011,cn_k12
pair_63a3f3f5,olympiads_ref
pair_a41e71a8,cn_k12
pair_b4b40e99,aops_forum
pair_a3f82c75,aops_forum
pair_2fe3edb5,olympiads_ref
pair_d918b30a,math_train
pair_05d55f6d,cn_k12
pair_b4c14075,cn_k12
pair_6bdc5ec1,math_train
pair_9084ad45,amc_aime
pair_a4b6f46f,math_train
pair_bf7f9742,math_train
pair_0bf16405,amc_aime
pair_18fcf9b6,olympiads
pair_26dcecc4,math_test
pair_b7f5af11,math_train
pair_81a23aeb,math_train
pair_26741d23,math_test
pair_5351e245,math_test
pair_84aa00eb,amc_aime
pair_2c57278c,math_train
pair_1e7043e2,math_train
pair_f17d5666,aops_forum
pair_427b59e5,math_train
pair_14da2adf,number_theory
pair_b3f6c860,amc_aime
pair_a60ac2eb,number_theory
pair_85852c44,math_test
pair_d2bf503e,math_train
pair_571a4f53,math_test
pair_8e82b67b,amc_aime
pair_16f848fe,math_test
pair_f5543c0c,math_train
pair_b94f69f4,math_train
pair_c41a8ca9,olympiads_ref
pair_6301c32d,number_theory
pair_af2e99a3,math_train
pair_94e75697,math_train
pair_afd1b0b9,math_test
pair_c41e393b,math_test
pair_4a1db50a,secondary_math
pair_e4a0a866,math_test
pair_651ba6a0,olympiads
pair_d7744818,amc_aime
pair_d1f2116b,number_theory
pair_24c03431,math_train
pair_609a472f,olympiads_ref
pair_51cfa91e,amc_aime
pair_888a1c84,math_train
pair_042fa966,math_train
pair_74caf35f,math_test
pair_759606e4,math_train
pair_223ec94b,olympiads
pair_ba2e53aa,math_train
pair_e7428422,math_test
pair_2fc6a122,amc_aime
pair_4a23a011,number_theory
pair_a72bc4ae,olympiads
pair_74d1dc10,math_train
pair_fae7d877,amc_aime
pair_55d03933,number_theory
pair_70ad8bd3,amc_aime
pair_6e91ac89,number_theory
pair_a30cb84e,olympiads
pair_332d666d,cn_k12
pair_bb2f9e77,math_train
pair_44ba9cd0,cn_k12
pair_08614389,math_train
pair_77658e38,cn_k12
pair_0f3a18aa,math_train
pair_5c0df509,cn_k12
pair_47b1b03f,math_train
pair_cae95323,cn_k12
pair_06c49753,math_test
pair_1f31e1b9,math_train
pair_080533ba,number_theory
pair_328bfced,math_train
pair_8d3365dc,math_test
pair_6908990e,number_theory
pair_957a4df9,math_train
pair_da1b22a7,math_test
pair_c722018c,olympiads_ref
pair_d0dfff17,math_train
pair_79f98328,olympiads_ref
pair_6a344db4,math_train
pair_12b77ca2,math_train
pair_5f70b34a,olympiads_ref
pair_b1e067c3,olympiads
pair_37d880cd,number_theory
pair_22ff4e26,number_theory
pair_ce942415,cn_k12
pair_e9663c68,aops_forum
pair_4c110c3c,math_train
pair_0b123512,math_train
pair_3599ccac,math_test
pair_beeb44b5,math_train
pair_127cb9ca,olympiads_ref
pair_0e3ec0d0,olympiads
pair_28166c34,amc_aime
pair_42e6b04a,olympiads_ref
pair_4625d43e,amc_aime
pair_db881e0a,number_theory
pair_d71a4f84,math_train
pair_3a8c6217,math_train
pair_ff98d3f9,math_train
pair_9749d118,math_train
pair_adf94e59,math_train
pair_923705f8,math_train
pair_49fcb0c0,math_train
pair_c164b95b,math_train
pair_81db3cca,cn_k12
pair_5e9baaee,amc_aime
pair_12681406,cn_k12
pair_6a121104,math_train
pair_b866a452,math_train
pair_e1f76310,number_theory
pair_724de330,math_train
pair_7cf415f9,math_train
pair_3b77b23f,number_theory
pair_122f4df2,math_test
pair_ab17ecf8,math_test
pair_533bb53b,amc_aime
pair_b5ae744f,number_theory
pair_8694b7be,math_test
pair_3c02fb15,math_train
pair_c38d0acb,olympiads
pair_25eab619,math_test
pair_45f0139d,cn_k12
pair_8bc2c620,math_test
pair_9effdc53,cn_k12
pair_b9062d69,olympiads_ref
pair_7527e184,math_test
pair_317c4ad5,cn_k12
pair_4b2c224c,math_train
pair_62e06b26,cn_k12
pair_2650134c,number_theory
pair_65586fee,amc_aime
pair_feb0f4e2,math_train
pair_c32a1626,math_train
pair_0152caff,math_train
pair_7007ed35,math_train
pair_8f6e0946,math_train
pair_51aa7126,olympiads_ref
pair_e9e4e2ab,math_train
pair_6189711d,math_test
pair_3e341530,math_train
pair_36d7d304,math_train
pair_990bff2e,amc_aime
pair_34ab11af,cn_k12
pair_fc3dfe31,cn_contest
pair_b4ab03a7,aops_forum
pair_e7dcfa1d,math_train
pair_16bca762,olympiads_ref
pair_a8d017ee,math_test
pair_9d85b82b,math_train
pair_95b14d4b,math_train
pair_84100d65,amc_aime
pair_fdcb70c9,olympiads
pair_debcd118,math_test
pair_60c4161c,amc_aime
pair_537de1c9,math_train
pair_b91dfdd2,math_train
pair_79ed8df4,math_train
pair_f9baa4be,math_train
pair_4c8a54a9,cn_k12
pair_35bf1866,amc_aime
pair_e463ab05,cn_contest
pair_4aa667b9,math_train
pair_83141d85,math_train
pair_b4b897fd,amc_aime
pair_0f5fdc1f,math_train
pair_3fc75a3f,math_test
pair_5a6fca10,math_train
pair_42565c66,amc_aime
pair_c731bddd,math_train
pair_cc759748,number_theory
pair_916a65a8,olympiads_ref
pair_4f1f31b6,math_test
pair_087d3592,number_theory
pair_71bcd48e,inequalities
pair_185bf34b,math_train
pair_5b31ad23,math_train
pair_2ed706c5,math_train
pair_3dcaaf3f,math_train
pair_6e98ad25,aops_forum
pair_94d363ee,aops_forum
pair_4de8eed7,cn_contest
pair_35df5aa4,math_train
pair_14f9e83d,math_train
pair_648874aa,math_train
pair_350bc171,cn_k12
pair_4c573162,olympiads
pair_f0bd18f6,amc_aime
pair_ab4884d0,math_train
pair_2e1ddb48,math_train
pair_e6984e0e,amc_aime
pair_0f3deadd,math_train
pair_ae539e31,math_train
pair_8e2ef668,olympiads
pair_43942d06,olympiads_ref
pair_37b794c8,math_test
pair_05bb3001,number_theory
pair_97de4bc4,olympiads_ref
pair_690944da,math_test
pair_68f68549,amc_aime
pair_6ea53107,amc_aime
pair_2bce1747,cn_k12
pair_4b901e4e,number_theory
pair_c5fb8da2,math_train
pair_1e7eedf0,olympiads_ref
pair_26684fb4,olympiads_ref
pair_065af37a,number_theory
pair_fea88371,olympiads_ref
pair_3614f10c,olympiads_ref
pair_5b255c96,math_train
pair_6fb54594,math_test
pair_7533f3af,olympiads
pair_b6985933,olympiads
pair_58860281,math_train
pair_e16cca70,math_train
pair_e300f5db,math_train
pair_7c11a2d3,amc_aime
pair_b31bcce1,amc_aime
pair_0deb533d,math_train
pair_bce59eb5,olympiads_ref
pair_0b7ad5b2,math_train
pair_9f1210d3,olympiads_ref
pair_2113375c,math_train
pair_1624ec0b,math_train
pair_29026683,math_train
pair_8aab7f32,math_train
pair_f12215cf,math_train
pair_609a1b34,math_test
pair_d3fcaf0c,amc_aime
pair_b40cb2db,math_test
pair_171e8749,amc_aime
pair_b2da63f2,math_train
pair_7e17d55e,math_train
pair_70e22c59,amc_aime
pair_e4f7205e,olympiads
pair_1fdf0158,aops_forum
pair_b8342aa7,cn_k12
pair_eadfbd18,olympiads_ref
pair_4a08986a,amc_aime
pair_7c1274fc,cn_k12
pair_fd0d8c78,cn_k12
pair_4c0ce8f0,math_train
pair_ae44f216,math_test
pair_d5ffb2e2,cn_k12
pair_65ad32a7,math_train
pair_56e0704e,math_train
pair_61ac80bb,math_test
pair_a159fa35,olympiads
pair_f48666ca,olympiads_ref
pair_62de66cc,olympiads
pair_7d60a44b,amc_aime
pair_2c156188,math_test
pair_296a1974,math_train
pair_02d50781,math_test
pair_0d6d6ffd,math_train
pair_fa331d22,math_test
pair_a51fa557,olympiads_ref
pair_6effd37a,math_train
pair_2efef0d7,math_train
pair_18eb2038,math_train
pair_842aefbb,number_theory
pair_9555f590,amc_aime
pair_cc9b0c4f,olympiads
pair_74b2ba17,cn_k12
pair_f1dc3349,aops_forum
pair_57166f31,math_train
pair_14a69bb0,olympiads_ref
pair_ce71e648,math_train
pair_ea17ff15,math_train
pair_696bc1d0,cn_k12
pair_0eab7de5,math_test
pair_f5d4e5bf,cn_k12
pair_e8464b73,math_train
pair_a640f0ba,math_train
pair_cd6ce237,math_train
pair_f760c616,math_train
pair_f61e24aa,math_train
pair_56910d98,olympiads_ref
pair_c172369d,cn_contest
pair_b82b223b,amc_aime
pair_691ba0b1,math_train
pair_9c3c4752,math_train
pair_564fee0e,cn_k12
pair_7d0ea123,cn_k12
pair_097bfb4c,math_train
pair_d45235bd,amc_aime
pair_b189e2b6,cn_k12
pair_b67e9cf9,math_train
pair_33f1151c,math_train
pair_d3d9c433,amc_aime
pair_a45da933,math_test
pair_68883bfd,number_theory
pair_28b4be57,olympiads
pair_62ec0fe0,math_test
pair_600728af,math_train
pair_19a815ff,math_train
pair_9e4d892a,math_train
pair_16858d67,math_train
pair_11ab16fb,olympiads
pair_f0724d01,olympiads
pair_ca5aa737,math_train
pair_5bb25a82,math_train
pair_fdee7e29,math_train
pair_7f4b31cf,math_train
pair_cdce2f7a,amc_aime
pair_d83bc737,math_train
pair_d53f8525,aops_forum
pair_29060fb9,cn_k12
pair_c336ffb4,olympiads
pair_f8f4192b,amc_aime
pair_d409936d,cn_k12
pair_a94bc0c1,math_test
pair_4bf4f101,cn_k12
pair_f3e9bb0e,aops_forum
pair_74eebded,cn_k12
pair_d3ea00a1,math_test
pair_19d5b7ab,cn_k12
pair_8981f747,cn_k12
pair_5b70613a,cn_k12
pair_b4fb9d1e,math_train
pair_5a0a6e05,aops_forum
pair_f3bc700e,cn_k12
pair_7d3c827c,cn_k12
pair_c86b48d9,math_train
pair_6bcfd203,math_train
pair_8fbcb9a1,math_train
pair_f979fa54,cn_k12
pair_1ba1a63d,math_train
pair_a4d3b82f,math_train
pair_86645a34,aops_forum
pair_f79e7f16,unknown
pair_7b5f2036,math_train
pair_a43b3e5b,unknown
pair_15ef13db,olympiads_ref
pair_75f5799b,math_train
pair_5592fd72,math_train
pair_e119dd13,cn_k12
pair_657c3276,olympiads
pair_1c6a86e7,cn_k12
pair_8d2303ef,number_theory
pair_c244bdd0,math_train
pair_be65ab73,amc_aime
pair_a9e1cd78,math_train
pair_6710cc1f,math_train
pair_5a3708d7,math_train
pair_87d2dbfe,math_test
pair_f78955c7,math_train
pair_13dbafa5,math_train
pair_7d0bdc98,math_train
pair_26771bf6,olympiads_ref
pair_c51edd14,amc_aime
pair_52b5b1b8,olympiads
pair_641a9557,math_train
pair_da7686fb,math_test
pair_8fb15b39,math_test
pair_3c4fed48,math_train
pair_0eda2d63,number_theory
pair_d87771de,cn_k12
pair_2c66820b,math_test
pair_851043e2,math_train
pair_cddc6504,cn_k12
pair_0d40dbec,olympiads
pair_b03f386a,math_train
pair_22917dd6,math_train
pair_c6a91ecf,math_train
pair_4468d9ff,olympiads
pair_de483a80,cn_k12
pair_10bf58b8,olympiads
pair_843fc414,cn_k12
pair_0e0ee7fb,math_train
pair_a3fa3c73,cn_k12
pair_ae579b92,cn_k12
pair_9b9c7f6e,math_train
pair_8c2434f7,cn_k12
pair_7283cf08,amc_aime
pair_fc07e083,math_train
pair_f9daac72,math_train
pair_6f43e4d2,olympiads
pair_d78203e9,olympiads
pair_02298a7a,math_train
pair_c721248b,math_train
pair_46f6c402,olympiads
pair_b2cfeb89,math_train
pair_9a6f51a3,math_train
pair_b124c50a,math_train
pair_512e1ab2,olympiads
pair_742d9b44,math_test
pair_d12f7bbf,aops_forum
pair_ef93bac4,math_test
pair_699b30e3,amc_aime
pair_1bb48d54,math_test
pair_e1086cb8,math_test
pair_5cddf9e7,amc_aime
pair_412ad836,number_theory
pair_1ed8b991,amc_aime
pair_7b293c00,math_train
pair_9ec787a9,math_train
pair_195f308a,cn_contest
pair_edf6ae3a,cn_contest
pair_720b4124,olympiads
pair_70040d68,math_test
pair_52f9db51,math_train
pair_2a792259,olympiads_ref
pair_8af3d569,math_train
pair_faa2bc85,math_test
pair_007a0fab,math_train
pair_d4ce0f91,math_test
pair_f7165df8,number_theory
pair_5e8df97e,olympiads
pair_e83bd10d,math_test
pair_8377efb6,math_train
pair_9e97fc60,math_train
pair_fcae5001,number_theory
pair_15ae0940,math_train
pair_997462a8,math_train
pair_f45ae31a,math_train
pair_3c2e5aec,math_train
pair_6fa72a27,math_test
pair_755873cc,math_train
pair_901ed9d0,amc_aime
pair_6b47a422,math_train
pair_7944a628,amc_aime
pair_40e83a73,amc_aime
pair_6357c298,amc_aime
pair_49d5c301,math_train
pair_5e1ff86b,number_theory
pair_9bacd04a,amc_aime
pair_44a15c50,olympiads
pair_9a7569b0,math_train
pair_cd5e18f7,math_train
pair_c4c5b559,math_train
pair_50577c22,math_test
pair_e19eace3,math_test
pair_d5af1b18,amc_aime
pair_84c48ae4,math_test
pair_15ff0fd4,olympiads
pair_96472bfb,cn_k12
pair_e0e861f3,math_train
pair_f700873e,cn_k12
pair_72a4977b,math_train
pair_ee703249,olympiads_ref
pair_566ce029,olympiads
pair_d123ff17,math_train
pair_5daf2594,olympiads_ref
pair_dab6f3ec,cn_k12
pair_2459e99b,math_train
pair_0104d9f5,math_train
pair_25bf8799,math_train
pair_2eaa131f,math_train
pair_dbc0412d,math_train
pair_1b8ebcde,cn_k12
pair_333e9400,math_test
pair_06f4633b,math_test
pair_6a622317,math_train
pair_b5ae1979,amc_aime
pair_3821ed1b,math_train
pair_6b58fac4,olympiads_ref
pair_cb3b726a,math_test
pair_4229868e,math_train
pair_3b470502,math_train
pair_16db4a45,math_train
pair_6bbfa988,math_test
pair_e560492a,math_test
pair_603774fd,math_test
pair_f2aac9a8,math_test
pair_e6cb680a,math_train
pair_ff284757,math_train
pair_17b9aa80,amc_aime
pair_d2c009c2,olympiads
pair_e10b49c2,cn_k12
pair_06976f82,math_train
pair_1a0125f9,math_train
pair_2405a030,math_train
pair_acbc6e4c,math_train
pair_98d97530,math_test
pair_e233beb8,math_train
pair_59e6f943,math_test
pair_2c884a55,cn_contest
pair_1b607551,cn_k12
pair_fa9133aa,math_test
pair_7f36b968,math_train
pair_4a33972f,math_train
pair_3a6842df,cn_k12
pair_9918808f,math_test
pair_06814684,number_theory
pair_6388e3f7,amc_aime
pair_06f83365,amc_aime
pair_17767a24,math_train
pair_5d555352,math_train
pair_919a0d3c,number_theory
pair_a663aca4,math_train
pair_c021c917,number_theory
pair_09995502,math_train
pair_beb0794d,cn_k12
pair_df693e7a,olympiads
pair_409b71b8,cn_k12
pair_a214c2ee,math_train
pair_03f27419,math_train
pair_36f69643,cn_k12
pair_1e15b2bc,aops_forum
pair_9a1b6a88,cn_k12
pair_17ae3e10,math_train
pair_bfeaff7b,math_train
pair_bf419b23,math_train
pair_e39a58ea,number_theory
pair_2b3de622,cn_k12
pair_fbb422e1,cn_k12
pair_54aff7bc,math_test
pair_b84a01f6,cn_k12
pair_7c07d717,olympiads
pair_ebd7b419,math_train
pair_ed2314b2,secondary_math
pair_0ff12e5e,number_theory
pair_9b5a51b7,olympiads_ref
pair_633bfc96,amc_aime
pair_1a4ee475,math_train
pair_d31b29c5,amc_aime
pair_d74f63f3,math_train
pair_1545d016,math_train
pair_ae900f0c,olympiads_ref
pair_3b1172ec,cn_k12
pair_e0c795d5,olympiads_ref
pair_245c0cd1,number_theory
pair_07a0e438,cn_k12
pair_9e164a02,math_train
pair_80ceb5f5,cn_k12
pair_7ca2c1fb,math_train
pair_e1855659,amc_aime
pair_ae42a815,math_test
pair_6fad3607,cn_k12
pair_c375c459,math_train
pair_928303e7,math_train
pair_f5a8395e,olympiads
pair_7c134902,math_test
pair_ab9adeb3,cn_contest
pair_bb4f993a,cn_contest
pair_c9da2ff4,math_test
pair_46e4c8c3,math_train
pair_ada0c403,math_train
pair_87004c40,cn_contest
pair_fd66b918,olympiads
pair_a1c4c0a9,amc_aime
pair_55743e0b,cn_k12
pair_1eff920f,cn_k12
pair_f2d4a650,cn_k12
pair_2d664ac4,math_train
pair_e63cf3d2,cn_k12
pair_5b629083,math_test
pair_aae0bfde,cn_k12
pair_58e22ef3,math_train
pair_5ff1477a,amc_aime
pair_2b963df0,math_train
pair_13a52021,math_test
pair_889535da,math_train
pair_7e888b84,olympiads
pair_bd02dcbc,math_train
pair_8fa96881,math_test
pair_d5c1c95c,olympiads
pair_a1af48fa,cn_k12
pair_d0617a44,math_train
pair_9e334a9e,math_train
pair_ea849cad,math_train
pair_802b0c9a,math_train
pair_9015aa50,cn_k12
pair_d7c0b0b3,amc_aime
pair_30571040,amc_aime
pair_8ec7a4c8,math_train
pair_f1c34ed8,number_theory
pair_2c90f4a4,olympiads
pair_97854be6,math_train
pair_5036f250,amc_aime
pair_61612a61,number_theory
pair_429c7eec,math_train
pair_0f5088bf,math_train
pair_0145f28f,unknown
pair_5bcf020d,secondary_math
pair_b5dab1a1,amc_aime
pair_ed0d99a8,number_theory
pair_58ffbee6,olympiads
pair_0531c85a,math_train
pair_d6175c27,math_test
pair_0a0d7ef1,math_train
pair_e4b3d3b7,math_test
pair_c3e6e811,cn_k12
pair_340c146e,olympiads
pair_474f3b09,math_train
pair_5039bd13,number_theory
pair_47347e14,cn_k12
pair_63ecc0c9,number_theory
pair_efb9dcdd,amc_aime
pair_1a4a46b6,cn_k12
pair_3922a27c,cn_k12
pair_f698e7cc,aops_forum
pair_f17e5d3f,amc_aime
pair_55de4993,olympiads
pair_8d6d2aa2,olympiads_ref
pair_b4d8f3ef,math_train
pair_3ea47a65,cn_k12
pair_211377eb,cn_k12
pair_cd912773,cn_k12
pair_8c881e19,math_train
pair_2f9a449b,number_theory
pair_a4ad52ae,cn_k12
pair_d38db9ee,cn_k12
pair_26191aed,math_test
pair_67a67d40,math_train
pair_ec539625,math_test
pair_496f71fb,olympiads_ref
pair_090aa385,cn_k12
pair_6d555ac2,olympiads_ref
pair_f3fdb304,cn_k12
pair_d47d2a35,math_test
pair_40ab4619,cn_k12
pair_ec4ae80b,cn_k12
pair_f7f01861,math_test
pair_6c901385,olympiads_ref
pair_d5b05620,math_train
pair_b7f7cca5,math_test
pair_d80f9e15,math_train
pair_42730bdd,amc_aime
pair_1d8d3001,math_train
pair_13348f72,math_test
pair_5cf7a965,math_test
pair_846617be,math_train
pair_71a09455,math_test
pair_64fa58df,math_train
pair_f7bac53b,amc_aime
pair_241a8561,math_train
pair_5c640246,olympiads_ref
pair_99e4460d,math_train
pair_217bb872,aops_forum
pair_31d47f07,math_train
pair_201cf86e,math_test
pair_1de24453,olympiads_ref
pair_cc98e98a,math_train
pair_7a9abe33,amc_aime
pair_189d035f,math_train
pair_66bfbaef,math_train
pair_1f7b7331,math_train
pair_0c9ecd6b,math_train
pair_44418174,math_train
pair_28db8c9e,math_test
pair_50a5df29,math_test
pair_34118550,cn_k12
pair_4ad62068,math_train
pair_c9586bec,math_train
pair_701e83de,math_train
pair_a302a9d8,math_train
pair_d7a8b9dd,math_train
pair_555f1ee8,math_train
pair_fe29353b,math_train
pair_bde52c9a,math_train
pair_2af76d85,unknown
pair_c7a11f6b,math_train
pair_242e0eae,math_train
pair_55a2ab10,amc_aime
pair_32cefb9b,math_test
pair_ccafea64,math_test
pair_3a396a04,math_test
pair_4cc62d93,math_test
pair_3db79af4,cn_contest
pair_744ff6d3,math_test
pair_4cc9ed62,olympiads_ref
pair_ab295da2,math_test
pair_5335bf33,math_test
pair_d77228a4,olympiads_ref
pair_9a76593a,math_test
pair_1db3cf23,math_test
pair_adb0000f,olympiads_ref
pair_b97018ae,math_test
pair_44450537,math_test
pair_127f6c92,math_test
pair_56d93d1a,math_test
pair_38902e28,number_theory
pair_866046fd,olympiads_ref
pair_3d4696f0,number_theory
pair_688e1b9d,cn_contest
pair_46ad9487,olympiads_ref
pair_b65d7ee7,olympiads_ref
pair_bcfab26d,olympiads_ref
pair_fd008cdf,olympiads
pair_b79cccd1,olympiads
pair_2fba10ea,olympiads_ref
pair_53dc3078,olympiads
pair_53de3d0b,olympiads
pair_17a4d7d8,olympiads
pair_f087056e,unknown
pair_dfef6f7e,cn_contest
pair_d23bc2b7,olympiads
pair_12664de2,number_theory
pair_790cfa6a,unknown
pair_93c07e39,cn_contest
pair_838494bd,olympiads_ref
pair_53c93f80,number_theory
pair_f3da2dcd,olympiads
pair_0e402c49,cn_contest
pair_07a8cc19,olympiads
pair_5b59bc50,olympiads_ref
pair_e411bdaf,number_theory
pair_71fbb388,amc_aime
pair_2ece0bd0,cn_k12
pair_10a4b6cd,amc_aime
pair_06fcc9a3,olympiads_ref
pair_25b4a354,cn_k12
pair_371f3c91,amc_aime
pair_62c0890c,olympiads_ref
pair_214b0001,cn_k12
pair_e45e6b50,amc_aime
pair_e42dcbc5,olympiads_ref
pair_f17629fd,olympiads
pair_84b213ef,cn_k12
pair_a6628816,olympiads
pair_5a73de42,math_train
pair_d4baa9a9,olympiads_ref
pair_6d1978c5,amc_aime
pair_f139ea4b,olympiads
pair_e5328112,math_train
pair_d82e470e,olympiads_ref
pair_ae38c045,math_train
pair_5ed4c742,math_train
pair_d4dc0de7,olympiads
pair_73fa1073,olympiads_ref
pair_63c83791,amc_aime
pair_3d1d4324,olympiads_ref
pair_6d5587a1,amc_aime
pair_b03acd12,math_train
pair_cc871b1c,cn_contest
pair_7be91dff,cn_contest
pair_6af4bb92,olympiads_ref
pair_56c9d7db,amc_aime
pair_f827a253,amc_aime
pair_baf84fc2,olympiads_ref
pair_677913f7,olympiads
pair_1e6ca847,olympiads
pair_4d21772c,amc_aime
pair_369c6536,olympiads
pair_b1a1594e,cn_contest
pair_9a5127af,olympiads
pair_b025cc8b,amc_aime
pair_91afa7f7,amc_aime
pair_f894f36b,olympiads_ref
pair_221506da,amc_aime
pair_3be0b9ef,math_train
pair_a6e7b3e0,cn_contest
pair_4f463b88,math_train
pair_863a2592,amc_aime
pair_e5f59f18,cn_contest
pair_5aaa488b,amc_aime
pair_cc4ae138,olympiads
pair_241e1a29,amc_aime
pair_7bfb79d1,olympiads_ref
pair_b7db4fff,olympiads_ref
pair_da508454,amc_aime
pair_eed06da8,olympiads
pair_0bb338af,olympiads_ref
pair_43352983,olympiads
pair_7deb9cc9,olympiads_ref
pair_d7559556,olympiads_ref
pair_18294f2e,olympiads
pair_2d3b184b,olympiads_ref
pair_7faba3f1,amc_aime
pair_b6e03c27,olympiads
pair_e3dfe832,olympiads_ref
pair_70482d7d,amc_aime
pair_9d27788d,olympiads_ref
pair_fed20448,cn_contest
pair_5df84962,amc_aime
pair_767a37de,olympiads
pair_230b0c47,olympiads
pair_fc017bd5,olympiads_ref
pair_2dafbfa8,olympiads
pair_c4537555,math_test
pair_30944b94,olympiads
pair_20ecb3fb,cn_contest
pair_ebfa8074,olympiads
pair_e16eeffb,cn_contest
pair_9a76e23c,cn_contest
pair_7e7c02f3,cn_contest
pair_1c5a22ed,olympiads
pair_4729d978,cn_contest
pair_340b28b7,olympiads_ref
pair_5a64a04e,olympiads
pair_ce282cda,amc_aime
pair_3a0c48ab,olympiads
pair_8a60ff2a,cn_contest
pair_7db2a453,olympiads_ref
pair_c4f00782,olympiads
pair_788625c0,olympiads
pair_36bb6af2,cn_contest
pair_426ae28a,cn_contest
pair_d72cfd93,olympiads
pair_ae1d2495,olympiads
pair_ecbfeacd,cn_contest
pair_1414cef2,cn_contest
pair_3b35a861,olympiads
pair_b7e62b95,olympiads_ref
pair_676c2394,olympiads
pair_3ad4b3c6,olympiads
pair_780392a9,olympiads
pair_0ea504a0,olympiads
pair_4399cf76,olympiads
pair_3ec30f20,cn_contest
pair_25bb0f39,olympiads
pair_9ae78be8,cn_contest
pair_b6c77f59,olympiads
pair_8a45bd25,cn_contest
pair_4036a456,cn_contest
pair_ac526486,olympiads_ref
pair_f543506d,olympiads
pair_93f334f8,cn_contest
pair_f7637b05,olympiads
pair_55285261,olympiads
pair_816811df,olympiads
pair_e37987ec,olympiads_ref
pair_10ee3386,olympiads
pair_31971f69,cn_contest
pair_7c6d21e0,cn_contest
pair_63244b6e,olympiads
pair_036e6d88,olympiads
pair_0a47d39b,cn_contest
pair_ea506f64,cn_contest
pair_d86dcf6a,olympiads
pair_e654bce8,olympiads
pair_bab55aa6,olympiads
pair_5c1cd10b,cn_contest
pair_78cc3bca,cn_contest
pair_9f725006,olympiads
pair_4cdc6bb8,olympiads
pair_b9a4078e,olympiads
pair_75884571,olympiads
pair_49366beb,cn_contest
pair_51aae4ed,aops_forum
pair_7fc4c74b,cn_contest
pair_769a0ebc,olympiads
pair_eeb0b7b4,aops_forum
pair_00b23e63,cn_contest
pair_f1a813ba,olympiads
pair_2b6c3db7,olympiads_ref
pair_ca0816c0,olympiads_ref
pair_e7575bee,olympiads
pair_d64b87ab,cn_contest
pair_3d6ee832,aops_forum
pair_500c46e9,cn_contest
pair_2cdc8ae3,olympiads
pair_d51aa77f,cn_contest
pair_4bc9f98a,cn_contest
pair_19a6de8d,olympiads
pair_e836b428,cn_contest
pair_b8a854cb,amc_aime
pair_2d831db5,cn_contest
pair_0f710546,olympiads
pair_42659f89,olympiads
pair_b8f71f02,cn_contest
pair_a5ad8eeb,olympiads
pair_f015dd52,cn_contest
pair_29fe72f3,olympiads
pair_bada1faa,cn_contest
pair_c5ea827c,olympiads
pair_ad4ad267,olympiads
pair_d828c57b,cn_contest
pair_24adbfdc,cn_contest
pair_503577ff,cn_contest
pair_04aeef30,cn_contest
pair_d84df30f,olympiads
pair_9ff9bf39,cn_contest
pair_17246a2c,olympiads
pair_f27d99ba,olympiads
pair_18a21115,cn_contest
pair_36348d19,olympiads
pair_cb821351,olympiads
pair_39df2403,cn_contest
pair_89e25f16,cn_contest
pair_0a891d0e,cn_contest
pair_40875815,olympiads
pair_b5f36541,olympiads
pair_b3e30ae6,olympiads
pair_4b794509,olympiads
pair_9cb87168,olympiads
pair_dd77b7c3,olympiads
pair_7fba6209,olympiads
pair_06e244fd,olympiads
pair_f8c2f987,olympiads
pair_e63783ae,olympiads
pair_3583dfea,aops_forum
pair_dd39098e,olympiads
pair_6f1ee239,olympiads
pair_7ee7a8bd,olympiads
pair_534d0f42,olympiads
pair_5bea964a,olympiads
pair_af918e56,olympiads
pair_81b1126c,olympiads
pair_71cf0c00,olympiads
pair_938a30e4,olympiads
pair_95974c55,aops_forum
pair_f77032d5,olympiads
pair_31ed26b4,olympiads
pair_d50973f5,olympiads
pair_bc3c7b15,olympiads
pair_2347fae1,olympiads
pair_2e51b927,olympiads
pair_887ceaa9,olympiads
pair_7100ff31,olympiads
pair_d3f04a54,olympiads
pair_11ee8f2b,olympiads
pair_7ff07600,olympiads
pair_f1f98839,olympiads
pair_d7118ee1,olympiads
pair_96a6139a,olympiads
pair_78180ddf,aops_forum
pair_5c2c02e7,olympiads
pair_0be6507c,olympiads
pair_20f6251a,olympiads
pair_8e41022b,olympiads
pair_cf900f06,olympiads
pair_4453d7a8,olympiads
pair_f7c29af4,amc_aime
pair_60b591bf,amc_aime
pair_aea864d0,secondary_math
pair_3d485216,olympiads
pair_373afca0,olympiads_ref
pair_8a21ac35,secondary_math
pair_9cb44684,secondary_math
pair_00f6f69b,inequalities
pair_1f356093,secondary_math
pair_bbe59a8d,olympiads
pair_60b6e95b,aops_forum
pair_afd93506,secondary_math
pair_f8226547,olympiads
pair_1708a5f0,olympiads
pair_af0b76ff,olympiads
pair_d746cf8d,aops_forum
pair_cd81e053,secondary_math
pair_c127f3fb,olympiads
pair_a2545544,olympiads
pair_5345b9eb,secondary_math
pair_d67d2705,olympiads
pair_21eb8339,secondary_math
pair_7289ddc6,secondary_math
pair_c7d0193c,secondary_math
pair_aec04599,olympiads
pair_f1dca99e,olympiads
pair_bbf38730,olympiads
pair_0593f7aa,secondary_math
pair_e91c48ee,secondary_math
pair_71dcce19,olympiads
pair_6c09f387,secondary_math
pair_e0afe81b,olympiads
pair_c3d92e3e,olympiads
pair_b1947faf,secondary_math
pair_c5e74a2a,olympiads
pair_2341777f,aops_forum
pair_04a27118,aops_forum
pair_95d85190,olympiads
pair_91a87727,olympiads
pair_c75b3426,olympiads
pair_c00c8fff,secondary_math
pair_3be74e7f,amc_aime
pair_0490c5e2,olympiads
pair_4be7b59f,olympiads
pair_97d1bc37,olympiads
pair_80cfd283,olympiads
pair_c2aaa2a2,inequalities
pair_0d2ed039,olympiads
pair_3b2bb959,olympiads
pair_aeae298b,olympiads
pair_51eda66a,amc_aime
pair_cffa85ea,olympiads
pair_63189cbe,olympiads
pair_152731e7,olympiads
pair_b73373d1,olympiads
pair_2590c3a7,olympiads
pair_2c87b33e,olympiads
pair_ec8d7bcc,olympiads
pair_827702da,olympiads
pair_72f7e175,aops_forum
pair_05f39502,olympiads
pair_6225d4ce,cn_contest
pair_8cba6110,cn_contest
pair_fd4819eb,olympiads
pair_f4021d4c,olympiads
pair_1bd1b908,olympiads
pair_993c52db,cn_contest
pair_28958f55,olympiads_ref
pair_1aeee193,olympiads
pair_22790e68,amc_aime
pair_31f6864c,olympiads
pair_a60fd8a9,amc_aime
pair_1863dac1,olympiads
pair_2790972b,amc_aime
pair_6e54f0b1,olympiads
pair_04f00bb0,olympiads_ref
pair_ccc6b314,olympiads
pair_6192e886,olympiads
pair_03a1c8d7,olympiads
pair_c49974f8,aops_forum
pair_130544de,olympiads
pair_b15d7ae4,olympiads
pair_6b6aeee2,amc_aime
pair_6a987fa4,amc_aime
pair_5171d1ad,olympiads_ref
pair_adb4da5b,amc_aime
pair_b430eda9,olympiads
pair_5ae64c30,olympiads_ref
pair_cd0b97bc,olympiads_ref
pair_8d6aab62,olympiads
pair_c2e37978,amc_aime
pair_20eb0d3c,olympiads
pair_047a9beb,amc_aime
pair_2d88d3c2,amc_aime
pair_5c3c855f,amc_aime
pair_d0c1af2e,amc_aime
pair_f0203dc5,olympiads_ref
pair_a6e9abf8,amc_aime
pair_14bd707b,amc_aime
pair_f8cb7d4c,olympiads
pair_9f0d7c77,amc_aime
pair_8956508b,math_test
pair_e72fc59f,math_test
pair_51a6807f,olympiads
pair_377a8436,amc_aime
pair_2b847ef0,olympiads
pair_929bff55,olympiads
pair_f7572090,math_train
pair_eb955ac2,math_train
pair_2ab91001,aops_forum
pair_1c3ef16b,olympiads
pair_350c3cb5,number_theory
pair_b3c0e9d1,olympiads
pair_b4e260e0,olympiads
pair_c84a0169,olympiads
pair_ef64bdf6,number_theory
pair_1660ed49,olympiads
pair_3e5837da,amc_aime
pair_c3c08008,math_train
pair_997d6d90,olympiads
pair_fed1a0a6,cn_k12
pair_586c6828,math_test
pair_9d304beb,aops_forum
pair_80979ea2,olympiads
pair_fb35c4cb,math_test
pair_4aa029b3,olympiads
pair_114ac71c,amc_aime
pair_e209dfac,olympiads_ref
pair_f5e39d77,olympiads
pair_bade4871,olympiads
pair_e6cc80f6,math_train
pair_d92632b4,aops_forum
pair_22599b6f,olympiads_ref
pair_a79ae900,math_test
pair_f0d74d61,olympiads
pair_b4812999,amc_aime
pair_51d7f717,math_train
pair_bfd0e8db,olympiads
pair_f62429ca,math_test
pair_419d9520,olympiads_ref
pair_ef2f7bfc,olympiads
pair_0788ec65,olympiads
pair_fe11d3dc,cn_k12
pair_ee52321c,math_train
pair_075eafcb,math_train
pair_2ec45937,olympiads
pair_a3e7b12a,amc_aime
pair_11814e28,cn_k12
pair_75897832,secondary_math
pair_d62cdfbf,olympiads
pair_12b384bc,amc_aime
pair_dacdb551,cn_k12
pair_5635d329,secondary_math
pair_11dce336,olympiads_ref
pair_d96ed8ac,math_test
pair_c6fc953d,olympiads_ref
pair_19f291ba,math_test
pair_960d7e35,olympiads
pair_9aacbef8,olympiads
pair_95a674c7,cn_k12
pair_4835072e,aops_forum
pair_750af393,olympiads_ref
pair_b9f04e73,olympiads
pair_71437a57,amc_aime
pair_9058ec43,olympiads_ref
pair_6e6563f4,olympiads
pair_c8cec76b,olympiads
pair_87bd670d,number_theory
pair_cdbb2c8f,secondary_math
pair_c689b6af,aops_forum
pair_a617c404,olympiads
pair_1bcf1583,olympiads
pair_85e41370,olympiads_ref
pair_36207bfb,math_test
pair_fadcba3b,amc_aime
pair_3b1c2431,amc_aime
pair_3d2e918f,olympiads_ref
pair_af20102f,math_test
pair_3c6f05e4,number_theory
pair_36d6e5b6,amc_aime
pair_149dda45,olympiads_ref
pair_ebc61bc9,olympiads
pair_efdadedb,math_train
pair_8b8f3643,olympiads
pair_e6ebcdab,amc_aime
pair_bd9a753b,olympiads
pair_4d7fd8c6,math_test
pair_7a0b5cdc,cn_contest
pair_6b6ac602,math_test
pair_b3ce2687,number_theory
pair_20aff9c6,inequalities
pair_81b07db6,olympiads_ref
pair_9829b3f2,olympiads
pair_6af41891,olympiads
pair_5ee839bd,cn_contest
pair_ad923dba,olympiads
pair_150b3df7,number_theory
pair_a0cf4dfe,amc_aime
pair_3c7de8b2,math_test
pair_3566395c,inequalities
pair_2529897b,olympiads
pair_df0ee109,olympiads
pair_8b3a41ef,olympiads
pair_d09a080e,olympiads
pair_33af2aaa,math_test
pair_cb52b24a,number_theory
pair_2c46f273,olympiads_ref
pair_afa6c7db,olympiads
pair_42df760d,olympiads
pair_691ac865,cn_contest
pair_ff0f1fa4,math_test
pair_37603035,number_theory
pair_98273f65,olympiads
pair_ce09405f,math_test
pair_9d51d67b,number_theory
pair_ab5b13b0,inequalities
pair_2748f3f1,olympiads
pair_1d8bef20,olympiads
pair_9e7751c1,math_test
pair_71109bdd,number_theory
pair_c63e0432,math_train
pair_254a92af,olympiads_ref
pair_3395ed90,olympiads
pair_d14f424f,math_test
pair_b9bbcc78,number_theory
pair_ba350347,olympiads_ref
pair_2aafab31,amc_aime
pair_33eb583f,math_train
pair_bf40e969,amc_aime
pair_5ca4bc94,olympiads
pair_2609a326,math_test
pair_403d2b33,secondary_math
pair_e662ae99,number_theory
pair_edc1fe33,math_test
pair_04c5bf83,olympiads
pair_3a6a2929,cn_contest
pair_eadcfa44,amc_aime
pair_ddc717c2,math_test
pair_13ea55a4,olympiads
pair_e7eb74c3,secondary_math
pair_77cdd95e,amc_aime
pair_e7425bc6,aops_forum
pair_ba387b33,olympiads
pair_f2481f42,cn_k12
pair_c6a13d04,olympiads
pair_3ae19d99,cn_contest
pair_759ab3a2,amc_aime
pair_96ac42b9,olympiads
pair_b918b027,amc_aime
pair_a747c5aa,math_test
pair_57bacd14,olympiads
pair_7b0b98d6,cn_k12
pair_e04e1c44,olympiads
pair_c59cf0d7,amc_aime
pair_fc9929da,math_test
pair_af01d427,amc_aime
pair_e84fb513,math_train
pair_540232c9,olympiads
pair_bcbd6aa6,number_theory
pair_e20e3985,amc_aime
pair_ecaa3c13,amc_aime
pair_31fd7bcb,olympiads
pair_b450657c,olympiads_ref
pair_070c0d6f,amc_aime
pair_02491ecb,number_theory
pair_696608d7,secondary_math
pair_62b6e279,math_test
pair_d2889c11,olympiads
pair_ed6427c7,aops_forum
pair_11d66911,math_test
pair_72feda01,inequalities
pair_55b8ecf1,math_test
pair_7a8793fd,olympiads
pair_b526d4b4,math_test
pair_19a0748d,secondary_math
pair_0e77e415,number_theory
pair_e5e14291,olympiads_ref
pair_480deb3e,math_test
pair_34981a97,math_train
pair_38af1f44,cn_k12
pair_8b126f34,math_test
pair_b39511ce,olympiads
pair_80947c71,inequalities
pair_84334dbe,olympiads
pair_885efbee,math_train
pair_c02b0a60,cn_k12
pair_f6e701d4,olympiads
pair_92daf189,inequalities
pair_e3fb4cfd,olympiads
pair_44448d48,cn_k12
pair_db92218f,olympiads_ref
pair_78725416,math_test
pair_17a20dfd,amc_aime
pair_77e88976,aops_forum
pair_f776eee7,olympiads_ref
pair_0f905113,math_test
pair_ec8eb018,amc_aime
pair_b71fcd2e,math_test
pair_51d24969,cn_k12
pair_2736b02b,olympiads_ref
pair_477e4f46,amc_aime
pair_965489cb,olympiads_ref
pair_49737f41,math_test
pair_332060a6,math_train
pair_12d75d25,number_theory
pair_2579febe,olympiads_ref
pair_ba58c0a6,math_test
pair_f85d0e18,amc_aime
pair_15402011,number_theory
pair_13476d2f,olympiads_ref
pair_8d463b84,olympiads
pair_22d239ab,math_test
pair_3d2e6c06,secondary_math
pair_94b0bbc6,aops_forum
pair_4ed4bcfa,number_theory
pair_25e574da,olympiads_ref
pair_121126b4,math_train
pair_83a9abf4,number_theory
pair_deb0d50b,olympiads
pair_564fcdf6,math_test
pair_e9e6e2e1,aops_forum
pair_1082bd51,olympiads_ref
pair_0b906ae7,number_theory
pair_6899b7a2,olympiads
pair_a2e908a9,math_test
pair_f549052a,olympiads
pair_83d6ce20,olympiads
pair_da706e7c,olympiads_ref
pair_0841245e,cn_k12
pair_83fb36ec,olympiads_ref
pair_751b4fc1,olympiads
pair_51cc9b9c,olympiads
pair_14fce066,olympiads_ref
pair_11b127b9,cn_k12
pair_5cb7b0c9,secondary_math
pair_39885cc8,aops_forum
pair_9608d18a,olympiads_ref
pair_48aba5a6,cn_k12
pair_771baf7b,olympiads_ref
pair_bae4a80c,math_test
pair_15da2b5f,cn_k12
pair_4e1a996b,amc_aime
pair_a2242792,olympiads_ref
pair_55775cb5,math_test
pair_c2ce0366,olympiads_ref
pair_19e9fe36,cn_k12
pair_3c016cd9,olympiads
pair_f9e6992e,amc_aime
pair_b151469f,olympiads_ref
pair_0f70348d,olympiads
pair_cb7aba06,math_test
pair_59941f32,math_train
pair_bfdd51b8,olympiads_ref
pair_637f6f6d,amc_aime
pair_599ad920,olympiads
pair_5a52ea40,math_test
pair_04d75ac0,olympiads
pair_e23940b8,amc_aime
pair_3e517a35,math_test
pair_53ed7ca7,math_train
pair_95ade813,cn_contest
pair_bc7f58d0,math_train
pair_19517b6c,olympiads
pair_031e226a,math_test
pair_659419e1,olympiads
pair_ba39d0a3,math_train
pair_0b0a9aa2,olympiads
pair_451e04c8,math_test
pair_c26388a2,olympiads
pair_d066e32f,olympiads_ref
pair_bef00f51,amc_aime
pair_06d63d71,cn_k12
pair_ed605034,olympiads
pair_54be38c6,math_test
pair_4ead6d6f,math_train
pair_8b5bdc3a,math_train
pair_163bf276,olympiads
pair_2d7896a8,math_train
pair_bdf62298,olympiads
pair_7c9626f0,cn_contest
pair_b51f543e,aops_forum
pair_e850846a,math_test
pair_81b8694f,amc_aime
pair_f6bee379,aops_forum
pair_a1db6502,cn_k12
pair_f7ca2998,olympiads
pair_b9dd6e0a,olympiads
pair_3ff98656,olympiads_ref
pair_1b7a9328,math_train
pair_d19c4bbf,olympiads
pair_4f346e9d,amc_aime
pair_2a84587a,number_theory
pair_93b47c12,math_test
pair_e39b5195,olympiads
pair_b9df9a69,math_train
pair_83065352,olympiads_ref
pair_e43c8a3b,math_test
pair_6c494065,olympiads_ref
pair_fd918a2a,number_theory
pair_a3240c77,olympiads
pair_09c6790c,amc_aime
pair_1b5196a9,cn_k12
pair_671bc24a,olympiads_ref
pair_2c63bd83,number_theory
pair_c528fb64,olympiads
pair_cb5536de,olympiads
pair_7187bdc5,amc_aime
pair_93ba6d5e,olympiads
pair_4f0b4ee5,number_theory
pair_1411d12d,olympiads_ref
pair_a2b414f0,amc_aime
pair_e7488bba,olympiads
pair_123bf77e,number_theory
pair_43aee1fc,amc_aime
pair_c75af119,olympiads_ref
pair_3cca9874,math_train
pair_894f7365,olympiads_ref
pair_2244ac97,math_test
pair_29444221,olympiads
pair_2b09aabd,olympiads
pair_b49d9cc8,amc_aime
pair_eccc7305,olympiads_ref
pair_d94804fa,math_train
pair_acbd062f,math_train
pair_a5793150,olympiads_ref
pair_c4661dec,aops_forum
pair_f42908ed,math_test
pair_17a174b8,olympiads
pair_15ab9e85,cn_k12
pair_3af1186e,olympiads
pair_a3822ff1,math_test
pair_8e2924c1,olympiads_ref
pair_baa04ee4,math_test
pair_e83bc1b1,olympiads_ref
pair_11e0a70c,olympiads
pair_60775333,amc_aime
pair_843941e8,olympiads
pair_33739d86,aops_forum
pair_2af47d6f,olympiads
pair_a476292c,math_test
pair_c0d3928e,cn_k12
pair_18168733,olympiads
pair_60e97ffa,math_test
pair_b9118bc5,cn_contest
pair_c97139ad,math_test
pair_363bf531,math_train
pair_d0640974,cn_k12
pair_da17b2ca,math_test
pair_10650c37,math_train
pair_5dffb97b,olympiads
pair_32d5762e,aops_forum
pair_3f5b1fb7,olympiads
pair_2349ac1c,cn_contest
pair_1565703f,cn_k12
pair_d7c9fb6c,math_test
pair_74b2a617,olympiads
pair_cd8c746f,olympiads_ref
pair_6e147c70,cn_contest
pair_52f16799,cn_k12
pair_ad609563,amc_aime
pair_7b4e92f2,math_train
pair_b7f41f9e,aops_forum
pair_da514e4c,olympiads
pair_dc9cb78f,cn_contest
pair_3719e144,amc_aime
pair_5aa70a6a,cn_k12
pair_3b516e7e,math_test
pair_16791a9d,olympiads_ref
pair_d5b0a5dc,olympiads_ref
pair_79e4c725,cn_contest
pair_5252d17a,olympiads
pair_bfc71e7a,cn_k12
pair_9b98a189,amc_aime
pair_dc4ec2f7,olympiads
pair_a12bc0d4,secondary_math
pair_30c3af64,cn_contest
pair_0bd33b17,olympiads
pair_ab87c22d,cn_k12
pair_23a641d6,amc_aime
pair_ab6f39d6,math_test
pair_c85dc2aa,olympiads
pair_f404a8e6,olympiads
pair_f9c16136,cn_k12
pair_11f81fc7,olympiads
pair_3b301d3b,olympiads
pair_cc0abb49,olympiads
pair_f03967ce,number_theory
pair_6e9e1ef1,secondary_math
pair_8a7b7be2,olympiads
pair_784704ad,olympiads
pair_e5a470d2,number_theory
pair_7dd99596,number_theory
pair_f5e1cdc2,secondary_math
pair_665b9998,olympiads
pair_64bde4b6,math_test
pair_e6a3d274,number_theory
pair_cce77b30,olympiads
pair_263e7051,amc_aime
pair_333398d6,math_train
pair_cca9b614,math_test
pair_b85742e5,math_train
pair_63bff39e,olympiads
pair_690438fd,math_test
pair_2d283418,olympiads
pair_4b332858,math_train
pair_fb69cacb,number_theory
pair_539478a6,olympiads
pair_f8b6a743,math_test
pair_452bb14f,olympiads_ref
pair_3c635c38,number_theory
pair_c4fe0db7,olympiads
pair_10d34b44,amc_aime
pair_0e31e6cf,math_test
pair_28dc9b96,olympiads_ref
pair_8793031c,olympiads
pair_c7edfa59,olympiads
pair_1cdb63d0,amc_aime
pair_9bcbf30e,math_test
pair_6a6f5102,cn_k12
pair_62c57e3d,olympiads
pair_06c31283,aops_forum
pair_2cc3b9bb,olympiads_ref
pair_de65a5fd,olympiads
pair_c394f877,amc_aime
pair_7b986bd2,cn_k12
pair_b0f30728,math_test
pair_d60302a3,math_train
pair_7ebb150b,olympiads_ref
pair_e87fc15a,math_test
pair_f3bd68db,cn_k12
pair_369d2c1d,math_test
pair_3b1e549b,olympiads
pair_30929670,amc_aime
pair_3f68a756,olympiads
pair_0a5fb768,math_train
pair_a3b6f8e9,aops_forum
pair_4a8632ea,math_test
pair_08df4dc6,amc_aime
pair_6e7855e2,math_train
pair_931e08d8,math_train
pair_c4819f6c,aops_forum
pair_a49bd290,olympiads
pair_47d24c12,olympiads_ref
pair_1de68176,math_test
pair_7c4bd3c8,olympiads
pair_acaa8786,aops_forum
pair_5498eb8e,olympiads_ref
pair_a2a8f4f8,amc_aime
pair_7ba8821f,olympiads
pair_cc52901e,olympiads
pair_f8ca8b1c,math_test
pair_09fe542e,math_train
pair_cc42ba16,math_test
pair_17725d76,amc_aime
pair_99b89cb7,olympiads
pair_66b87803,cn_k12
pair_4b52f8b1,olympiads
pair_fbf8be88,math_test
pair_8ac1dd26,math_test
pair_f6f6a22a,olympiads
pair_aad72a11,olympiads_ref
pair_8451da5f,olympiads
pair_472153da,math_train
pair_250f12a2,cn_k12
pair_de450765,math_train
pair_e04a9da9,olympiads_ref
pair_50792340,olympiads
pair_c81c873a,amc_aime
pair_0c27c9ce,math_test
pair_c6d53734,cn_k12
pair_13027763,olympiads
pair_a0828d66,olympiads_ref
pair_ec6f6ea2,olympiads
pair_99ea5bb6,math_train
pair_722331ce,amc_aime
pair_640bca89,math_test
pair_268e3447,cn_k12
pair_4fec34ed,olympiads_ref
pair_27dfdba3,math_train
pair_e056ae60,cn_k12
pair_acf0ea64,olympiads
pair_7b88bf15,olympiads
pair_ca2ed0ca,olympiads
pair_d19c4998,math_test
pair_4c7ab903,cn_k12
pair_67c890a5,secondary_math
pair_bb608080,aops_forum
pair_a1d6e2de,olympiads
pair_fb2b316d,olympiads
pair_1d6ed093,olympiads
pair_a732a901,amc_aime
pair_b5f029c9,math_train
pair_9aafd3b4,math_test
pair_007c64c7,aops_forum
pair_64aa7d91,olympiads
pair_e32dc9a2,cn_k12
pair_ec4fddb9,math_train
pair_28c94c33,olympiads
pair_7ae312c7,math_test
pair_d3850cd0,amc_aime
pair_a409f471,math_test
pair_4d494975,amc_aime
pair_f8e24a30,math_train
pair_5c0a77f0,cn_k12
pair_fb81c638,cn_k12
pair_b788f531,olympiads_ref
pair_27b962a3,olympiads
pair_389d9331,olympiads
pair_0ae64546,amc_aime
pair_c9703e86,math_test
pair_5e810365,olympiads
pair_7536351c,amc_aime
pair_f441e309,math_train
pair_f03693d7,cn_k12
pair_33b83cd5,cn_k12
pair_d3c86379,olympiads_ref
pair_b35100f5,olympiads_ref
pair_12bcdb4e,olympiads
pair_9d3572bb,amc_aime
pair_ec81e530,olympiads
pair_f54301fd,cn_k12
pair_a243cec8,olympiads_ref
pair_90d43bb5,olympiads_ref
pair_ecd95c6f,olympiads
pair_31f08342,amc_aime
pair_44904cd0,cn_k12
pair_386498e5,olympiads
pair_81596b10,math_train
pair_ed4ea8c0,math_test
pair_773317d0,aops_forum
pair_88c15796,cn_k12
pair_33626920,olympiads_ref
pair_9db0a755,olympiads
pair_234131ae,math_train
pair_d960433c,olympiads_ref
pair_05e87a03,olympiads_ref
pair_a8dc3b47,cn_k12
pair_a38fd99e,aops_forum
pair_23b36b28,amc_aime
pair_76a1697c,olympiads_ref
pair_f97ece2d,cn_k12
pair_35d37fcc,math_train
pair_fa69a0f4,olympiads
pair_c3e36722,cn_k12
pair_006b5904,olympiads
pair_38240e48,math_test
pair_064daf4b,olympiads
pair_bce92fe2,amc_aime
pair_8a465ac4,olympiads
pair_8b7b4721,cn_k12
pair_385b5403,cn_contest
pair_12673f39,amc_aime
pair_9b743b7d,math_test
pair_84aec0d7,math_test
pair_98bd6c9e,cn_k12
pair_77383006,cn_contest
pair_745791df,amc_aime
pair_8427f2ea,math_test
pair_13a7fc5c,cn_k12
pair_562a09ce,olympiads
pair_68455911,amc_aime
pair_811f5179,math_train
pair_fddef328,cn_k12
pair_e2a44d8e,cn_contest
pair_273e3ff4,olympiads
pair_e6e3e8db,math_test
pair_7e1ab063,aops_forum
pair_4ce0e3bf,amc_aime
pair_55640786,olympiads_ref
pair_8ed7f1fe,cn_k12
pair_8e8abc64,olympiads
pair_4611e5a2,math_test
pair_30869115,olympiads
pair_7146d743,aops_forum
pair_9baa660d,cn_k12
pair_9ad2b87c,amc_aime
pair_f2598319,math_test
pair_8adde65e,olympiads_ref
pair_e808ab7c,cn_k12
pair_d91e2dc7,amc_aime
pair_5b509df5,math_test
pair_7f850b66,cn_k12
pair_1f303f65,math_test
pair_3be40421,olympiads_ref
pair_10a79973,aops_forum
pair_64e59ca1,cn_k12
pair_ac2a3e58,olympiads
pair_6c2f39cc,amc_aime
pair_ebc7994d,olympiads
pair_dd3f0088,math_test
pair_140b97a1,olympiads
pair_c9b221ee,amc_aime
pair_cab76a24,math_train
pair_22979a0e,olympiads_ref
pair_bb42b2d7,aops_forum
pair_7c5d1218,cn_contest
pair_d091da98,olympiads
pair_18345a84,cn_k12
pair_acafa5f0,math_train
pair_9e84bff3,cn_k12
pair_5993609f,olympiads
pair_ed757c19,math_test
pair_a8ddbaf5,math_test
pair_99e5d76f,olympiads_ref
pair_10df5193,cn_k12
pair_c5526f61,olympiads
pair_2ccda707,math_test
pair_84099beb,olympiads
pair_9eff243f,amc_aime
pair_965e479d,olympiads_ref
pair_d66a1b34,olympiads_ref
pair_1993a2c7,cn_k12
pair_552e742f,amc_aime
pair_b96a8c2f,math_train
pair_90ba49de,olympiads
pair_2bca8b37,olympiads_ref
pair_f85a44af,cn_k12
pair_d43fae54,olympiads
pair_fa28b5c5,math_test
pair_8c6b1d6b,math_train
pair_8ad8a565,olympiads
pair_f508c4f1,cn_k12
pair_947e9275,olympiads
pair_7475c054,olympiads
pair_e8d98c67,olympiads
pair_8b42a687,olympiads
pair_d7695681,cn_k12
pair_741f00a6,amc_aime
pair_842f8a3d,math_train
pair_81dfa8e6,aops_forum
pair_9b24b68f,math_train
pair_322aaa3d,cn_k12
pair_fb06b06c,amc_aime
pair_7580a01f,olympiads
pair_a0773184,cn_k12
pair_e867bee0,amc_aime
pair_649ec1cf,math_test
pair_d869cc1a,math_test
pair_35f4411e,aops_forum
pair_6ca646a1,cn_k12
pair_6e7ea283,olympiads
pair_497ac301,math_test
pair_73f7942c,olympiads_ref
pair_949f8932,math_test
pair_4140d9cb,olympiads
pair_516b1e91,cn_k12
pair_afac4b28,amc_aime
pair_14df818a,math_test
pair_08062338,olympiads_ref
pair_1e75253e,aops_forum
pair_2485e288,math_train
pair_fb40dc60,cn_k12
pair_cb04239d,math_test
pair_e3bb7393,olympiads
pair_a0095248,math_test
pair_f87b20a4,olympiads
pair_95098642,amc_aime
pair_99a6edea,secondary_math
pair_e492bd2e,math_test
pair_e6e0a67e,olympiads_ref
pair_d59a9513,olympiads
pair_c0c7a36e,cn_contest
pair_6de1172d,olympiads
pair_47c28704,olympiads
pair_0f421760,amc_aime
pair_dfae9f87,secondary_math
pair_c6caa552,cn_contest
pair_02f18045,amc_aime
pair_86914820,cn_k12
pair_fc8ce097,math_test
pair_89abbe54,math_train
pair_1a87e145,amc_aime
pair_a1be69b6,olympiads
pair_9b1e2bdf,aops_forum
pair_16b9baf3,cn_contest
pair_e2657659,olympiads
pair_fba502ed,cn_k12
pair_f6b0c526,math_test
pair_9216aca3,olympiads
pair_10bd73b4,amc_aime
pair_dc3efc48,cn_contest
pair_1f6f597a,amc_aime
pair_76d9772f,math_test
pair_f20f3fbd,cn_k12
pair_a3d34b33,olympiads
pair_a3bb836b,cn_k12
pair_26a07f50,olympiads_ref
pair_2fadaf57,olympiads_ref
pair_1530bf95,amc_aime
pair_c287c8cc,olympiads
pair_56fe714b,math_test
pair_cf04353a,cn_k12
pair_210eaba6,aops_forum
pair_187c2515,amc_aime
pair_d238af45,math_test
pair_0b319a0b,cn_k12
pair_1d8c3d03,amc_aime
pair_b1d6496e,olympiads_ref
pair_7c5427fa,cn_k12
pair_9104a005,cn_k12
pair_e4cd3d0f,aops_forum
pair_5df7dd97,aops_forum
pair_e6f73d93,math_test
pair_bf17ace7,amc_aime
pair_5d0775c5,olympiads
pair_7c7dc744,math_train
pair_f3f84352,olympiads_ref
pair_592b30d0,cn_k12
pair_e231138c,olympiads
pair_d8b97176,olympiads
pair_45469582,olympiads_ref
pair_307b4a6c,olympiads
pair_2dec51aa,amc_aime
pair_1ae1b669,cn_contest
pair_6c83a30c,amc_aime
pair_a6e402d7,olympiads
pair_936422d1,olympiads
pair_20da7b4c,olympiads_ref
pair_045087bc,math_train
pair_64fd3cc9,aops_forum
pair_da3e1a21,math_train
pair_e84b0e4d,math_train
pair_ae17b1e0,math_test
pair_da3b17ea,olympiads
pair_f28120a2,olympiads_ref
pair_c3b332ce,aops_forum
pair_788af525,olympiads_ref
pair_7a31f4fe,cn_k12
pair_8fa72092,amc_aime
pair_59e4a3a1,olympiads
pair_aeea59f5,cn_k12
pair_5bbcb782,amc_aime
pair_446352d0,cn_contest
pair_08063e2d,olympiads_ref
pair_896a11b6,olympiads_ref
pair_8e8fb87c,cn_k12
pair_ddf519a1,math_test
pair_4d214390,amc_aime
pair_2adfacb1,aops_forum
pair_4b53bd25,math_train
pair_eddf9635,olympiads
pair_225b1935,olympiads_ref
pair_93b3229a,math_train
pair_f624aeff,cn_k12
pair_f59827f2,math_test
pair_107245a2,math_test
pair_b134092b,amc_aime
pair_0ab4e485,olympiads
pair_68e92791,olympiads_ref
pair_3bce5532,cn_k12
pair_421b9bfa,math_test
pair_86d35019,amc_aime
pair_aaed8f40,olympiads_ref
pair_55fe8a19,cn_k12
pair_d94003e5,olympiads
pair_6feb5e2a,cn_k12
pair_5b9ee644,amc_aime
pair_1191b828,olympiads
pair_6c46a906,olympiads_ref
pair_d759159d,olympiads
pair_6c2f75f1,cn_k12
pair_2463f372,math_test
pair_82f26bd9,amc_aime
pair_4d61be9e,aops_forum
pair_8a2bb28e,math_train
pair_8e079cb0,olympiads
pair_07611987,olympiads_ref
pair_529b865b,cn_k12
pair_4eae2536,math_test
pair_eca5b9ec,amc_aime
pair_eeb3bb08,olympiads
pair_e0e71d23,olympiads_ref
pair_fb3a976d,olympiads
pair_ece7940a,cn_k12
pair_5a186a3d,olympiads
pair_734d8678,olympiads
pair_f599feb3,math_train
pair_08f02264,cn_k12
pair_d86b8007,math_test
pair_154a2f43,olympiads
pair_e2381c7b,aops_forum
pair_83330ae9,cn_contest
pair_e2073f3b,olympiads
pair_5a4d9414,olympiads_ref
pair_38c4e751,amc_aime
pair_5efcf59c,cn_k12
pair_9b461a0f,math_test
pair_31a3056a,amc_aime
pair_a092441a,math_train
pair_e51bf01c,cn_contest
pair_78fd69ee,olympiads
pair_6a76bcdf,amc_aime
pair_f919f46c,math_test
pair_abe2c6a9,olympiads
pair_0f5ec3be,olympiads
pair_a6d3d1d1,cn_k12
pair_a10926bc,math_test
pair_c467645c,amc_aime
pair_fd927e09,cn_contest
pair_66307ab0,olympiads
pair_e21630bd,olympiads
pair_006994c7,olympiads_ref
pair_ebe211fd,math_test
pair_afaeb06e,olympiads
pair_406dbedc,amc_aime
pair_71ee0538,cn_contest
pair_d0941621,olympiads
pair_0156cf6d,math_test
pair_4675a93e,olympiads
pair_39dac66a,math_test
pair_ab0f093e,amc_aime
pair_1f151570,cn_k12
pair_d2343074,aops_forum
pair_c6bd3484,cn_contest
pair_669a1192,math_train
pair_ebc1acfa,olympiads
pair_c6689f42,cn_k12
pair_43cbe160,math_test
pair_7948db81,amc_aime
pair_fdbb3b54,olympiads_ref
pair_eb8281ab,cn_k12
pair_8316b478,math_test
pair_6a6d5739,cn_contest
pair_d3386314,math_train
pair_f847ba4a,math_test
pair_d00383f7,amc_aime
pair_820bfdd6,cn_contest
pair_093e8d88,aops_forum
pair_e1820ffe,olympiads
pair_14cf9969,olympiads
pair_849a0a8a,cn_k12
pair_2e4d1862,math_test
pair_e682d4d3,olympiads
pair_98599489,math_test
pair_0d17e1c3,olympiads
pair_57c4dba0,aops_forum
pair_e0e159b0,cn_k12
pair_c8f98e90,math_test
pair_f31c3661,math_test
pair_e0f26d7b,amc_aime
pair_b042f469,olympiads_ref
pair_f0cb5297,olympiads
pair_47fc5e13,olympiads
pair_9a445e92,cn_k12
pair_162dda01,math_test
pair_a9100fa4,amc_aime
pair_180050f6,olympiads_ref
pair_9a50fe82,olympiads
pair_902e2a57,aops_forum
pair_ce9aff5a,cn_k12
pair_751b1be4,olympiads
pair_4027aca3,aops_forum
pair_4debfe05,cn_k12
pair_1356d3a6,olympiads
pair_823458ca,amc_aime
pair_7b176d5c,math_test
pair_8c8a90e0,olympiads
pair_88721c33,olympiads
pair_1184f5be,amc_aime
pair_6425fc67,olympiads_ref
pair_ab1eccb3,olympiads
pair_8d2bcfbf,aops_forum
pair_7c8c6436,math_test
pair_1e1363ae,olympiads
pair_720fc86a,amc_aime
pair_6f662809,olympiads
pair_3a87aeb7,olympiads_ref
pair_8016ed30,olympiads
pair_e74dbedc,olympiads
pair_bc3e9c75,cn_k12
pair_468d362b,math_test
pair_a21de4da,olympiads
pair_26838677,amc_aime
pair_4e638d06,olympiads
pair_13f87478,olympiads
pair_99eea8ae,math_test
pair_2f3c178b,olympiads
pair_b7ca8364,cn_k12
pair_ab150687,secondary_math
pair_f26ec3c3,math_test
pair_5b7c495d,olympiads_ref
pair_45d4ea87,math_train
pair_2365d5ee,olympiads
pair_44c80762,math_train
pair_2e9313e6,olympiads
pair_fb8187be,amc_aime
pair_9ea28b25,cn_k12
pair_587bb54c,aops_forum
pair_41dc1a27,amc_aime
pair_84cbeacd,secondary_math
pair_b2b1221f,cn_k12
pair_36288ba9,olympiads_ref
pair_5cbaff2d,olympiads_ref
pair_1bb6b6fd,amc_aime
pair_c4a446c4,secondary_math
pair_bff7df0b,olympiads
pair_d1001904,cn_k12
pair_0796f32a,olympiads_ref
pair_891d60b6,olympiads_ref
pair_43f39d39,olympiads
pair_fa8bc173,math_test
pair_720612a7,cn_k12
pair_97ff16f0,cn_contest
pair_f2c63ad3,cn_k12
pair_80fe2f92,olympiads
pair_3b7a87f9,math_test
pair_180a0b27,cn_contest
pair_96e97472,olympiads
pair_2ff0dd60,olympiads
pair_c023c8c2,olympiads
pair_7a311e80,olympiads
pair_1e8ca1b2,math_train
pair_f4ca6fb1,olympiads
pair_c381a060,olympiads
pair_89f14cf3,math_test
pair_28470d46,olympiads_ref
pair_3ff91e3e,aops_forum
pair_e1b054ef,olympiads
pair_34d6974b,amc_aime
pair_f75e4fed,math_test
pair_e76886ef,math_test
pair_67159a0d,olympiads_ref
pair_74042de6,amc_aime
pair_d1d49554,olympiads
pair_02214b2f,olympiads_ref
pair_1479dda3,math_test
pair_f41ae11f,math_train
pair_d38422a1,olympiads
pair_b7cde79a,olympiads_ref
pair_9016e348,math_test
pair_0487694f,math_test
pair_24a6f600,olympiads_ref
pair_d1c0f46b,math_test
pair_eed4f922,aops_forum
pair_36d7a5e7,amc_aime
pair_eece63ff,olympiads
pair_d5d88d6a,olympiads_ref
pair_d96197fd,inequalities
pair_395840e8,aops_forum
pair_2fc4a422,cn_k12
pair_2adfff42,math_train
pair_08529cad,amc_aime
pair_c6402134,olympiads
pair_9bbc9d06,olympiads
pair_e970e4c4,olympiads
pair_d08b51d3,olympiads_ref
pair_2048479d,olympiads_ref
pair_7c7c7e95,math_test
pair_50f468fb,cn_k12
pair_594faff7,math_train
pair_9d04a741,olympiads
pair_68ecc999,olympiads_ref
pair_36d8b6b0,olympiads_ref
pair_341f8a75,math_test
pair_ebd8f39a,cn_k12
pair_d0e7acfa,cn_contest
pair_c682b8c7,amc_aime
pair_e3b294bc,olympiads_ref
pair_5e5e1c56,amc_aime
pair_85e853a5,olympiads
pair_75d1d498,olympiads_ref
pair_e2cc3f53,cn_contest
pair_45c1121b,olympiads
pair_8edfa76b,math_train
pair_77ab7e28,olympiads
pair_ee015435,olympiads
pair_62cef497,math_test
pair_2afa6c0d,cn_contest
pair_3a9e416c,math_train
pair_dcefc2dd,olympiads
pair_e913fc53,inequalities
pair_0d56a90b,math_test
pair_d85bf8ed,cn_contest
pair_ddd8331f,cn_k12
pair_4b7b3d0b,olympiads
pair_273bbcc3,olympiads
pair_48e851d0,math_test
pair_0a314fcc,olympiads
pair_9a1fb1f1,math_test
pair_b8b5f6f6,olympiads
pair_c20fb540,inequalities
pair_fa86b5ab,math_test
pair_2d2820e7,math_test
pair_5803bad4,olympiads_ref
pair_b4a0eac3,olympiads
pair_32404f60,math_train
pair_94c78680,olympiads
pair_bf476baa,inequalities
pair_4d0e3e3d,cn_k12
pair_918ec79f,math_test
pair_8c668c8a,cn_contest
pair_96493c80,math_test
pair_d223f683,cn_contest
pair_c008f440,amc_aime
pair_2a951d06,aops_forum
pair_ea7ec371,math_test
pair_93909f26,math_test
pair_3269d6e5,cn_contest
pair_130c2fe5,olympiads
pair_3ab2ed31,olympiads_ref
pair_89e05116,olympiads
pair_44549fdb,amc_aime
pair_db3864ef,olympiads
pair_521234ef,aops_forum
pair_acc92eae,math_test
pair_11a261c0,cn_contest
pair_4852725b,math_train
pair_a4f257d5,aops_forum
pair_4cb68517,olympiads
pair_49e73559,olympiads
pair_8ceaf3be,cn_contest
pair_ad62fc3e,cn_k12
pair_e9f49876,amc_aime
pair_7c53417b,olympiads_ref
pair_b8542067,cn_contest
pair_34b1fb0d,cn_k12
pair_35af116a,amc_aime
pair_df27ee5d,olympiads
pair_29c03238,math_test
pair_6ba505c0,cn_k12
pair_4186e71a,amc_aime
pair_17275427,amc_aime
pair_1927cbd2,olympiads
pair_b22d7387,olympiads
pair_136afae1,olympiads
pair_8710c827,olympiads
pair_a42b24c3,olympiads
pair_450266b0,olympiads_ref
pair_d2f80dc8,cn_contest
pair_bd0f5d7a,olympiads
pair_6b7d37d1,olympiads
pair_d73e9d02,olympiads_ref
pair_6599751f,cn_contest
pair_1a596c8b,math_train
pair_6e09a8ab,amc_aime
pair_55302134,amc_aime
pair_26b332d6,olympiads
pair_d62c28c7,olympiads_ref
pair_8b90dce5,cn_k12
pair_eab8b4da,olympiads
pair_9552c201,math_test
pair_8b601ce7,olympiads_ref
pair_07080fc2,math_train
pair_63896e5d,olympiads
pair_e8ca1e29,olympiads_ref
pair_7361ca04,math_train
pair_9d50620a,math_test
pair_26d3c88c,olympiads_ref
pair_3ff05932,olympiads
pair_b279827a,amc_aime
pair_8c795f65,olympiads_ref
pair_faafdcfc,math_test
pair_71d13815,math_train
pair_b7e3f9c4,olympiads
pair_0fa430d1,olympiads
pair_ad18a26b,cn_contest
pair_c93bff65,math_train
pair_4e5c07d8,olympiads
pair_6cd1a4b8,olympiads_ref
pair_0f5e4e8b,olympiads
pair_20c4644f,inequalities
pair_1e273c45,math_test
pair_5f14eeba,cn_contest
pair_ed5d2302,math_test
pair_c5d99bfe,inequalities
pair_d11ec1f8,olympiads
pair_41cfe4cb,math_test
pair_66fa86a6,cn_contest
pair_297dd3e0,inequalities
pair_21cefd25,math_train
pair_40633901,olympiads
pair_ebc3dd5f,math_train
pair_be7b4d91,olympiads
pair_60a753fd,math_test
pair_5f2b86ca,math_train
pair_1dcdc082,olympiads
pair_6635624d,math_train
pair_de1e8e19,olympiads
pair_158c4bd6,olympiads
pair_74d52011,olympiads_ref
pair_a774f900,cn_contest
pair_d48887e1,math_test
pair_ade31444,math_train
pair_6801c12d,olympiads_ref
pair_515ba40a,math_train
pair_85d6469b,math_test
pair_9e1077c7,olympiads_ref
pair_dc1f6d3a,aops_forum
pair_2730bf34,math_train
pair_dc87a4bc,olympiads_ref
pair_43fac166,cn_contest
pair_6ede0d35,math_test
pair_21d4e69e,olympiads
pair_883f5011,olympiads
pair_e3aa46d3,cn_contest
pair_f37afe5f,amc_aime
pair_0a03020c,olympiads
pair_0f664324,math_train
pair_9a49a7d5,aops_forum
pair_f6dab010,amc_aime
pair_084c3fd4,math_train
pair_4253aca8,amc_aime
pair_0b238266,olympiads
pair_380238ba,olympiads_ref
pair_b5fda230,amc_aime
pair_89c9c092,amc_aime
pair_61901edb,olympiads
pair_d809415a,olympiads_ref
pair_efc35467,amc_aime
pair_174b8b4a,math_train
pair_aca67cfc,olympiads
pair_13de3d6e,amc_aime
pair_45fdc974,olympiads
pair_36ca2008,olympiads_ref
pair_b3eacfa5,amc_aime
pair_8f015a7b,cn_k12
pair_65d2af47,olympiads
pair_f7c33950,olympiads
pair_327d18cf,olympiads_ref
pair_b2674d55,cn_contest
pair_48373f66,cn_k12
pair_5481a021,olympiads
pair_4d04e692,olympiads_ref
pair_4c39d86a,cn_contest
pair_c11412a7,olympiads
pair_98367dff,aops_forum
pair_14263e8d,math_test
pair_4a8ea74e,olympiads
pair_aeb14bff,cn_contest
pair_49481085,olympiads
pair_1ca15334,math_train
pair_456be9d6,olympiads
pair_5db29404,math_test
pair_e289753a,cn_contest
pair_c3a8e335,olympiads
pair_94977ba9,olympiads
pair_2234b0d3,olympiads
pair_cc96d025,olympiads
pair_24b3bf51,cn_k12
pair_e8c1fa49,olympiads_ref
pair_572e960e,secondary_math
pair_c6fa65a5,aops_forum
pair_69864358,olympiads
pair_642105aa,math_train
pair_db248666,olympiads_ref
pair_b389e5c9,math_test
pair_b21abbab,olympiads
pair_bbc2f83a,cn_k12
pair_72de498a,olympiads_ref
pair_5bb138e3,math_train
pair_ee0e87ac,olympiads
pair_232bf198,math_test
pair_bea018ad,olympiads
pair_99ee27c0,olympiads
pair_def387c6,aops_forum
pair_a5626ac7,amc_aime
pair_8e7faa3b,olympiads
pair_db84b241,olympiads_ref
pair_3891eee0,olympiads
pair_6c1c5a83,olympiads
pair_eac47925,cn_k12
pair_91d7c5da,math_test
pair_fbe69df8,math_train
pair_3c540932,math_test
pair_1d1189cc,cn_k12
pair_c0871f92,aops_forum
pair_8dcdc926,olympiads
pair_9b93f1b7,math_train
pair_59156dfc,olympiads
pair_108c2b76,cn_k12
pair_d7575e2f,olympiads
pair_b7dc794e,olympiads_ref
pair_1ecbfcee,math_train
pair_6d0d8f43,olympiads
pair_0159d31f,olympiads
pair_79bfd57c,olympiads
pair_36da045a,olympiads_ref
pair_37a1e423,math_test
pair_07bf7efd,math_train
pair_69bfaa08,olympiads
pair_5c42e8b8,math_train
pair_f6e643a0,math_test
pair_f8026f2d,amc_aime
pair_21296e1b,math_train
pair_4c5a3ecf,olympiads
pair_3182a3e9,secondary_math
pair_0262cdc9,amc_aime
pair_8352c8da,math_test
pair_7b07d3c2,math_train
pair_93b8c9cb,aops_forum
pair_00e0db33,olympiads
pair_f09d84fe,olympiads
pair_715af1ad,aops_forum
pair_c4d62175,amc_aime
pair_de04a0ae,olympiads
pair_6d4a6a7f,math_train
pair_807e11c0,olympiads
pair_de09857b,olympiads_ref
pair_56562284,secondary_math
pair_b0ad8896,math_train
pair_72c4f9d9,math_test
pair_4c5644a7,amc_aime
pair_e0bf2d65,math_train
pair_68f736e1,olympiads
pair_08d7b69c,amc_aime
pair_aeeb40db,math_train
pair_890f80cf,math_test
pair_30effa01,olympiads
pair_dd910f6b,aops_forum
pair_f0d3d3dd,olympiads
pair_277694b9,math_test
pair_76cdb25e,aops_forum
pair_4860e4db,olympiads
pair_45b25f4e,olympiads_ref
pair_5a8e9a1a,olympiads
pair_ad1c2cc7,olympiads
pair_1eb165a1,amc_aime
pair_0a7bd2c7,secondary_math
pair_673e0647,math_train
pair_87dd3123,olympiads
pair_6bd2438d,olympiads
pair_172ffd3e,math_train
pair_dc8dc7cd,olympiads
pair_9d8c286c,amc_aime
pair_ee294964,aops_forum
pair_9d85a1f2,olympiads
pair_f1d192a2,number_theory
pair_45b076b8,math_train
pair_dd243907,olympiads
pair_d5f31088,amc_aime
pair_906f8b69,math_train
pair_8b19bf1f,number_theory
pair_226cb42e,amc_aime
pair_949880fa,olympiads
pair_9dfa1ec7,math_test
pair_f2a5e7c2,math_train
pair_8bccc147,secondary_math
pair_b723d7c8,aops_forum
pair_a3a25b5d,number_theory
pair_249837f1,amc_aime
pair_80fc276c,olympiads
pair_06ca221d,math_train
pair_90701cbc,math_test
pair_d7b68dc3,secondary_math
pair_ac077fd9,number_theory
pair_8cef42ab,math_test
pair_3d298fa2,olympiads
pair_eb950a2a,olympiads_ref
pair_dd457978,secondary_math
pair_e7a06c47,aops_forum
pair_0da16687,olympiads
pair_53290747,math_train
pair_dc0a3748,math_test
pair_c0d0a7f8,secondary_math
pair_0e7d23c7,math_train
pair_1ea042ec,olympiads
pair_249b2920,amc_aime
pair_d761d38d,math_test
pair_b32fd6b2,olympiads_ref
pair_6c2bd92c,amc_aime
pair_61f5f367,olympiads
pair_6a1cd1c6,math_test
pair_c76ace53,math_test
pair_93fb0c19,olympiads
pair_759b2a60,math_test
pair_6a9d783c,olympiads
pair_1cb8c65c,amc_aime
pair_468a8357,olympiads
pair_ec7f806f,math_train
pair_bd9c709f,olympiads_ref
pair_92223233,cn_k12
pair_1ca8a89b,cn_contest
pair_4acf0825,aops_forum
pair_e80788b2,math_test
pair_80935447,amc_aime
pair_3cd000e2,math_test
pair_ba16553b,olympiads_ref
pair_72782f96,olympiads_ref
pair_6709058c,math_test
pair_32e87abf,cn_k12
pair_a269bca4,olympiads
pair_a00e8681,olympiads
pair_b413011a,amc_aime
pair_fcc88f87,olympiads
pair_61ea2fc2,olympiads
pair_603e953b,olympiads
pair_7bbce5ab,cn_k12
pair_3e0af63e,olympiads
pair_afdb7ea0,math_test
pair_f4e30868,amc_aime
pair_fc8e6bd0,olympiads
pair_91985085,olympiads_ref
pair_fd04ceea,math_test
pair_0246fb93,amc_aime
pair_0e5d49e1,olympiads
pair_ea0cc2b0,olympiads
pair_ae0d18d0,olympiads
pair_f7bc8dce,olympiads
pair_9444b9df,math_test
pair_61ff5813,amc_aime
pair_3fe9d396,olympiads
pair_4da765b9,math_train
pair_c22278f1,olympiads
pair_aeaf21bf,olympiads
pair_5eff76b6,amc_aime
pair_8298f6ad,olympiads
pair_856882cd,math_test
pair_8a69db34,olympiads_ref
pair_cc27a88c,olympiads_ref
pair_383523d4,math_train
pair_8b8f4767,olympiads_ref
pair_c2a52230,olympiads
pair_3bac32b8,olympiads
pair_9b73dac0,math_test
pair_8c4315e8,secondary_math
pair_0e5ef78d,math_train
pair_ec20e9b4,math_train
pair_49f9b472,math_train
pair_7ffb905b,math_test
pair_6d6bae0e,amc_aime
pair_93e96c29,olympiads
pair_f55c0357,olympiads_ref
pair_4934be8f,amc_aime
pair_c9a08396,math_train
pair_36f63926,olympiads
pair_b14fcfb8,math_test
pair_684fddf9,math_test
pair_7248311e,unknown
pair_250271d8,math_train
pair_90ec6453,olympiads
pair_5eec702b,math_test
pair_ab6b06c9,olympiads
pair_f8f38f64,olympiads
pair_3bb9dd52,math_test
pair_6bc196c8,olympiads_ref
pair_ca4ab9ef,math_test
pair_271fa579,olympiads
pair_98a6276f,aops_forum
pair_9b7f569b,unknown
pair_bb3c3e38,math_train
pair_2e09deed,math_test
pair_2a66f969,olympiads
pair_dd3418f1,olympiads
pair_e8903db6,olympiads_ref
pair_a02e1387,unknown
pair_e653c233,olympiads
pair_5cd63bb0,olympiads_ref
pair_50339cb5,olympiads_ref
pair_d339e847,olympiads
pair_115fc1dd,aops_forum
pair_843b922c,math_test
pair_bf1dd3dd,math_test
pair_9a43f44e,amc_aime
pair_65d16cb0,math_train
pair_e152b88f,olympiads
pair_12ddfb64,olympiads
pair_01d89852,math_test
pair_f513d076,olympiads
pair_1f60568f,olympiads
pair_c8cf6c63,olympiads_ref
pair_bc9a98ea,olympiads
pair_fa6b0ceb,olympiads
pair_4648e6ee,aops_forum
pair_65147308,cn_k12
pair_9dade088,olympiads
pair_68b371df,olympiads
pair_a57e4b7b,olympiads
pair_c7ae6c9e,math_train
pair_73912bf1,aops_forum
pair_5a7a7689,olympiads
pair_7459b7db,cn_k12
pair_301c1ff9,aops_forum
pair_40918b74,olympiads
pair_a9cebebd,olympiads_ref
pair_6e2dc401,math_test
pair_5d1e3d23,amc_aime
pair_7403e3c1,cn_k12
pair_b175bebe,math_test
pair_38784c8a,math_test
pair_5bc51951,olympiads_ref
pair_cdf521c8,olympiads
pair_03542350,secondary_math
pair_5b7914b9,olympiads
pair_ca2874ed,cn_k12
pair_88ee2b29,math_test
pair_b493f17a,olympiads
pair_87ba057a,olympiads_ref
pair_d3151173,amc_aime
pair_0afd1fb7,unknown
pair_37334f86,olympiads
pair_b2b6ffb1,math_train
pair_1f76092e,math_train
pair_64cde559,olympiads
pair_5a6cc050,number_theory
pair_ec57f7cf,amc_aime
pair_372c0ff5,olympiads
pair_1887e0f0,olympiads_ref
pair_8a1fa5e8,math_test
pair_aa1b58ca,olympiads
pair_d65c7cb3,number_theory
pair_606263d6,math_train
pair_5328b332,olympiads
pair_873d18a3,math_test
pair_993b7ef0,olympiads
pair_b6cf8943,olympiads
pair_bb053727,number_theory
pair_dab64865,olympiads
pair_589e666d,olympiads
pair_f56e7f55,olympiads
pair_bb5a8572,olympiads
pair_6713064f,number_theory
pair_1849fe1f,amc_aime
pair_a1bf3c9b,math_train
pair_ba472fae,olympiads_ref
pair_9ac7c899,math_test
pair_d10fa814,olympiads
pair_99b95cc2,olympiads_ref
pair_9e347203,olympiads
pair_a392540e,number_theory
pair_f46b4569,olympiads
pair_d7c51321,olympiads
pair_bdb4b45b,math_test
pair_c87e395f,olympiads
pair_de3eff1a,olympiads_ref
pair_df1cba21,olympiads
pair_11ff4653,cn_k12
pair_9a84ead7,math_test
pair_f04e2b35,math_train
pair_bd329034,olympiads
pair_c15fef76,olympiads_ref
pair_43d40622,olympiads
pair_6a815bf4,olympiads
pair_4c655b55,olympiads
pair_394974f3,olympiads
pair_e1eb0769,number_theory
pair_6e8bdcad,math_train
pair_10e275b0,olympiads_ref
pair_705a22a2,olympiads
pair_fcf0f18b,aops_forum
pair_16b89c57,math_train
pair_c8410060,olympiads
pair_83148659,number_theory
pair_8a538ad6,amc_aime
pair_0518d62e,math_train
pair_54ac9870,olympiads_ref
pair_b21f3236,olympiads
pair_52b469f2,olympiads
pair_7e648189,amc_aime
pair_e6463650,math_test
pair_f07a830b,math_test
pair_c3cc3ea9,aops_forum
pair_849af7a9,olympiads
pair_7be2480a,number_theory
pair_275c45ec,secondary_math
pair_527c772b,aops_forum
pair_46e55748,olympiads
pair_87179bc6,math_test
pair_bcf406a7,olympiads_ref
pair_24d3c557,math_test
pair_5f3e048c,aops_forum
pair_ddc40137,math_test
pair_3663eb3a,secondary_math
pair_c05c0f3f,math_train
pair_b535e6de,olympiads
pair_8239358d,olympiads
pair_3090a705,amc_aime
pair_c25dc050,olympiads
pair_5ccbdde8,olympiads
pair_df08254f,math_train
pair_771a6379,math_test
pair_e59fe251,amc_aime
pair_9a64ef28,olympiads_ref
pair_04dea9e8,olympiads
pair_c5971cb9,math_test
pair_89d0874d,aops_forum
pair_a25858ff,aops_forum
pair_73c9e803,olympiads
pair_81567764,olympiads_ref
pair_cb601cdf,math_test
pair_fccad9e3,olympiads
pair_3a370647,olympiads
pair_d4f64e9c,olympiads
pair_c68baeaa,amc_aime
pair_e9747003,olympiads_ref
pair_c6656936,olympiads_ref
pair_0860c63c,olympiads
pair_83aa2e3a,olympiads
pair_86496f9f,aops_forum
pair_91140f24,olympiads
pair_adae591a,math_test
pair_c0e19bd8,olympiads
pair_6e50e7ef,olympiads
pair_da8e209e,olympiads
pair_4d34bb72,olympiads
pair_d51e54ee,aops_forum
pair_72e5b7a8,olympiads
pair_83af9b86,olympiads
pair_6fdee12b,math_train
pair_08a1283b,math_train
pair_7bf8165f,math_train
pair_c42bc5b1,olympiads_ref
pair_0493582a,olympiads
pair_de5f4228,olympiads
pair_ae9ff2a1,olympiads_ref
pair_1ca8a702,math_train
pair_c22faa2c,olympiads
pair_5cad655a,amc_aime
pair_4faa2bdc,olympiads
pair_5800ca26,olympiads
pair_cb1a9898,olympiads
pair_a8dda1a0,math_test
pair_dee0126e,olympiads
pair_5bd9cf34,amc_aime
pair_3e9bb475,olympiads
pair_39bdbaef,olympiads
pair_60dd9798,math_test
pair_ab547a8e,math_train
pair_3c52e1f3,olympiads
pair_16cdf305,cn_k12
pair_ca667b0c,amc_aime
pair_2f62d825,aops_forum
pair_f4fe46aa,olympiads
pair_d8f4a871,olympiads
pair_ec2dcedf,math_train
pair_e300ccc0,cn_k12
pair_aeeb5cb4,olympiads
pair_cde85796,olympiads
pair_a21e1ea0,aops_forum
pair_1acafd44,math_test
pair_fb6e1bae,olympiads
pair_af19a07d,olympiads
pair_b999f6b1,math_train
pair_3757881d,olympiads
pair_90004f80,olympiads
pair_f6571ba6,olympiads_ref
pair_0a983018,olympiads_ref
pair_d9e524cd,olympiads
pair_9c18f8d3,aops_forum
pair_953d5f07,olympiads
pair_014f63cf,olympiads
pair_f0005430,math_test
pair_1fffe880,olympiads
pair_5065997c,olympiads_ref
pair_cbbd6363,olympiads_ref
pair_65cdae60,olympiads
pair_337acdd1,math_test
pair_69286778,olympiads
pair_a542ae57,math_test
pair_f52fdc39,math_train
pair_e9e61d3f,olympiads
pair_97ce892f,olympiads
pair_3de9a2e0,math_test
pair_1e4638c2,olympiads
pair_8a14473d,olympiads
pair_29a72861,olympiads_ref
pair_97a1ae7b,aops_forum
pair_a211999f,olympiads
pair_55b3a6f1,math_train
pair_e546038f,math_test
pair_149ec314,math_test
pair_c9d8744b,olympiads_ref
pair_646cd2ed,olympiads
pair_ff490b56,olympiads
pair_0749b78a,amc_aime
pair_ec75df3a,olympiads
pair_9343459c,olympiads
pair_eba4d5df,amc_aime
pair_4d9b42f7,olympiads_ref
pair_63577ea4,olympiads_ref
pair_b4b63346,olympiads
pair_60d2eb8b,math_test
pair_b22c1e47,cn_k12
pair_c87c42da,aops_forum
pair_3f38a8a8,math_test
pair_79dbdecd,olympiads_ref
pair_32433cdd,olympiads
pair_37c40664,math_train
pair_ac4bf753,cn_k12
pair_5bcafde5,aops_forum
pair_92f85f4b,math_test
pair_d455fa1e,olympiads
pair_78234522,olympiads_ref
pair_46b05e0a,aops_forum
pair_57eaa911,amc_aime
pair_8a81e6cf,olympiads
pair_72ca44d8,olympiads_ref
pair_10be116d,olympiads
pair_526ab436,math_test
pair_b0fc09f2,amc_aime
pair_011cd4a8,olympiads
pair_94602a37,olympiads
pair_d2cedae2,aops_forum
pair_49c4d7c8,olympiads
pair_cac85e0e,cn_k12
pair_e04a626c,olympiads
pair_e4726314,math_test
pair_488843e1,math_train
pair_3f475e8b,aops_forum
pair_1b9f23f3,amc_aime
pair_f2d9f67a,math_test
pair_941d18e8,olympiads
pair_cfd687db,math_test
pair_41b1c935,cn_k12
pair_1df059e2,olympiads
pair_ba3f4bed,math_test
pair_e85e8f39,amc_aime
pair_43f5accc,olympiads
pair_c1bb04bb,math_test
pair_77fd087d,cn_k12
pair_6f8dd6ba,amc_aime
pair_9306f294,olympiads_ref
pair_4316dbf4,math_train
pair_9ba9d876,number_theory
pair_02dd0798,math_train
pair_67e0149d,math_test
pair_58ff24c2,olympiads_ref
pair_541928f4,amc_aime
pair_75f7db76,math_train
pair_6fd8e7e3,math_test
pair_f255adb6,math_test
pair_d84ba343,olympiads
pair_7d6d02ef,olympiads_ref
pair_11362c17,secondary_math
pair_89c0b3d5,number_theory
pair_cb01d2db,aops_forum
pair_a124c236,olympiads
pair_6a5371ad,math_test
pair_62840bad,olympiads
pair_dab0b461,math_train
pair_31c515a5,math_train
pair_edc9b46d,olympiads_ref
pair_16af911c,secondary_math
pair_40400f26,math_test
pair_7c5907fa,amc_aime
pair_346eca0a,math_train
pair_4eec1381,amc_aime
pair_e05835d9,secondary_math
pair_4518cc0a,olympiads
pair_45a390d8,olympiads
pair_32033c3d,olympiads_ref
pair_878969a1,math_test
pair_c3d7ea8c,secondary_math
pair_052d5199,olympiads
pair_fb9a9d44,olympiads
pair_fa01f664,olympiads
pair_7ce34886,math_train
pair_39c39f5e,olympiads_ref
pair_4c93e16d,olympiads
pair_03fe8450,secondary_math
pair_750e657d,math_test
pair_21e22d32,number_theory
pair_5816eda3,olympiads
pair_02f799b6,olympiads_ref
pair_2d9aa016,secondary_math
pair_9c9103b2,olympiads_ref
pair_9d4bb29e,amc_aime
pair_b12ef43f,number_theory
pair_c49205d5,aops_forum
pair_806c5533,math_test
pair_364be8f1,olympiads
pair_e08383b9,aops_forum
pair_991e5429,olympiads_ref
pair_b2bf4978,inequalities
pair_e8f23d54,number_theory
pair_d9277ea4,math_test
pair_6369b437,math_test
pair_f9d605e7,olympiads_ref
pair_88838551,amc_aime
pair_0e1232d6,olympiads
pair_56b9bcff,math_test
pair_68279f62,math_train
pair_fdfb7431,olympiads
pair_2f5a0da8,amc_aime
pair_1bc96599,math_train
pair_c7b6ebe6,olympiads_ref
pair_567a7178,olympiads
pair_d9b966ca,math_test
pair_24cf7f4e,math_train
pair_5a7a8a71,number_theory
pair_6d3a0d6c,math_test
pair_cf5a1e54,math_train
pair_fff1f6e6,olympiads
pair_6cd3bbfa,olympiads
pair_521f4860,number_theory
pair_ee37974c,olympiads_ref
pair_5467b2a3,olympiads
pair_a6f9f388,math_test
pair_c38cf916,olympiads
pair_e50e4ef4,math_test
pair_61c6d911,math_train
pair_c0472e13,olympiads
pair_a6a4d86e,secondary_math
pair_9111a18b,inequalities
pair_e45dd21b,amc_aime
pair_26e5f340,aops_forum
pair_38c594b7,math_test
pair_d020f221,olympiads
pair_230ef2df,olympiads
pair_8789b304,olympiads_ref
pair_5011e3a7,olympiads
pair_512a782a,olympiads
pair_72211475,math_train
pair_b74058ae,aops_forum
pair_5e1c73b9,olympiads
pair_ef0e8db4,olympiads
pair_30f6f264,math_test
pair_1b782b87,olympiads
pair_77c5ce33,olympiads
pair_d66b4ef1,number_theory
pair_5688be7b,olympiads_ref
pair_a3d8d7c9,math_test
pair_e84f0bcc,olympiads
pair_27877b26,math_train
pair_cb87f529,olympiads
pair_41f0b641,secondary_math
pair_e24e2569,olympiads
pair_0ef9c5ad,cn_k12
pair_19f38ab5,olympiads
pair_337e3166,math_test
pair_b1256bea,olympiads
pair_45fd0def,number_theory
pair_bf4da98e,math_train
pair_517e0184,olympiads
pair_d0bf6a3e,math_train
pair_2b305d1c,olympiads
pair_af7858e0,aops_forum
pair_79ce44df,olympiads_ref
pair_1be405c9,olympiads_ref
pair_1d153676,aops_forum
pair_11d8b9aa,olympiads
pair_3b09fc7f,number_theory
pair_5e9dec9a,olympiads
pair_8168de22,olympiads
pair_b4d61cac,olympiads
pair_ebf13f28,math_test
pair_46afa51e,olympiads_ref
pair_1eaa835f,olympiads
pair_aa58b38a,math_test
pair_5f299a15,olympiads
pair_c2892f29,olympiads
pair_5b95a74a,amc_aime
pair_d5d78e79,olympiads_ref
pair_f3113800,olympiads
pair_32fe6688,amc_aime
pair_fbf24db5,math_test
pair_cf8d7eee,olympiads
pair_bd880f59,olympiads
pair_d2f8657f,olympiads_ref
pair_df433d2d,amc_aime
pair_e4ffaada,olympiads
pair_0e521150,olympiads
pair_287f6f3a,math_test
pair_edf1abe4,olympiads
pair_5d549056,olympiads
pair_1374b05a,olympiads_ref
pair_61b3fc6d,olympiads
pair_ba63ea57,olympiads_ref
pair_539d9dbb,math_train
pair_2aa5eee9,math_test
pair_5c4febf4,olympiads
pair_d53ad2da,inequalities
pair_e44a2a1b,number_theory
pair_572f2949,olympiads_ref
pair_e9b4375e,olympiads
pair_9337fb95,olympiads_ref
pair_bc971215,math_train
pair_e20512f8,olympiads_ref
pair_050e20e0,aops_forum
pair_0bdca338,aops_forum
pair_c18406c6,olympiads
pair_e1eda743,aops_forum
pair_1b51de2d,math_train
pair_36391abe,olympiads
pair_7f8597bd,aops_forum
pair_4c690fec,olympiads
pair_c27754c1,amc_aime
pair_95ff000b,olympiads
pair_ce95c511,aops_forum
pair_cc32986f,olympiads
pair_89553f13,olympiads
pair_8cd2290d,math_test
pair_fc7658d2,secondary_math
pair_83baa99c,olympiads
pair_52703b5d,number_theory
pair_2093cf85,olympiads
pair_d705647f,olympiads
pair_565060cc,math_test
pair_737c1ad8,aops_forum
pair_cc877ef5,secondary_math
pair_a25cfb80,number_theory
pair_ce552824,math_test
pair_20804585,math_test
pair_c7b5048b,number_theory
pair_6c7a6328,olympiads
pair_a4f96498,olympiads_ref
pair_42350979,olympiads_ref
pair_05ebda3a,olympiads_ref
pair_63713be9,math_test
pair_e9e4fe91,number_theory
pair_ea1760b7,olympiads_ref
pair_63290a4f,olympiads
pair_ad809863,math_test
pair_172df75c,olympiads
pair_aa25e669,olympiads
pair_01eb3f84,olympiads
pair_bf183159,number_theory
pair_df588c37,math_train
pair_4997bb95,olympiads
pair_7d83ff1d,math_train
pair_b5538e9b,math_test
pair_4d250b5a,inequalities
pair_a407a418,number_theory
pair_72d0f967,olympiads
pair_ef76b929,math_test
pair_7cb6be3d,olympiads
pair_85381100,inequalities
pair_72e7bf79,olympiads
pair_faeeadb5,inequalities
pair_81a940c1,cn_k12
pair_7287b6df,amc_aime
pair_6dc99514,olympiads
pair_25ca4af7,olympiads_ref
pair_48816beb,secondary_math
pair_56e6aea2,cn_k12
pair_de44390b,cn_contest
pair_d0db9821,olympiads_ref
pair_35dc14d4,olympiads
pair_8cb2e961,olympiads
pair_e7a42ae0,secondary_math
pair_a90f729a,aops_forum
pair_76c28ffc,olympiads
pair_8ca7e2e9,cn_k12
pair_ac3360d3,math_train
pair_d770fbd5,cn_contest
pair_ecfa7c8c,olympiads
pair_1f6c5f2d,math_train
pair_efe26fd2,olympiads
pair_db3a14d0,secondary_math
pair_6a3d748b,cn_k12
pair_10fd318c,olympiads_ref
pair_a32d30b1,olympiads
pair_c067e247,olympiads
pair_d75ab4ea,aops_forum
pair_1d71b500,cn_contest
pair_0b8d80ab,math_test
pair_9f8977d0,olympiads
pair_0aa85a3c,olympiads_ref
pair_a9dfa195,math_test
pair_bf7df48f,secondary_math
pair_64c6ccf2,number_theory
pair_07f20614,math_test
pair_2e298ffa,amc_aime
pair_4a5c28e9,olympiads
pair_ec6308ce,olympiads
pair_e1feb59f,olympiads
pair_58969aa7,olympiads
pair_6a7e9054,cn_contest
pair_4fd720f4,olympiads_ref
pair_62307c2b,olympiads
pair_c1afbf5f,olympiads
pair_fd852ae5,cn_contest
pair_70195bd4,math_train
pair_149000e5,aops_forum
pair_223e36f1,number_theory
pair_a6812c4d,math_test
pair_e443cfe2,math_test
pair_3f3158ea,inequalities
pair_73313810,number_theory
pair_8cc7b284,cn_contest
pair_46d28f43,olympiads_ref
pair_706e7c21,olympiads
pair_66445314,olympiads
pair_6c5900d5,inequalities
pair_9ac36cf5,number_theory
pair_caa13ec2,olympiads
pair_bc9756d2,math_train
pair_2b873165,math_test
pair_b06456a1,inequalities
pair_a89bb1ad,number_theory
pair_41624ef7,olympiads
pair_8a1fd1b9,olympiads_ref
pair_041cccd6,math_test
pair_e5077727,inequalities
pair_5e64c515,olympiads
pair_6b705760,number_theory
pair_490fccaa,olympiads_ref
pair_30392062,olympiads
pair_c9acf82e,inequalities
pair_450ac881,number_theory
pair_085513ab,olympiads_ref
pair_07672585,olympiads
pair_7a30a024,olympiads
pair_334d1633,math_test
pair_0e075d00,olympiads
pair_4acf6310,number_theory
pair_a47efa4f,olympiads
pair_4cffc8e6,amc_aime
pair_2fde2018,math_test
pair_883c85fe,olympiads
pair_db0aa3dc,olympiads
pair_7f6de6ca,number_theory
pair_2047a367,math_test
pair_581f4cd2,math_train
pair_d70377fc,math_test
pair_ffda9ede,olympiads
pair_2000cc20,cn_k12
pair_596cc903,math_train
pair_2c88138b,olympiads_ref
pair_e5d83fbc,math_train
pair_0bc9ff8b,math_test
pair_df05f507,cn_k12
pair_dd06269e,aops_forum
pair_e6737ba8,amc_aime
pair_ace5fb55,amc_aime
pair_89e16f38,olympiads
pair_c2be43fa,cn_k12
pair_4a05b004,olympiads_ref
pair_e21c3f33,olympiads
pair_0a26cff4,olympiads
pair_0cbaa3fa,math_test
pair_ad661cc8,amc_aime
pair_efc97577,cn_k12
pair_fc878b3a,math_train
pair_adb3edef,olympiads_ref
pair_84da66e6,olympiads
pair_9879add4,math_train
pair_25bb946c,inequalities
pair_c85a600d,olympiads_ref
pair_9aa8c0c7,cn_k12
pair_957fac80,aops_forum
pair_eac463f2,inequalities
pair_2a4dc8cc,math_test
pair_a32d65bf,olympiads
pair_ff074495,secondary_math
pair_7bf3d81f,number_theory
pair_7dc8bfd3,olympiads_ref
pair_79d7166e,math_train
pair_b3d26daa,secondary_math
pair_f38173b7,math_test
pair_4e99ab07,number_theory
pair_1d10baad,olympiads_ref
pair_54847d87,math_test
pair_c1c852d0,olympiads
pair_2baa102a,olympiads_ref
pair_699637bb,number_theory
pair_040b5261,math_test
pair_58136e83,olympiads
pair_738253dc,math_test
pair_586d4c59,olympiads
pair_04759e39,secondary_math
pair_7423cb44,olympiads
pair_cbd01167,math_test
pair_7f63deea,olympiads
pair_caf210e1,amc_aime
pair_d659df40,number_theory
pair_536523eb,olympiads
pair_7c52ccdb,olympiads
pair_a6d289a6,math_train
pair_3a591bd8,amc_aime
pair_9bb103eb,olympiads_ref
pair_a5d24f60,math_train
pair_8c5c1285,olympiads
pair_f3bf23d2,math_train
pair_be2a3319,olympiads
pair_e49e6a3a,olympiads
pair_7d4722bc,amc_aime
pair_c1fd196b,math_test
pair_c4b7fa3a,olympiads_ref
pair_ca684afa,olympiads
pair_6fd1c393,olympiads_ref
pair_80cc6869,math_test
pair_e65dff79,number_theory
pair_51dfb6ee,olympiads
pair_358e95d5,number_theory
pair_30274a8a,olympiads
pair_fcacc1c8,olympiads
pair_622d6e5c,math_train
pair_a39ff5f8,olympiads
pair_67c6f010,secondary_math
pair_feaf5a17,number_theory
pair_e326dce2,amc_aime
pair_416f2975,secondary_math
pair_46a70709,olympiads
pair_4beb2458,math_train
pair_a295936f,aops_forum
pair_3bf62fff,math_test
pair_cb88e366,olympiads
pair_00029a23,olympiads
pair_fef9f901,olympiads
pair_21fcbab0,olympiads
pair_877062a7,math_train
pair_de5a08c0,olympiads
pair_1162749d,math_test
pair_0ef6f461,olympiads_ref
pair_ff6c1a3a,math_test
pair_c43fbc84,secondary_math
pair_19bb24e8,olympiads
pair_475a0eac,math_train
pair_ee1554cd,unknown
pair_51d20f5a,aops_forum
pair_4c81206a,olympiads
pair_52033936,amc_aime
pair_db7a5e19,olympiads_ref
pair_c064242d,olympiads
pair_ed7fa82c,math_train
pair_81d394ec,olympiads
pair_6a0c7ef7,secondary_math
pair_d6143792,olympiads_ref
pair_3da844f5,inequalities
pair_ac1b7473,number_theory
pair_81a906eb,amc_aime
pair_f5a9005d,cn_k12
pair_f36f9831,amc_aime
pair_7fda4fb2,olympiads
pair_677e1a17,secondary_math
pair_c45d86ca,inequalities
pair_d31fa7f4,olympiads_ref
pair_abd31864,number_theory
pair_babc83eb,olympiads
pair_3dea4c52,cn_k12
pair_b530e653,olympiads
pair_5cd784d8,math_test
pair_1b0aac1f,secondary_math
pair_d0f4e71a,math_train
pair_4e845b16,math_test
pair_7562a6c8,inequalities
pair_69bf8c9a,olympiads_ref
pair_22cbf133,olympiads
pair_c297fd04,olympiads
pair_e3dfd2fa,cn_k12
pair_60ef2d32,olympiads
pair_68858a6d,olympiads_ref
pair_d5eb0957,math_test
pair_204207d6,olympiads_ref
pair_ee4a2990,inequalities
pair_b5341e4e,olympiads
pair_812bbef8,olympiads_ref
pair_e1d055fa,cn_k12
pair_44c4e680,olympiads
pair_02c12297,math_train
pair_41f7db81,cn_k12
pair_a175bec8,olympiads
pair_6060cb9a,olympiads
pair_9c8d40df,math_train
pair_a1746494,olympiads
pair_8065909d,amc_aime
pair_74ca5f06,aops_forum
pair_e7b037a3,olympiads
pair_e868a33f,number_theory
pair_4d25cb85,olympiads
pair_fb1cee34,olympiads
pair_1efaf83f,math_test
pair_488f82c8,cn_k12
pair_dafdedc0,olympiads
pair_2088139e,olympiads_ref
pair_9e367d1c,number_theory
pair_6221e29f,number_theory
pair_4a2c5fbe,olympiads
pair_ce57feac,math_test
pair_d7f14a59,cn_k12
pair_daf50f9f,number_theory
pair_42f5ee46,olympiads
pair_f2ee8d3a,olympiads
pair_1d2ee71a,secondary_math
pair_3fa78c24,olympiads_ref
pair_572dc7d4,math_train
pair_637c5664,olympiads
pair_0f59ff94,math_test
pair_c2e706ca,olympiads
pair_50fab0e3,number_theory
pair_e465e991,secondary_math
pair_66d1789e,olympiads
pair_fd4d972b,math_test
pair_68e74a3f,cn_k12
pair_93216ac7,secondary_math
pair_b436ba17,number_theory
pair_0fc81044,olympiads_ref
pair_860f8b61,aops_forum
pair_994abb32,olympiads
pair_8738a831,secondary_math
pair_b285666e,math_test
pair_fdd13719,math_train
pair_fe5dc206,inequalities
pair_84f2f9d6,olympiads_ref
pair_f71e9ea7,secondary_math
pair_669795ae,math_train
pair_f0d63a08,number_theory
pair_1eac5349,olympiads_ref
pair_4f35c0f5,inequalities
pair_e7fd21d0,math_train
pair_6d779213,olympiads
pair_9fe07ea2,number_theory
pair_8b9edf95,cn_k12
pair_a4fd0d21,olympiads_ref
pair_665c7b43,secondary_math
pair_1771fa82,olympiads_ref
pair_5b7cf76b,math_test
pair_3a20ed0b,number_theory
pair_2f8f4d5e,olympiads
pair_91fe7774,olympiads_ref
pair_dce6bbbe,olympiads_ref
pair_37cb176c,amc_aime
pair_1f306cf6,cn_k12
pair_10db0ca7,cn_k12
pair_27a41389,secondary_math
pair_994a5f19,olympiads_ref
pair_087209d4,inequalities
pair_31692a4f,amc_aime
pair_e38bc8a1,olympiads
pair_1fd113f9,unknown
pair_8e1aeab1,secondary_math
pair_bc195e47,aops_forum
pair_9f7e3572,inequalities
pair_fc2786b4,amc_aime
pair_a2697392,math_test
pair_57d1642d,amc_aime
pair_17f687cb,cn_k12
pair_3784d8be,olympiads
pair_f1f5de69,olympiads_ref
pair_ec7d4dc8,olympiads
pair_5702a23c,secondary_math
pair_edfc7430,inequalities
pair_60c86e32,math_train
pair_dd19603f,math_train
pair_63780cf1,olympiads
pair_f7c42624,olympiads
pair_ce354bfd,cn_k12
pair_87ad180c,olympiads
pair_60d537bd,olympiads
pair_2c06ebcc,aops_forum
pair_fde35d75,amc_aime
pair_db1d04db,aops_forum
pair_090e1b97,amc_aime
pair_0b56228b,cn_k12
pair_cad04770,olympiads
pair_55ff870c,olympiads
pair_00c3ecd5,math_test
pair_413c39fe,cn_k12
pair_cac3003e,olympiads
pair_f1d5add7,olympiads_ref
pair_1435e660,olympiads
pair_0418444e,secondary_math
pair_4d1206f0,secondary_math
pair_545734f8,amc_aime
pair_35fa6fbf,amc_aime
pair_496aea54,number_theory
pair_78adfd7a,olympiads
pair_53c8fe31,olympiads_ref
pair_6920c5e4,secondary_math
pair_ca95be8a,number_theory
pair_59164349,olympiads
pair_60565fc7,number_theory
pair_553274a5,secondary_math
pair_5716b25c,math_test
pair_51d5ae20,number_theory
pair_3eb459a8,olympiads_ref
pair_95f6ebd4,secondary_math
pair_6321443a,olympiads_ref
pair_11fd7bac,number_theory
pair_99ec5d3d,inequalities
pair_cc62a034,olympiads_ref
pair_28a22216,math_train
pair_f3be9113,math_test
pair_e2613b27,olympiads_ref
pair_724a190a,olympiads
pair_5a4c90a1,olympiads_ref
pair_b9b42076,math_test
pair_f4b1f0c5,secondary_math
pair_997e977a,inequalities
pair_f776e1b3,olympiads_ref
pair_59dfd310,amc_aime
pair_32d44a7f,olympiads_ref
pair_8dc0b943,cn_k12
pair_9fccba47,olympiads
pair_36a4c8b8,olympiads
pair_a0e4b1be,math_test
pair_34e33ffa,secondary_math
pair_a9f36aa2,math_train
pair_28bb1bc1,cn_k12
pair_5f2e06a9,olympiads_ref
pair_496fbd44,secondary_math
pair_fc46994b,math_test
pair_c7e34a60,olympiads_ref
pair_ce1f2017,aops_forum
pair_fa0bec2a,math_test
pair_b06aa000,olympiads_ref
pair_b6b59986,aops_forum
pair_5fac4612,olympiads_ref
pair_a31ae240,cn_k12
pair_41a14c6c,math_test
pair_219b6cbe,math_train
pair_890df15b,olympiads_ref
pair_f7ccc7ae,olympiads_ref
pair_631baaf3,olympiads
pair_5f0e258f,olympiads
pair_8b811b71,amc_aime
pair_c674a3aa,math_test
pair_a152fcb1,olympiads
pair_e92ee70b,cn_contest
pair_0d8074dd,olympiads
pair_38baa893,olympiads_ref
pair_dedba2e1,number_theory
pair_2c4edb5a,amc_aime
pair_cc90a56e,cn_contest
pair_cd6e37be,cn_k12
pair_d4cca5cc,math_test
pair_a84ef6f9,amc_aime
pair_a578871d,olympiads
pair_cea6b339,cn_k12
pair_15a94d79,cn_k12
pair_eabc1c29,math_train
pair_5eff9412,math_test
pair_1d99af92,cn_k12
pair_5eff96a2,cn_k12
pair_c88716ef,olympiads
pair_4d17ca63,amc_aime
pair_326a8dc3,cn_contest
pair_eca058c6,number_theory
pair_087abd10,olympiads
pair_f6743d4f,amc_aime
pair_70d2a8c0,olympiads_ref
pair_41e91fd1,math_train
pair_9cb39085,amc_aime
pair_ac19db89,number_theory
pair_8c6573c6,olympiads
pair_8bea0ba4,number_theory
pair_188591c0,amc_aime
pair_1c26ce14,olympiads_ref
pair_c09884b9,olympiads
pair_ff426e34,number_theory
