pair,selection_strata
pair_00029a23,lexicographic
pair_0050c84f,lexicographic
pair_006994c7,lexicographic
pair_006b5904,lexicographic
pair_007a0fab,lexicographic
pair_007c64c7,lexicographic
pair_00b23e63,lexicographic
pair_00c3ecd5,lexicographic
pair_00e0db33,lexicographic
pair_00f46d63,lexicographic
pair_00f6f69b,lexicographic
pair_0104d9f5,lexicographic
pair_011cd4a8,lexicographic
pair_0145f28f,lexicographic|source:unknown
pair_014f63cf,lexicographic
pair_0152caff,lexicographic
pair_0156cf6d,lexicographic
pair_01574a48,lexicographic
pair_0159d31f,lexicographic
pair_01d89852,lexicographic
pair_01eb3f84,lexicographic
pair_02214b2f,lexicographic
pair_02298a7a,lexicographic
pair_0246fb93,lexicographic
pair_02491ecb,lexicographic
pair_0262cdc9,lexicographic
pair_02867743,lexicographic
pair_02c12297,lexicographic
pair_02cae9ff,lexicographic
pair_02d50781,lexicographic
pair_02dd0798,lexicographic
pair_02f18045,lexicographic
pair_02f799b6,lexicographic
pair_031e226a,lexicographic
pair_03542350,lexicographic
pair_036e6d88,lexicographic
pair_03a1c8d7,lexicographic
pair_03f27419,lexicographic
pair_03fe8450,lexicographic
pair_040b5261,lexicographic
pair_0418444e,lexicographic
pair_041cccd6,lexicographic
pair_042fa966,lexicographic
pair_045087bc,lexicographic
pair_04759e39,lexicographic|source:secondary_math
pair_047a9beb,lexicographic
pair_0487694f,lexicographic
pair_0490c5e2,lexicographic
pair_0493582a,lexicographic
pair_04a27118,lexicographic
pair_05bb3001,source:number_theory
pair_0ab4e485,largest_root
pair_0ae64546,largest_root
pair_0afd1fb7,source:unknown
pair_0bd33b17,largest_root
pair_0f3a18aa,source:math_train
pair_0fc81044,source:olympiads_ref
pair_10db0ca7,source:cn_k12
pair_1286e618,source:amc_aime
pair_12b77ca2,source:math_train
pair_1356d3a6,source:olympiads
pair_1414cef2,source:cn_contest
pair_150b3df7,source:number_theory
pair_16f848fe,source:math_test
pair_19517b6c,largest_root
pair_1a4c80fd,source:cn_k12
pair_1bb6b6fd,source:amc_aime
pair_1ca8a89b,largest_root
pair_1ea042ec,source:olympiads
pair_1fd113f9,source:unknown
pair_22d239ab,largest_root
pair_273bbcc3,largest_root
pair_28166c34,source:amc_aime
pair_29c03238,largest_root
pair_2a84587a,source:number_theory
pair_2ab91001,source:aops_forum
pair_31efc93a,source:cn_k12
pair_31f6864c,largest_root
pair_327d18cf,largest_root
pair_3395ed90,largest_root
pair_33f8d99b,largest_root
pair_34ed3643,source:secondary_math
pair_3583dfea,largest_root
pair_359f2631,source:secondary_math
pair_36da045a,source:olympiads_ref
pair_37c40664,source:math_train
pair_37cb176c,source:amc_aime
pair_386498e5,largest_root
pair_39bdbaef,largest_root
pair_3ae19d99,largest_root
pair_3d2c868d,source:olympiads_ref
pair_3d4696f0,largest_root
pair_3da844f5,source:inequalities
pair_3de9a2e0,source:math_test
pair_3f3158ea,source:inequalities
pair_3f68a756,largest_root
pair_3fa78c24,largest_root
pair_42df760d,source:olympiads
pair_468a8357,largest_root
pair_47347e14,source:cn_k12
pair_474f3b09,source:math_train
pair_479d7e25,largest_root
pair_47c28704,largest_root
pair_4852725b,source:math_train
pair_4a23a011,source:number_theory
pair_4acf6310,source:number_theory
pair_4b2c224c,source:math_train
pair_4d1206f0,source:secondary_math
pair_4d250b5a,source:inequalities
pair_521234ef,source:aops_forum
pair_52f16799,source:cn_k12
pair_53ed7ca7,largest_root
pair_565060cc,source:math_test
pair_57c4dba0,source:aops_forum
pair_5c1cd10b,source:cn_contest
pair_5d555352,source:math_train
pair_5f3e048c,source:aops_forum
pair_61901edb,source:olympiads
pair_6225d4ce,largest_root|source:cn_contest
pair_63189cbe,source:olympiads
pair_63244b6e,largest_root
pair_6599751f,source:cn_contest
pair_665c7b43,source:secondary_math
pair_66fa86a6,source:cn_contest
pair_677e1a17,source:secondary_math
pair_67c890a5,source:secondary_math
pair_6801c12d,largest_root
pair_6c5900d5,source:inequalities
pair_7187bdc5,source:amc_aime
pair_71ee0538,source:cn_contest
pair_7248311e,source:unknown
pair_78725416,source:math_test
pair_790cfa6a,source:unknown
pair_79e4c725,source:cn_contest
pair_7c9626f0,largest_root
pair_7f850b66,source:cn_k12
pair_7f8597bd,source:aops_forum
pair_7fc4c74b,source:cn_contest
pair_8065909d,source:amc_aime
pair_80947c71,largest_root|source:inequalities
pair_82f26bd9,source:amc_aime
pair_8316b478,largest_root
pair_85381100,source:inequalities
pair_8694b7be,source:math_test
pair_86bc99ec,source:cn_k12
pair_8898bd29,source:number_theory
pair_891d60b6,source:olympiads_ref
pair_89d0874d,largest_root
pair_8a21ac35,source:secondary_math
pair_8c4315e8,source:secondary_math
pair_8c795f65,source:olympiads_ref
pair_8cd2290d,source:math_test
pair_931e08d8,source:math_train
pair_93b8c9cb,source:aops_forum
pair_941d18e8,largest_root
pair_94b0bbc6,source:aops_forum
pair_95974c55,source:aops_forum
pair_97a1ae7b,source:aops_forum
pair_98d97530,largest_root
pair_9a43f44e,source:amc_aime
pair_9b7f569b,source:unknown
pair_9c11521b,source:amc_aime
pair_a02e1387,source:unknown
pair_a092441a,largest_root
pair_a10926bc,source:math_test
pair_a32d30b1,largest_root
pair_a6f9f388,source:math_test
pair_a9dfa195,largest_root
pair_aec04599,source:olympiads
pair_af58b0a0,source:cn_k12
pair_b042f469,source:olympiads_ref
pair_b2674d55,source:cn_contest
pair_b2bf4978,source:inequalities
pair_b526d4b4,source:math_test
pair_b8b5f6f6,source:olympiads
pair_b9118bc5,source:cn_contest
pair_bcbd6aa6,source:number_theory
pair_bf476baa,source:inequalities
pair_bf7df48f,source:secondary_math
pair_c09884b9,largest_root
pair_c4fe0db7,largest_root
pair_c8cf6c63,largest_root
pair_c9e45f55,source:number_theory
pair_cd0b97bc,source:olympiads_ref
pair_cd81e053,largest_root
pair_cf7e0dbd,source:olympiads_ref
pair_d0bf6a3e,largest_root
pair_d1001904,source:cn_k12
pair_d14f424f,source:math_test
pair_d2cedae2,largest_root
pair_d2f8657f,source:olympiads_ref
pair_d96197fd,source:inequalities
pair_db92218f,largest_root
pair_deb0d50b,largest_root
pair_e0292b80,source:number_theory
pair_e0c795d5,source:olympiads_ref
pair_e20e3985,largest_root
pair_e2657659,source:olympiads
pair_e300ccc0,source:cn_k12
pair_e37987ec,largest_root
pair_e3a73eb1,source:math_train
pair_e3dfe832,largest_root
pair_e3fb4cfd,source:olympiads
pair_e411bdaf,largest_root|source:number_theory
pair_e68a55a4,source:aops_forum
pair_e91c48ee,largest_root
pair_ebc61bc9,largest_root
pair_ee1554cd,source:unknown
pair_ee4a2990,source:inequalities
pair_f087056e,source:unknown
pair_f1f98839,source:olympiads
pair_f599feb3,source:math_train
pair_f79e7f16,source:unknown
pair_f8f4192b,source:amc_aime
pair_fed20448,largest_root
