pair,side,source,status,source_claims,root_nodes,term_lets,matched,match_share,unambiguous_matched,term_uses,zero_term_use,one_term_use,multi_term_use,reuse_excess,potential_inlining_nodes
pair_00b23e63,a,cn_contest,ok,3,388304.0,3.0,3.0,1.0,3.0,6.0,0.0,0.0,3.0,3.0,277599.0
pair_00b23e63,h,cn_contest,ok,5,887034.0,5.0,5.0,1.0,5.0,14.0,2.0,0.0,3.0,11.0,525389.0
pair_01eb3f84,a,olympiads,ok,18,1185131.0,21.0,18.0,1.0,5.0,19.0,1.0,15.0,2.0,2.0,309369.0
pair_01eb3f84,h,olympiads,ok,4,481419.0,17.0,4.0,1.0,3.0,9.0,0.0,1.0,3.0,5.0,168714.0
pair_064daf4b,a,olympiads,ok,2,572.0,2.0,2.0,1.0,2.0,2.0,0.0,2.0,0.0,0.0,0.0
pair_064daf4b,h,olympiads,ok,1,415.0,1.0,1.0,1.0,1.0,1.0,0.0,1.0,0.0,0.0,0.0
pair_06e244fd,a,olympiads,ok,13,2087958.0,13.0,13.0,1.0,2.0,13.0,2.0,9.0,2.0,2.0,364864.0
pair_06e244fd,h,olympiads,ok,15,2053599.0,15.0,15.0,1.0,5.0,14.0,2.0,12.0,1.0,1.0,269238.0
pair_070c0d6f,a,amc_aime,failed,2,,,,,,,,,,,
pair_070c0d6f,h,amc_aime,ok,8,232444.0,10.0,8.0,1.0,8.0,12.0,0.0,4.0,4.0,4.0,64912.0
pair_0a7bd2c7,a,secondary_math,ok,0,1295232.0,1.0,0.0,1.0,0.0,0.0,0.0,0.0,0.0,0.0,0.0
pair_0a7bd2c7,h,secondary_math,ok,0,1254263.0,0.0,0.0,1.0,0.0,0.0,0.0,0.0,0.0,0.0,0.0
pair_0a891d0e,a,cn_contest,ok,2,260528.0,2.0,2.0,1.0,2.0,5.0,1.0,0.0,1.0,4.0,395892.0
pair_0a891d0e,h,cn_contest,ok,0,154869.0,1.0,0.0,1.0,0.0,0.0,0.0,0.0,0.0,0.0,0.0
pair_0a983018,a,olympiads_ref,ok,14,1462112.0,14.0,14.0,1.0,4.0,37.0,4.0,2.0,8.0,27.0,2880273.0
pair_0a983018,h,olympiads_ref,ok,1,1035481.0,8.0,1.0,1.0,0.0,1.0,0.0,1.0,0.0,0.0,0.0
pair_0b123512,a,math_train,ok,0,2757.0,0.0,0.0,1.0,0.0,0.0,0.0,0.0,0.0,0.0,0.0
pair_0b123512,h,math_train,ok,5,137026.0,12.0,5.0,1.0,5.0,34.0,2.0,1.0,2.0,31.0,16241.0
pair_0bc9ff8b,a,math_test,ok,4,1554711.0,4.0,4.0,1.0,4.0,2.0,2.0,2.0,0.0,0.0,0.0
pair_0bc9ff8b,h,math_test,ok,0,934385.0,0.0,0.0,1.0,0.0,0.0,0.0,0.0,0.0,0.0,0.0
pair_0c9ecd6b,a,math_train,ok,10,2276930.0,10.0,10.0,1.0,6.0,35.0,5.0,0.0,5.0,30.0,3427612.0
pair_0c9ecd6b,h,math_train,ok,1,1086816.0,1.0,1.0,1.0,1.0,18.0,0.0,0.0,1.0,17.0,316931.0
pair_0f3deadd,a,math_train,ok,1,6500.0,1.0,1.0,1.0,1.0,1.0,0.0,1.0,0.0,0.0,0.0
pair_0f3deadd,h,math_train,ok,0,6500.0,1.0,0.0,1.0,0.0,0.0,0.0,0.0,0.0,0.0,0.0
pair_0f421760,a,amc_aime,ok,0,3265.0,0.0,0.0,1.0,0.0,0.0,0.0,0.0,0.0,0.0,0.0
pair_0f421760,h,amc_aime,ok,7,591724.0,8.0,7.0,1.0,7.0,10.0,0.0,5.0,2.0,3.0,493015.0
pair_0f905113,a,math_test,ok,4,1443101.0,6.0,4.0,1.0,2.0,3.0,1.0,3.0,0.0,0.0,0.0
pair_0f905113,h,math_test,ok,3,1004794.0,5.0,3.0,1.0,2.0,3.0,0.0,3.0,0.0,0.0,0.0
pair_11362c17,a,secondary_math,ok,0,3990041.0,0.0,0.0,1.0,0.0,0.0,0.0,0.0,0.0,0.0,0.0
pair_11362c17,h,secondary_math,ok,0,3913883.0,0.0,0.0,1.0,0.0,0.0,0.0,0.0,0.0,0.0,0.0
pair_121126b4,a,math_train,ok,6,313217.0,6.0,6.0,1.0,6.0,7.0,1.0,4.0,1.0,2.0,4434.0
pair_121126b4,h,math_train,ok,1,348670.0,1.0,1.0,1.0,1.0,1.0,0.0,1.0,0.0,0.0,0.0
pair_136afae1,a,olympiads,ok,5,579786.0,5.0,5.0,1.0,5.0,6.0,1.0,3.0,1.0,2.0,19454.0
pair_136afae1,h,olympiads,ok,4,1068343.0,4.0,4.0,1.0,4.0,2.0,2.0,2.0,0.0,0.0,0.0
pair_13d805d4,a,amc_aime,ok,3,65882.0,3.0,3.0,1.0,3.0,4.0,0.0,2.0,1.0,1.0,1895.0
pair_13d805d4,h,amc_aime,ok,3,14120.0,3.0,3.0,1.0,3.0,4.0,0.0,2.0,1.0,1.0,733.0
pair_13dbafa5,a,math_train,ok,1,5958.0,1.0,1.0,1.0,1.0,1.0,0.0,1.0,0.0,0.0,0.0
pair_13dbafa5,h,math_train,ok,0,20447.0,0.0,0.0,1.0,0.0,0.0,0.0,0.0,0.0,0.0,0.0
pair_1435e660,a,olympiads,ok,17,308362.0,17.0,17.0,1.0,2.0,18.0,0.0,16.0,1.0,1.0,209141.0
pair_1435e660,h,olympiads,ok,9,207630.0,9.0,9.0,1.0,9.0,2.0,7.0,2.0,0.0,0.0,0.0
pair_149000e5,a,aops_forum,ok,2,3260191.0,4.0,2.0,1.0,2.0,3.0,1.0,0.0,1.0,2.0,48918.0
pair_149000e5,h,aops_forum,ok,0,1511383.0,0.0,0.0,1.0,0.0,0.0,0.0,0.0,0.0,0.0,0.0
pair_149fe16f,a,olympiads_ref,ok,5,1844332.0,5.0,5.0,1.0,5.0,10.0,0.0,0.0,5.0,5.0,2965.0
pair_149fe16f,h,olympiads_ref,ok,5,4404192.0,5.0,5.0,1.0,5.0,10.0,0.0,0.0,5.0,5.0,2965.0
pair_152731e7,a,olympiads,ok,7,354508.0,7.0,7.0,1.0,7.0,5.0,6.0,0.0,1.0,4.0,996.0
pair_152731e7,h,olympiads,ok,4,235930.0,5.0,4.0,1.0,4.0,7.0,0.0,2.0,2.0,3.0,149773.0
pair_1565703f,a,cn_k12,ok,0,375779.0,0.0,0.0,1.0,0.0,0.0,0.0,0.0,0.0,0.0,0.0
pair_1565703f,h,cn_k12,ok,0,297481.0,2.0,0.0,1.0,0.0,0.0,0.0,0.0,0.0,0.0,0.0
pair_171e8749,a,amc_aime,ok,4,628423.0,4.0,4.0,1.0,4.0,1.0,3.0,1.0,0.0,0.0,0.0
pair_171e8749,h,amc_aime,ok,0,3722.0,1.0,0.0,1.0,0.0,0.0,0.0,0.0,0.0,0.0,0.0
pair_17275427,a,amc_aime,ok,0,2591.0,0.0,0.0,1.0,0.0,0.0,0.0,0.0,0.0,0.0,0.0
pair_17275427,h,amc_aime,ok,0,1780.0,3.0,0.0,1.0,0.0,0.0,0.0,0.0,0.0,0.0,0.0
pair_17a4d7d8,a,olympiads,ok,10,1178921.0,10.0,10.0,1.0,6.0,9.0,3.0,5.0,2.0,2.0,252053.0
pair_17a4d7d8,h,olympiads,ok,0,169488.0,1.0,0.0,1.0,0.0,0.0,0.0,0.0,0.0,0.0,0.0
pair_19517b6c,a,olympiads,ok,20,59220.0,20.0,20.0,1.0,2.0,53.0,8.0,3.0,9.0,41.0,386007.0
pair_19517b6c,h,olympiads,ok,7,872243.0,24.0,7.0,1.0,7.0,16.0,0.0,3.0,4.0,9.0,505947.0
pair_19f291ba,a,math_test,ok,9,618243.0,12.0,9.0,1.0,9.0,19.0,0.0,6.0,3.0,10.0,1374674.0
pair_19f291ba,h,math_test,ok,8,454408.0,8.0,8.0,1.0,4.0,16.0,0.0,7.0,1.0,8.0,1551568.0
pair_1d99af92,a,cn_k12,ok,6,3338124.0,28.0,6.0,1.0,6.0,5.0,4.0,0.0,2.0,3.0,2355937.0
pair_1d99af92,h,cn_k12,ok,6,558661.0,14.0,6.0,1.0,6.0,13.0,0.0,3.0,3.0,7.0,36033.0
pair_1e273c45,a,math_test,ok,17,9706268.0,19.0,17.0,1.0,13.0,72.0,4.0,2.0,11.0,59.0,62517107.0
pair_1e273c45,h,math_test,ok,6,4569468.0,19.0,6.0,1.0,5.0,12.0,0.0,0.0,6.0,6.0,2105946.0
pair_1e4638c2,a,olympiads,ok,10,768390.0,10.0,10.0,1.0,4.0,9.0,3.0,5.0,2.0,2.0,61310.0
pair_1e4638c2,h,olympiads,ok,1,192691.0,4.0,1.0,1.0,1.0,1.0,0.0,1.0,0.0,0.0,0.0
pair_1e6ca847,a,olympiads,ok,4,10773.0,4.0,4.0,1.0,4.0,2.0,2.0,2.0,0.0,0.0,0.0
pair_1e6ca847,h,olympiads,ok,2,237365.0,4.0,2.0,1.0,0.0,8.0,0.0,0.0,2.0,6.0,90.0
pair_1eac5349,a,olympiads_ref,ok,9,805985.0,9.0,9.0,1.0,5.0,25.0,2.0,2.0,5.0,18.0,1814256.0
pair_1eac5349,h,olympiads_ref,ok,0,391201.0,4.0,0.0,1.0,0.0,0.0,0.0,0.0,0.0,0.0,0.0
pair_2000cc20,a,cn_k12,ok,2,760552.0,8.0,2.0,1.0,2.0,5.0,1.0,0.0,1.0,4.0,1027780.0
pair_2000cc20,h,cn_k12,ok,0,530326.0,2.0,0.0,1.0,0.0,0.0,0.0,0.0,0.0,0.0,0.0
pair_204207d6,a,olympiads_ref,ok,0,265827.0,0.0,0.0,1.0,0.0,0.0,0.0,0.0,0.0,0.0,0.0
pair_204207d6,h,olympiads_ref,ok,3,374136.0,5.0,3.0,1.0,1.0,3.0,0.0,3.0,0.0,0.0,0.0
pair_20f6251a,a,olympiads,failed,8,,,,,,,,,,,
pair_20f6251a,h,olympiads,ok,0,197240.0,2.0,0.0,1.0,0.0,0.0,0.0,0.0,0.0,0.0,0.0
pair_22599b6f,a,olympiads_ref,ok,0,1449009.0,0.0,0.0,1.0,0.0,0.0,0.0,0.0,0.0,0.0,0.0
pair_22599b6f,h,olympiads_ref,ok,0,615196.0,6.0,0.0,1.0,0.0,0.0,0.0,0.0,0.0,0.0,0.0
pair_2347fae1,a,olympiads,ok,10,243282.0,10.0,10.0,1.0,7.0,15.0,2.0,6.0,2.0,7.0,917.0
pair_2347fae1,h,olympiads,ok,5,533603.0,12.0,5.0,1.0,3.0,10.0,0.0,3.0,2.0,5.0,491919.0
pair_2590c3a7,a,olympiads,ok,3,21154.0,5.0,3.0,1.0,3.0,17.0,0.0,1.0,2.0,14.0,6041.0
pair_2590c3a7,h,olympiads,ok,3,23990.0,5.0,3.0,1.0,3.0,17.0,0.0,1.0,2.0,14.0,6041.0
pair_26771bf6,a,olympiads_ref,ok,4,326877.0,4.0,4.0,1.0,4.0,2.0,2.0,2.0,0.0,0.0,0.0
pair_26771bf6,h,olympiads_ref,ok,2,247745.0,2.0,2.0,1.0,2.0,4.0,1.0,0.0,1.0,3.0,81729.0
pair_271fa579,a,olympiads,ok,3,10673686.0,3.0,3.0,1.0,3.0,17.0,0.0,1.0,2.0,14.0,71672934.0
pair_271fa579,h,olympiads,ok,18,8134927.0,18.0,18.0,1.0,10.0,59.0,9.0,3.0,6.0,50.0,84443676.0
pair_2748f3f1,a,olympiads,ok,7,4217780.0,7.0,7.0,1.0,7.0,11.0,2.0,0.0,5.0,6.0,2767442.0
pair_2748f3f1,h,olympiads,ok,7,1982990.0,7.0,7.0,1.0,7.0,14.0,1.0,1.0,5.0,8.0,1827522.0
pair_29059eae,a,math_train,ok,8,651297.0,8.0,8.0,1.0,8.0,16.0,0.0,2.0,6.0,8.0,508178.0
pair_29059eae,h,math_train,ok,8,161609.0,15.0,8.0,1.0,5.0,9.0,0.0,7.0,1.0,1.0,15589.0
pair_2a4dc8cc,a,math_test,ok,8,391967.0,8.0,8.0,1.0,6.0,4.0,4.0,4.0,0.0,0.0,0.0
pair_2a4dc8cc,h,math_test,ok,4,501881.0,4.0,4.0,1.0,4.0,4.0,0.0,4.0,0.0,0.0,0.0
pair_2a66f969,a,olympiads,ok,9,2908244.0,9.0,9.0,1.0,5.0,11.0,3.0,2.0,4.0,5.0,349497.0
pair_2a66f969,h,olympiads,ok,6,3796240.0,6.0,6.0,1.0,4.0,8.0,0.0,5.0,1.0,2.0,322802.0
pair_2b09aabd,a,olympiads,ok,4,119621.0,4.0,4.0,1.0,4.0,8.0,0.0,1.0,3.0,4.0,103520.0
pair_2b09aabd,h,olympiads,ok,2,77763.0,3.0,2.0,1.0,2.0,6.0,0.0,0.0,2.0,4.0,140428.0
pair_2d283418,a,olympiads,ok,0,122296.0,0.0,0.0,1.0,0.0,0.0,0.0,0.0,0.0,0.0,0.0
pair_2d283418,h,olympiads,ok,0,114013.0,0.0,0.0,1.0,0.0,0.0,0.0,0.0,0.0,0.0,0.0
pair_2fba10ea,a,olympiads_ref,ok,10,1565215.0,10.0,10.0,1.0,10.0,18.0,0.0,6.0,4.0,8.0,246456.0
pair_2fba10ea,h,olympiads_ref,ok,29,2646477.0,29.0,29.0,1.0,29.0,42.0,5.0,17.0,7.0,18.0,1039332.0
pair_2fde2018,a,math_test,ok,19,1034045.0,27.0,19.0,1.0,12.0,40.0,4.0,10.0,5.0,25.0,974473.0
pair_2fde2018,h,math_test,ok,7,567522.0,18.0,7.0,1.0,2.0,6.0,1.0,6.0,0.0,0.0,0.0
pair_301c1ff9,a,aops_forum,ok,0,2387799.0,0.0,0.0,1.0,0.0,0.0,0.0,0.0,0.0,0.0,0.0
pair_301c1ff9,h,aops_forum,ok,0,1811605.0,0.0,0.0,1.0,0.0,0.0,0.0,0.0,0.0,0.0,0.0
pair_326a8dc3,a,cn_contest,ok,9,21141333.0,13.0,9.0,1.0,9.0,48.0,2.0,0.0,7.0,41.0,39641161.0
pair_326a8dc3,h,cn_contest,ok,25,7466210.0,25.0,25.0,1.0,23.0,52.0,9.0,4.0,12.0,36.0,35454459.0
pair_32d5762e,a,aops_forum,ok,2,219878.0,3.0,2.0,1.0,2.0,0.0,2.0,0.0,0.0,0.0,0.0
pair_32d5762e,h,aops_forum,ok,7,301024.0,7.0,7.0,1.0,7.0,0.0,7.0,0.0,0.0,0.0,0.0
pair_32e87abf,a,cn_k12,ok,13,295862.0,13.0,13.0,1.0,0.0,10.0,3.0,10.0,0.0,0.0,0.0
pair_32e87abf,h,cn_k12,ok,0,232098.0,3.0,0.0,1.0,0.0,0.0,0.0,0.0,0.0,0.0,0.0
pair_33135e91,a,olympiads,ok,8,595931.0,8.0,8.0,1.0,8.0,15.0,0.0,2.0,6.0,7.0,357451.0
pair_33135e91,h,olympiads,ok,4,681599.0,4.0,4.0,1.0,4.0,10.0,0.0,1.0,3.0,6.0,509484.0
pair_33b83cd5,a,cn_k12,ok,19,1256616.0,21.0,19.0,1.0,10.0,28.0,2.0,9.0,8.0,11.0,641435.0
pair_33b83cd5,h,cn_k12,ok,22,1077155.0,23.0,22.0,1.0,14.0,37.0,3.0,10.0,9.0,18.0,715887.0
pair_34b2dbc3,a,math_train,ok,3,1610.0,3.0,3.0,1.0,3.0,3.0,1.0,1.0,1.0,1.0,61.0
pair_34b2dbc3,h,math_train,ok,1,509352.0,1.0,1.0,1.0,1.0,0.0,1.0,0.0,0.0,0.0,0.0
pair_34e33ffa,a,secondary_math,ok,50,3111995.0,50.0,50.0,1.0,7.0,116.0,3.0,17.0,30.0,69.0,8993036.0
pair_34e33ffa,h,secondary_math,ok,14,1181173.0,14.0,14.0,1.0,8.0,45.0,1.0,7.0,6.0,32.0,580809.0
pair_358e95d5,a,number_theory,ok,11,3938.0,13.0,11.0,1.0,1.0,12.0,0.0,10.0,1.0,1.0,47.0
pair_358e95d5,h,number_theory,ok,5,27783.0,9.0,5.0,1.0,0.0,7.0,0.0,4.0,1.0,2.0,1718.0
pair_3757881d,a,olympiads,ok,21,1520809.0,21.0,21.0,1.0,17.0,22.0,7.0,8.0,6.0,8.0,858356.0
pair_3757881d,h,olympiads,ok,28,2119944.0,28.0,28.0,1.0,22.0,34.0,10.0,9.0,9.0,16.0,2369313.0
pair_37c40664,a,math_train,ok,4,60063.0,4.0,4.0,1.0,4.0,5.0,0.0,3.0,1.0,1.0,3.0
pair_37c40664,h,math_train,ok,1,69460.0,3.0,1.0,1.0,1.0,1.0,0.0,1.0,0.0,0.0,0.0
pair_37d880cd,a,number_theory,ok,3,16778.0,3.0,3.0,1.0,3.0,2.0,1.0,2.0,0.0,0.0,0.0
pair_37d880cd,h,number_theory,ok,2,60263.0,8.0,2.0,1.0,2.0,2.0,0.0,2.0,0.0,0.0,0.0
pair_3b1172ec,a,cn_k12,ok,0,38158.0,0.0,0.0,1.0,0.0,0.0,0.0,0.0,0.0,0.0,0.0
pair_3b1172ec,h,cn_k12,ok,1,446174.0,1.0,0.0,0.0,0.0,0.0,0.0,0.0,0.0,0.0,0.0
pair_3b470502,a,math_train,ok,0,160584.0,5.0,0.0,1.0,0.0,0.0,0.0,0.0,0.0,0.0,0.0
pair_3b470502,h,math_train,ok,0,160643.0,6.0,0.0,1.0,0.0,0.0,0.0,0.0,0.0,0.0,0.0
pair_3cca9874,a,math_train,ok,2,125939.0,2.0,2.0,1.0,2.0,2.0,0.0,2.0,0.0,0.0,0.0
pair_3cca9874,h,math_train,ok,0,38310.0,2.0,0.0,1.0,0.0,0.0,0.0,0.0,0.0,0.0,0.0
pair_3da844f5,a,inequalities,ok,0,2389489.0,0.0,0.0,1.0,0.0,0.0,0.0,0.0,0.0,0.0,0.0
pair_3da844f5,h,inequalities,ok,0,1524107.0,0.0,0.0,1.0,0.0,0.0,0.0,0.0,0.0,0.0,0.0
pair_3db79af4,a,cn_contest,ok,6,1170925.0,6.0,6.0,1.0,4.0,1853.0,0.0,4.0,2.0,1847.0,166686209.0
pair_3db79af4,h,cn_contest,ok,6,1166947.0,6.0,6.0,1.0,4.0,1853.0,0.0,4.0,2.0,1847.0,166686209.0
pair_3e5837da,a,amc_aime,ok,9,1026376.0,9.0,9.0,1.0,9.0,15.0,4.0,2.0,3.0,10.0,1964114.0
pair_3e5837da,h,amc_aime,ok,0,207169.0,0.0,0.0,1.0,0.0,0.0,0.0,0.0,0.0,0.0,0.0
pair_3e7604ad,a,aops_forum,ok,2,557463.0,4.0,2.0,1.0,2.0,4.0,0.0,0.0,2.0,2.0,1688.0
pair_3e7604ad,h,aops_forum,ok,0,588853.0,2.0,0.0,1.0,0.0,0.0,0.0,0.0,0.0,0.0,0.0
pair_40400f26,a,math_test,ok,2,2483.0,2.0,2.0,1.0,2.0,0.0,2.0,0.0,0.0,0.0,0.0
pair_40400f26,h,math_test,ok,6,172906.0,7.0,6.0,1.0,6.0,20.0,0.0,3.0,3.0,14.0,305059.0
pair_412ad836,a,number_theory,ok,0,2967.0,0.0,0.0,1.0,0.0,0.0,0.0,0.0,0.0,0.0,0.0
pair_412ad836,h,number_theory,ok,0,2967.0,0.0,0.0,1.0,0.0,0.0,0.0,0.0,0.0,0.0,0.0
pair_43cbe160,a,math_test,ok,13,3004711.0,13.0,13.0,1.0,13.0,50.0,0.0,3.0,10.0,37.0,719631.0
pair_43cbe160,h,math_test,ok,11,2502979.0,11.0,11.0,1.0,11.0,20.0,4.0,2.0,5.0,13.0,1854305.0
pair_44418174,a,math_train,ok,2,325035.0,2.0,2.0,1.0,2.0,4.0,0.0,0.0,2.0,2.0,1100.0
pair_44418174,h,math_train,ok,3,326126.0,3.0,3.0,1.0,3.0,4.0,1.0,0.0,2.0,2.0,52.0
pair_4453d7a8,a,olympiads,ok,6,9921.0,6.0,6.0,1.0,2.0,7.0,0.0,5.0,1.0,1.0,135.0
pair_4453d7a8,h,olympiads,ok,0,89427.0,0.0,0.0,1.0,0.0,0.0,0.0,0.0,0.0,0.0,0.0
pair_452bb14f,a,olympiads_ref,ok,11,939983.0,11.0,11.0,1.0,11.0,10.0,3.0,7.0,1.0,2.0,191298.0
pair_452bb14f,h,olympiads_ref,ok,8,2180320.0,14.0,8.0,1.0,0.0,8.0,0.0,8.0,0.0,0.0,0.0
pair_45b25f4e,a,olympiads_ref,ok,1,464708.0,1.0,1.0,1.0,1.0,1.0,0.0,1.0,0.0,0.0,0.0
pair_45b25f4e,h,olympiads_ref,ok,3,524142.0,3.0,3.0,1.0,3.0,3.0,0.0,3.0,0.0,0.0,0.0
pair_47d24c12,a,olympiads_ref,ok,1,521513.0,1.0,1.0,1.0,1.0,23.0,0.0,0.0,1.0,22.0,354640.0
pair_47d24c12,h,olympiads_ref,ok,0,15685.0,0.0,0.0,1.0,0.0,0.0,0.0,0.0,0.0,0.0,0.0
pair_4860e4db,a,olympiads,ok,9,2052819.0,9.0,9.0,1.0,7.0,15.0,2.0,3.0,4.0,8.0,1929551.0
pair_4860e4db,h,olympiads,ok,6,876525.0,11.0,6.0,1.0,6.0,6.0,1.0,4.0,1.0,1.0,175.0
pair_48881c66,a,amc_aime,ok,8,2592822.0,8.0,8.0,1.0,6.0,14.0,3.0,3.0,2.0,9.0,731413.0
pair_48881c66,h,amc_aime,ok,2,4444739.0,8.0,2.0,1.0,0.0,2.0,0.0,2.0,0.0,0.0,0.0
pair_49366beb,a,cn_contest,ok,1,88714.0,1.0,1.0,1.0,1.0,1.0,0.0,1.0,0.0,0.0,0.0
pair_49366beb,h,cn_contest,ok,0,165357.0,0.0,0.0,1.0,0.0,0.0,0.0,0.0,0.0,0.0,0.0
pair_496aea54,a,number_theory,ok,0,109.0,0.0,0.0,1.0,0.0,0.0,0.0,0.0,0.0,0.0,0.0
pair_496aea54,h,number_theory,ok,0,109.0,0.0,0.0,1.0,0.0,0.0,0.0,0.0,0.0,0.0,0.0
pair_496f71fb,a,olympiads_ref,ok,0,141.0,0.0,0.0,1.0,0.0,0.0,0.0,0.0,0.0,0.0,0.0
pair_496f71fb,h,olympiads_ref,ok,0,141.0,0.0,0.0,1.0,0.0,0.0,0.0,0.0,0.0,0.0,0.0
pair_496fbd44,a,secondary_math,ok,2,3365621.0,2.0,2.0,1.0,2.0,3.0,0.0,1.0,1.0,1.0,2824305.0
pair_496fbd44,h,secondary_math,ok,2,1223953.0,2.0,2.0,1.0,2.0,3.0,0.0,1.0,1.0,1.0,682637.0
pair_49737f41,a,math_test,ok,7,358125.0,9.0,7.0,1.0,7.0,10.0,2.0,2.0,3.0,5.0,89357.0
pair_49737f41,h,math_test,ok,3,125704.0,3.0,3.0,1.0,3.0,3.0,0.0,3.0,0.0,0.0,0.0
pair_49f9b472,a,math_train,ok,3,94299.0,3.0,3.0,1.0,3.0,3.0,0.0,3.0,0.0,0.0,0.0
pair_49f9b472,h,math_train,ok,2,146671.0,3.0,0.0,0.0,0.0,0.0,0.0,0.0,0.0,0.0,0.0
pair_4a23a011,a,number_theory,ok,0,60675.0,1.0,0.0,1.0,0.0,0.0,0.0,0.0,0.0,0.0,0.0
pair_4a23a011,h,number_theory,ok,0,89327.0,1.0,0.0,1.0,0.0,0.0,0.0,0.0,0.0,0.0,0.0
pair_4c39d86a,a,cn_contest,ok,29,1249119.0,29.0,29.0,1.0,17.0,42.0,6.0,10.0,13.0,19.0,1926725.0
pair_4c39d86a,h,cn_contest,ok,38,1550541.0,39.0,38.0,1.0,15.0,54.0,7.0,18.0,13.0,23.0,2962885.0
pair_4c7ab903,a,cn_k12,ok,7,176225.0,7.0,7.0,1.0,2.0,10.0,1.0,5.0,1.0,4.0,282164.0
pair_4c7ab903,h,cn_k12,ok,5,37051.0,5.0,5.0,1.0,1.0,5.0,0.0,5.0,0.0,0.0,0.0
pair_4cffc8e6,a,amc_aime,ok,59,6153079.0,64.0,59.0,1.0,2.0,97.0,9.0,17.0,33.0,47.0,3578976.0
pair_4cffc8e6,h,amc_aime,ok,4,256830.0,4.0,4.0,1.0,0.0,4.0,0.0,4.0,0.0,0.0,0.0
pair_4d25cb85,a,olympiads,ok,35,4424566.0,38.0,35.0,1.0,18.0,67.0,21.0,0.0,14.0,53.0,13386723.0
pair_4d25cb85,h,olympiads,ok,0,2204776.0,16.0,0.0,1.0,0.0,0.0,0.0,0.0,0.0,0.0,0.0
pair_4d494975,a,amc_aime,ok,3,134223.0,3.0,3.0,1.0,3.0,2.0,1.0,2.0,0.0,0.0,0.0
pair_4d494975,h,amc_aime,ok,1,5522.0,2.0,1.0,1.0,1.0,1.0,0.0,1.0,0.0,0.0,0.0
pair_4d68f3d1,a,math_train,ok,1,173535.0,1.0,1.0,1.0,1.0,1.0,0.0,1.0,0.0,0.0,0.0
pair_4d68f3d1,h,math_train,ok,0,421885.0,0.0,0.0,1.0,0.0,0.0,0.0,0.0,0.0,0.0,0.0
pair_4eec1381,a,amc_aime,failed,17,,,,,,,,,,,
pair_4eec1381,h,amc_aime,ok,2,293952.0,4.0,2.0,1.0,2.0,2.0,0.0,2.0,0.0,0.0,0.0
pair_4fd720f4,a,olympiads_ref,ok,16,1311581.0,16.0,16.0,1.0,5.0,26.0,2.0,8.0,6.0,12.0,104605.0
pair_4fd720f4,h,olympiads_ref,ok,0,131196.0,1.0,0.0,1.0,0.0,0.0,0.0,0.0,0.0,0.0,0.0
pair_512e1ab2,a,olympiads,ok,23,4343126.0,23.0,23.0,1.0,3.0,35.0,2.0,11.0,10.0,14.0,3861588.0
pair_512e1ab2,h,olympiads,ok,2,742798.0,10.0,2.0,1.0,2.0,6.0,0.0,0.0,2.0,4.0,229892.0
pair_517e0184,a,olympiads,ok,19,3898177.0,19.0,19.0,1.0,17.0,22.0,9.0,5.0,5.0,12.0,6225068.0
pair_517e0184,h,olympiads,ok,2,1818363.0,4.0,2.0,1.0,1.0,2.0,0.0,2.0,0.0,0.0,0.0
pair_535c413d,a,math_test,ok,3,1006330.0,3.0,3.0,1.0,3.0,8.0,1.0,0.0,2.0,6.0,78.0
pair_535c413d,h,math_test,ok,3,1157806.0,3.0,3.0,1.0,3.0,12.0,1.0,0.0,2.0,10.0,260.0
pair_54aff7bc,a,math_test,ok,2,145735.0,2.0,2.0,1.0,2.0,4.0,0.0,1.0,1.0,2.0,214074.0
pair_54aff7bc,h,math_test,ok,2,109725.0,2.0,2.0,1.0,2.0,4.0,0.0,1.0,1.0,2.0,137482.0
pair_564fee0e,a,cn_k12,ok,2,48311.0,2.0,2.0,1.0,0.0,6.0,0.0,1.0,1.0,4.0,4.0
pair_564fee0e,h,cn_k12,ok,2,93976.0,3.0,2.0,1.0,2.0,2.0,0.0,2.0,0.0,0.0,0.0
pair_567a7178,a,olympiads,ok,6,2558293.0,10.0,6.0,1.0,4.0,10.0,2.0,2.0,2.0,6.0,62980.0
pair_567a7178,h,olympiads,ok,13,1124029.0,14.0,13.0,1.0,2.0,14.0,0.0,12.0,1.0,1.0,340877.0
pair_5688be7b,a,olympiads_ref,ok,4,437241.0,6.0,4.0,1.0,4.0,5.0,2.0,1.0,1.0,3.0,9459.0
pair_5688be7b,h,olympiads_ref,ok,5,205722.0,7.0,5.0,1.0,5.0,1.0,4.0,1.0,0.0,0.0,0.0
pair_57c4dba0,a,aops_forum,ok,0,10937767.0,0.0,0.0,1.0,0.0,0.0,0.0,0.0,0.0,0.0,0.0
pair_57c4dba0,h,aops_forum,ok,0,10451381.0,0.0,0.0,1.0,0.0,0.0,0.0,0.0,0.0,0.0,0.0
pair_587b1256,a,olympiads,ok,3,310308.0,3.0,3.0,1.0,3.0,3.0,0.0,3.0,0.0,0.0,0.0
pair_587b1256,h,olympiads,ok,0,105415.0,0.0,0.0,1.0,0.0,0.0,0.0,0.0,0.0,0.0,0.0
pair_58e22ef3,a,math_train,ok,8,341996.0,10.0,8.0,1.0,8.0,20.0,2.0,0.0,6.0,14.0,302681.0
pair_58e22ef3,h,math_train,ok,3,142231.0,3.0,3.0,1.0,3.0,6.0,0.0,1.0,2.0,3.0,95105.0
pair_59111b24,a,math_test,ok,9,2843996.0,9.0,9.0,1.0,9.0,34.0,2.0,0.0,7.0,27.0,2983769.0
pair_59111b24,h,math_test,ok,6,922388.0,6.0,6.0,1.0,6.0,20.0,0.0,1.0,5.0,14.0,2114682.0
pair_5a6fca10,a,math_train,ok,2,535799.0,2.0,2.0,1.0,2.0,0.0,2.0,0.0,0.0,0.0,0.0
pair_5a6fca10,h,math_train,ok,0,177545.0,0.0,0.0,1.0,0.0,0.0,0.0,0.0,0.0,0.0,0.0
pair_5cf7a965,a,math_test,ok,0,186435.0,0.0,0.0,1.0,0.0,0.0,0.0,0.0,0.0,0.0,0.0
pair_5cf7a965,h,math_test,ok,0,149093.0,0.0,0.0,1.0,0.0,0.0,0.0,0.0,0.0,0.0,0.0
pair_5d026d45,a,amc_aime,ok,1,1313.0,1.0,1.0,1.0,1.0,1.0,0.0,1.0,0.0,0.0,0.0
pair_5d026d45,h,amc_aime,ok,0,8049.0,0.0,0.0,1.0,0.0,0.0,0.0,0.0,0.0,0.0,0.0
pair_5daf2594,a,olympiads_ref,ok,2,212895.0,2.0,2.0,1.0,2.0,8.0,0.0,0.0,2.0,6.0,6.0
pair_5daf2594,h,olympiads_ref,ok,2,140083.0,2.0,2.0,1.0,2.0,2.0,0.0,2.0,0.0,0.0,0.0
pair_5df84962,a,amc_aime,ok,5,69594.0,5.0,5.0,1.0,3.0,5.0,0.0,5.0,0.0,0.0,0.0
pair_5df84962,h,amc_aime,ok,0,28483.0,0.0,0.0,1.0,0.0,0.0,0.0,0.0,0.0,0.0,0.0
pair_5ee839bd,a,cn_contest,ok,5,418893.0,6.0,5.0,1.0,5.0,2.0,3.0,2.0,0.0,0.0,0.0
pair_5ee839bd,h,cn_contest,ok,2,270011.0,2.0,2.0,1.0,2.0,1.0,1.0,1.0,0.0,0.0,0.0
pair_5eec702b,a,math_test,ok,2,71881.0,2.0,2.0,1.0,2.0,1.0,1.0,1.0,0.0,0.0,0.0
pair_5eec702b,h,math_test,ok,2,151842.0,2.0,2.0,1.0,2.0,2.0,0.0,2.0,0.0,0.0,0.0
pair_5eff76b6,a,amc_aime,ok,4,90561.0,4.0,4.0,1.0,4.0,4.0,0.0,4.0,0.0,0.0,0.0
pair_5eff76b6,h,amc_aime,ok,0,90637.0,0.0,0.0,1.0,0.0,0.0,0.0,0.0,0.0,0.0,0.0
pair_5feca8f4,a,olympiads,ok,0,779651.0,0.0,0.0,1.0,0.0,0.0,0.0,0.0,0.0,0.0,0.0
pair_5feca8f4,h,olympiads,ok,0,1180637.0,0.0,0.0,1.0,0.0,0.0,0.0,0.0,0.0,0.0,0.0
pair_60565fc7,a,number_theory,ok,2,115.0,0.0,0.0,0.0,0.0,0.0,0.0,0.0,0.0,0.0,0.0
pair_60565fc7,h,number_theory,ok,2,115.0,0.0,0.0,0.0,0.0,0.0,0.0,0.0,0.0,0.0,0.0
pair_606263d6,a,math_train,ok,4,610341.0,16.0,4.0,1.0,4.0,2.0,2.0,2.0,0.0,0.0,0.0
pair_606263d6,h,math_train,ok,0,414971.0,8.0,0.0,1.0,0.0,0.0,0.0,0.0,0.0,0.0,0.0
pair_61c6d911,a,math_train,failed,5,,,,,,,,,,,
pair_61c6d911,h,math_train,ok,2,553472.0,6.0,2.0,1.0,2.0,2.0,0.0,2.0,0.0,0.0,0.0
pair_62b6e279,a,math_test,ok,1,191274.0,1.0,1.0,1.0,1.0,364.0,0.0,0.0,1.0,363.0,5851560.0
pair_62b6e279,h,math_test,ok,0,940.0,0.0,0.0,1.0,0.0,0.0,0.0,0.0,0.0,0.0,0.0
pair_6357c298,a,amc_aime,ok,0,94741.0,0.0,0.0,1.0,0.0,0.0,0.0,0.0,0.0,0.0,0.0
pair_6357c298,h,amc_aime,ok,0,122718.0,1.0,0.0,1.0,0.0,0.0,0.0,0.0,0.0,0.0,0.0
pair_6369b437,a,math_test,ok,2,38417.0,2.0,2.0,1.0,2.0,2.0,0.0,2.0,0.0,0.0,0.0
pair_6369b437,h,math_test,ok,4,27895.0,4.0,4.0,1.0,4.0,4.0,0.0,4.0,0.0,0.0,0.0
pair_659419e1,a,olympiads,ok,20,5667148.0,24.0,20.0,1.0,12.0,37.0,10.0,2.0,8.0,27.0,15225591.0
pair_659419e1,h,olympiads,ok,3,9985180.0,27.0,3.0,1.0,3.0,12.0,0.0,0.0,3.0,9.0,5088129.0
pair_665c7b43,a,secondary_math,ok,6,390154.0,6.0,6.0,1.0,6.0,8.0,1.0,4.0,1.0,3.0,85161.0
pair_665c7b43,h,secondary_math,ok,4,416957.0,5.0,4.0,1.0,4.0,5.0,0.0,3.0,1.0,1.0,27695.0
pair_66b87803,a,cn_k12,ok,5,12605616.0,15.0,5.0,1.0,1.0,22.0,1.0,0.0,4.0,18.0,8084742.0
pair_66b87803,h,cn_k12,ok,12,1835100.0,18.0,12.0,1.0,5.0,14.0,0.0,10.0,2.0,2.0,149612.0
pair_677749e1,a,math_train,ok,2,112554.0,2.0,2.0,1.0,2.0,6.0,0.0,1.0,1.0,4.0,156164.0
pair_677749e1,h,math_train,ok,2,113116.0,2.0,2.0,1.0,2.0,6.0,0.0,1.0,1.0,4.0,156164.0
pair_6801c12d,a,olympiads_ref,ok,19,834286.0,23.0,19.0,1.0,13.0,43.0,2.0,12.0,5.0,26.0,1702740.0
pair_6801c12d,h,olympiads_ref,ok,12,204845.0,18.0,12.0,1.0,12.0,36.0,2.0,3.0,7.0,26.0,881598.0
pair_68e74a3f,a,cn_k12,ok,4,143415.0,4.0,4.0,1.0,2.0,6.0,0.0,2.0,2.0,2.0,99608.0
pair_68e74a3f,h,cn_k12,ok,0,107704.0,1.0,0.0,1.0,0.0,0.0,0.0,0.0,0.0,0.0,0.0
pair_6920c5e4,a,secondary_math,ok,32,3705940.0,38.0,32.0,1.0,16.0,74.0,15.0,5.0,12.0,57.0,5143416.0
pair_6920c5e4,h,secondary_math,ok,8,1285982.0,8.0,8.0,1.0,8.0,21.0,3.0,1.0,4.0,16.0,604386.0
pair_69286778,a,olympiads,ok,8,177790.0,8.0,8.0,1.0,6.0,11.0,0.0,5.0,3.0,3.0,17.0
pair_69286778,h,olympiads,ok,8,40710.0,8.0,8.0,1.0,8.0,8.0,0.0,8.0,0.0,0.0,0.0
pair_6ba505c0,a,cn_k12,ok,33,1757780.0,37.0,33.0,1.0,15.0,53.0,9.0,13.0,11.0,29.0,183242.0
pair_6ba505c0,h,cn_k12,ok,11,1793561.0,26.0,11.0,1.0,8.0,15.0,0.0,9.0,2.0,4.0,87833.0
pair_6bcfd203,a,math_train,ok,1,6598.0,1.0,1.0,1.0,1.0,7.0,0.0,0.0,1.0,6.0,6.0
pair_6bcfd203,h,math_train,ok,1,16930.0,1.0,1.0,1.0,1.0,1.0,0.0,1.0,0.0,0.0,0.0
pair_6d3a0d6c,a,math_test,ok,2,1695.0,2.0,2.0,1.0,2.0,2.0,0.0,2.0,0.0,0.0,0.0
pair_6d3a0d6c,h,math_test,ok,5,936.0,5.0,5.0,1.0,0.0,5.0,0.0,5.0,0.0,0.0,0.0
pair_6d779213,a,olympiads,ok,36,786637.0,36.0,36.0,1.0,13.0,111.0,2.0,22.0,12.0,77.0,5659508.0
pair_6d779213,h,olympiads,ok,3,67030.0,8.0,3.0,1.0,3.0,7.0,0.0,1.0,2.0,4.0,10470.0
pair_6e98ad25,a,aops_forum,ok,0,4467.0,0.0,0.0,1.0,0.0,0.0,0.0,0.0,0.0,0.0,0.0
pair_6e98ad25,h,aops_forum,ok,0,22071.0,0.0,0.0,1.0,0.0,0.0,0.0,0.0,0.0,0.0,0.0
pair_7007ed35,a,math_train,ok,2,112911.0,2.0,2.0,1.0,2.0,2.0,0.0,2.0,0.0,0.0,0.0
pair_7007ed35,h,math_train,ok,0,111575.0,2.0,0.0,1.0,0.0,0.0,0.0,0.0,0.0,0.0,0.0
pair_7187bdc5,a,amc_aime,ok,10,247345.0,9.0,9.0,0.9,6.0,300.0,0.0,1.0,8.0,291.0,4816827.0
pair_7187bdc5,h,amc_aime,ok,6,376154.0,6.0,6.0,1.0,6.0,6.0,3.0,2.0,1.0,3.0,70521.0
pair_71cf0c00,a,olympiads,ok,0,19025729.0,0.0,0.0,1.0,0.0,0.0,0.0,0.0,0.0,0.0,0.0
pair_71cf0c00,h,olympiads,ok,0,356191.0,0.0,0.0,1.0,0.0,0.0,0.0,0.0,0.0,0.0,0.0
pair_73bd6122,a,cn_k12,ok,0,11765.0,0.0,0.0,1.0,0.0,0.0,0.0,0.0,0.0,0.0,0.0
pair_73bd6122,h,cn_k12,ok,0,331.0,0.0,0.0,1.0,0.0,0.0,0.0,0.0,0.0,0.0,0.0
pair_7415487b,a,cn_k12,ok,2,171052.0,2.0,2.0,1.0,2.0,5.0,1.0,0.0,1.0,4.0,262996.0
pair_7415487b,h,cn_k12,ok,0,6235.0,2.0,0.0,1.0,0.0,0.0,0.0,0.0,0.0,0.0,0.0
pair_7580a01f,a,olympiads,ok,11,3537446.0,20.0,11.0,1.0,0.0,10.0,7.0,3.0,1.0,6.0,2845770.0
pair_7580a01f,h,olympiads,ok,7,4809187.0,13.0,6.0,0.8571428571428571,4.0,16.0,0.0,3.0,3.0,10.0,2110210.0
pair_759606e4,a,math_train,ok,0,575757.0,0.0,0.0,1.0,0.0,0.0,0.0,0.0,0.0,0.0,0.0
pair_759606e4,h,math_train,ok,0,575757.0,0.0,0.0,1.0,0.0,0.0,0.0,0.0,0.0,0.0,0.0
pair_76494dbd,a,olympiads,failed,0,,,,,,,,,,,
pair_76494dbd,h,olympiads,failed,0,,,,,,,,,,,
pair_77658e38,a,cn_k12,ok,6,259830.0,6.0,6.0,1.0,6.0,14.0,0.0,4.0,2.0,8.0,324616.0
pair_77658e38,h,cn_k12,ok,0,399285.0,0.0,0.0,1.0,0.0,0.0,0.0,0.0,0.0,0.0,0.0
pair_78234522,a,olympiads_ref,ok,11,8651459.0,11.0,11.0,1.0,7.0,12.0,0.0,10.0,1.0,1.0,50713.0
pair_78234522,h,olympiads_ref,ok,0,774982.0,7.0,0.0,1.0,0.0,0.0,0.0,0.0,0.0,0.0,0.0
pair_788625c0,a,olympiads,ok,18,66227.0,18.0,18.0,1.0,14.0,94.0,1.0,3.0,14.0,77.0,180317.0
pair_788625c0,h,olympiads,ok,9,306632.0,18.0,9.0,1.0,9.0,12.0,0.0,7.0,2.0,3.0,557129.0
pair_7a30a024,a,olympiads,ok,3,118179.0,3.0,3.0,1.0,3.0,3.0,0.0,3.0,0.0,0.0,0.0
pair_7a30a024,h,olympiads,ok,1,87935.0,1.0,1.0,1.0,1.0,1.0,0.0,1.0,0.0,0.0,0.0
pair_7a9abe33,a,amc_aime,ok,2,98572.0,2.0,2.0,1.0,2.0,2.0,0.0,2.0,0.0,0.0,0.0
pair_7a9abe33,h,amc_aime,ok,0,43071.0,0.0,0.0,1.0,0.0,0.0,0.0,0.0,0.0,0.0,0.0
pair_7b0b98d6,a,cn_k12,ok,7,1223397.0,7.0,7.0,1.0,7.0,5.0,6.0,0.0,1.0,4.0,994428.0
pair_7b0b98d6,h,cn_k12,ok,2,572864.0,8.0,2.0,1.0,2.0,2.0,0.0,2.0,0.0,0.0,0.0
pair_7b176d5c,a,math_test,ok,23,1050340.0,25.0,23.0,1.0,9.0,45.0,6.0,6.0,11.0,28.0,384558.0
pair_7b176d5c,h,math_test,ok,8,141365.0,12.0,8.0,1.0,6.0,11.0,0.0,5.0,3.0,3.0,58827.0
pair_7cb6be3d,a,olympiads,ok,14,680916.0,14.0,14.0,1.0,14.0,37.0,3.0,2.0,9.0,26.0,3036861.0
pair_7cb6be3d,h,olympiads,ok,4,106713.0,6.0,4.0,1.0,4.0,6.0,0.0,2.0,2.0,2.0,34400.0
pair_7f6de6ca,a,number_theory,ok,2,13555.0,2.0,2.0,1.0,2.0,2.0,0.0,2.0,0.0,0.0,0.0
pair_7f6de6ca,h,number_theory,ok,2,91453.0,2.0,2.0,1.0,2.0,2.0,0.0,2.0,0.0,0.0,0.0
pair_7fda4fb2,a,olympiads,ok,4,25229.0,4.0,4.0,1.0,4.0,4.0,0.0,4.0,0.0,0.0,0.0
pair_7fda4fb2,h,olympiads,ok,2,227778.0,3.0,2.0,1.0,2.0,2.0,0.0,2.0,0.0,0.0,0.0
pair_807fa532,a,olympiads,ok,1,485669.0,1.0,1.0,1.0,1.0,1.0,0.0,1.0,0.0,0.0,0.0
pair_807fa532,h,olympiads,ok,3,1096156.0,4.0,3.0,1.0,3.0,3.0,0.0,3.0,0.0,0.0,0.0
pair_80de1ec1,a,cn_k12,ok,2,186069.0,2.0,2.0,1.0,2.0,1.0,1.0,1.0,0.0,0.0,0.0
pair_80de1ec1,h,cn_k12,ok,0,337367.0,0.0,0.0,1.0,0.0,0.0,0.0,0.0,0.0,0.0,0.0
pair_80fc276c,a,olympiads,ok,3,829289.0,3.0,3.0,1.0,3.0,1.0,2.0,1.0,0.0,0.0,0.0
pair_80fc276c,h,olympiads,ok,0,495884.0,5.0,0.0,1.0,0.0,0.0,0.0,0.0,0.0,0.0,0.0
pair_81db3cca,a,cn_k12,ok,6,441149.0,6.0,6.0,1.0,6.0,9.0,2.0,2.0,2.0,5.0,746878.0
pair_81db3cca,h,cn_k12,ok,0,39999.0,5.0,0.0,1.0,0.0,0.0,0.0,0.0,0.0,0.0,0.0
pair_81dfa8e6,a,aops_forum,ok,9,1040197.0,10.0,9.0,1.0,7.0,14.0,0.0,4.0,5.0,5.0,696560.0
pair_81dfa8e6,h,aops_forum,ok,4,597803.0,4.0,4.0,1.0,4.0,4.0,0.0,4.0,0.0,0.0,0.0
pair_82f26bd9,a,amc_aime,ok,0,37621.0,0.0,0.0,1.0,0.0,0.0,0.0,0.0,0.0,0.0,0.0
pair_82f26bd9,h,amc_aime,ok,0,42762.0,1.0,0.0,1.0,0.0,0.0,0.0,0.0,0.0,0.0,0.0
pair_842aefbb,a,number_theory,ok,0,3077.0,0.0,0.0,1.0,0.0,0.0,0.0,0.0,0.0,0.0,0.0
pair_842aefbb,h,number_theory,ok,0,161.0,0.0,0.0,1.0,0.0,0.0,0.0,0.0,0.0,0.0,0.0
pair_84334dbe,a,olympiads,ok,0,1999695.0,0.0,0.0,1.0,0.0,0.0,0.0,0.0,0.0,0.0,0.0
pair_84334dbe,h,olympiads,ok,0,1963508.0,1.0,0.0,1.0,0.0,0.0,0.0,0.0,0.0,0.0,0.0
pair_87179bc6,a,math_test,ok,1,103790.0,1.0,1.0,1.0,1.0,1.0,0.0,1.0,0.0,0.0,0.0
pair_87179bc6,h,math_test,ok,0,99573.0,0.0,0.0,1.0,0.0,0.0,0.0,0.0,0.0,0.0,0.0
pair_877062a7,a,math_train,ok,10,517381.0,10.0,10.0,1.0,10.0,12.0,3.0,4.0,3.0,5.0,16585.0
pair_877062a7,h,math_train,ok,1,192555.0,5.0,1.0,1.0,0.0,1.0,0.0,1.0,0.0,0.0,0.0
pair_8793031c,a,olympiads,ok,15,1067644.0,17.0,15.0,1.0,11.0,15.0,0.0,15.0,0.0,0.0,0.0
pair_8793031c,h,olympiads,ok,20,1563739.0,24.0,20.0,1.0,0.0,20.0,0.0,20.0,0.0,0.0,0.0
pair_87ba057a,a,olympiads_ref,ok,0,4161.0,0.0,0.0,1.0,0.0,0.0,0.0,0.0,0.0,0.0,0.0
pair_87ba057a,h,olympiads_ref,ok,2,4569.0,2.0,2.0,1.0,2.0,2.0,0.0,2.0,0.0,0.0,0.0
pair_87d2dbfe,a,math_test,ok,0,18609.0,0.0,0.0,1.0,0.0,0.0,0.0,0.0,0.0,0.0,0.0
pair_87d2dbfe,h,math_test,ok,0,21023.0,0.0,0.0,1.0,0.0,0.0,0.0,0.0,0.0,0.0,0.0
pair_88838551,a,amc_aime,ok,0,104899.0,0.0,0.0,1.0,0.0,0.0,0.0,0.0,0.0,0.0,0.0
pair_88838551,h,amc_aime,ok,1,108084.0,1.0,1.0,1.0,1.0,2.0,0.0,0.0,1.0,1.0,13491.0
pair_8956508b,a,math_test,ok,1,3770.0,1.0,1.0,1.0,1.0,1.0,0.0,1.0,0.0,0.0,0.0
pair_8956508b,h,math_test,ok,0,37199.0,0.0,0.0,1.0,0.0,0.0,0.0,0.0,0.0,0.0,0.0
pair_896a11b6,a,olympiads_ref,ok,0,4325.0,0.0,0.0,1.0,0.0,0.0,0.0,0.0,0.0,0.0,0.0
pair_896a11b6,h,olympiads_ref,ok,4,919403.0,6.0,4.0,1.0,0.0,4.0,0.0,4.0,0.0,0.0,0.0
pair_8a45bd25,a,cn_contest,ok,14,2521156.0,14.0,14.0,1.0,8.0,54.0,0.0,5.0,9.0,40.0,4411524.0
pair_8a45bd25,h,cn_contest,ok,42,1837622.0,42.0,42.0,1.0,16.0,104.0,3.0,16.0,23.0,65.0,3581203.0
pair_8a465ac4,a,olympiads,ok,5,14546.0,5.0,5.0,1.0,5.0,4.0,1.0,4.0,0.0,0.0,0.0
pair_8a465ac4,h,olympiads,ok,0,15077.0,0.0,0.0,1.0,0.0,0.0,0.0,0.0,0.0,0.0,0.0
pair_8d6d2aa2,a,olympiads_ref,ok,1,96418.0,1.0,1.0,1.0,1.0,1.0,0.0,1.0,0.0,0.0,0.0
pair_8d6d2aa2,h,olympiads_ref,ok,9,155925.0,11.0,9.0,1.0,9.0,165.0,1.0,2.0,6.0,157.0,13729.0
pair_8e82b67b,a,amc_aime,ok,3,164190.0,4.0,3.0,1.0,3.0,1.0,2.0,1.0,0.0,0.0,0.0
pair_8e82b67b,h,amc_aime,failed,0,,,,,,,,,,,
pair_915d7da0,a,math_train,ok,2,378531.0,2.0,2.0,1.0,2.0,3.0,0.0,1.0,1.0,1.0,218953.0
pair_915d7da0,h,math_train,ok,0,195701.0,0.0,0.0,1.0,0.0,0.0,0.0,0.0,0.0,0.0,0.0
pair_919a0d3c,a,number_theory,ok,0,303.0,0.0,0.0,1.0,0.0,0.0,0.0,0.0,0.0,0.0,0.0
pair_919a0d3c,h,number_theory,ok,0,335.0,0.0,0.0,1.0,0.0,0.0,0.0,0.0,0.0,0.0,0.0
pair_92daf189,a,inequalities,ok,4,1113570.0,8.0,4.0,1.0,2.0,4.0,0.0,4.0,0.0,0.0,0.0
pair_92daf189,h,inequalities,ok,8,849978.0,16.0,8.0,1.0,4.0,11.0,1.0,6.0,1.0,4.0,419852.0
pair_95cc16d3,a,math_train,ok,0,319705.0,0.0,0.0,1.0,0.0,0.0,0.0,0.0,0.0,0.0,0.0
pair_95cc16d3,h,math_train,ok,0,211157.0,0.0,0.0,1.0,0.0,0.0,0.0,0.0,0.0,0.0,0.0
pair_95ff000b,a,olympiads,ok,5,2300179.0,5.0,5.0,1.0,1.0,10.0,0.0,2.0,3.0,5.0,4843.0
pair_95ff000b,h,olympiads,ok,7,3268355.0,7.0,7.0,1.0,1.0,11.0,1.0,1.0,5.0,5.0,1002527.0
pair_965e479d,a,olympiads_ref,ok,10,4942028.0,12.0,10.0,1.0,10.0,15.0,4.0,3.0,3.0,9.0,7971575.0
pair_965e479d,h,olympiads_ref,ok,10,2171835.0,14.0,10.0,1.0,4.0,14.0,0.0,7.0,3.0,4.0,1637550.0
pair_98273f65,a,olympiads,ok,14,4325394.0,17.0,14.0,1.0,14.0,18.0,5.0,4.0,5.0,9.0,331755.0
pair_98273f65,h,olympiads,failed,1,,,,,,,,,,,
pair_99ea5bb6,a,math_train,ok,10,530596.0,10.0,10.0,1.0,8.0,33.0,0.0,3.0,7.0,23.0,2306358.0
pair_99ea5bb6,h,math_train,ok,2,246341.0,9.0,2.0,1.0,2.0,4.0,0.0,0.0,2.0,2.0,83836.0
pair_99eea8ae,a,math_test,ok,1,69731.0,1.0,1.0,1.0,1.0,2.0,0.0,0.0,1.0,1.0,13.0
pair_99eea8ae,h,math_test,ok,1,730.0,1.0,1.0,1.0,1.0,1.0,0.0,1.0,0.0,0.0,0.0
pair_9a76e23c,a,cn_contest,ok,31,4096623.0,33.0,31.0,1.0,11.0,32.0,9.0,16.0,6.0,10.0,1582646.0
pair_9a76e23c,h,cn_contest,ok,21,3175683.0,24.0,21.0,1.0,12.0,18.0,8.0,9.0,4.0,5.0,676422.0
pair_9a84ead7,a,math_test,ok,0,16721.0,0.0,0.0,1.0,0.0,0.0,0.0,0.0,0.0,0.0,0.0
pair_9a84ead7,h,math_test,ok,1,42185.0,1.0,1.0,1.0,1.0,1.0,0.0,1.0,0.0,0.0,0.0
pair_9af28884,a,math_train,ok,0,34724.0,0.0,0.0,1.0,0.0,0.0,0.0,0.0,0.0,0.0,0.0
pair_9af28884,h,math_train,ok,1,264518.0,1.0,1.0,1.0,1.0,1.0,0.0,1.0,0.0,0.0,0.0
pair_9b461a0f,a,math_test,ok,4,1072045.0,4.0,4.0,1.0,4.0,10.0,1.0,2.0,1.0,7.0,8113.0
pair_9b461a0f,h,math_test,ok,2,562216.0,2.0,2.0,1.0,2.0,9.0,0.0,0.0,2.0,7.0,197839.0
pair_9d3572bb,a,amc_aime,ok,2,13929.0,2.0,2.0,1.0,2.0,2.0,0.0,2.0,0.0,0.0,0.0
pair_9d3572bb,h,amc_aime,ok,0,18297.0,0.0,0.0,1.0,0.0,0.0,0.0,0.0,0.0,0.0,0.0
pair_9d50620a,a,math_test,ok,10,2718365.0,10.0,10.0,1.0,10.0,28.0,2.0,0.0,8.0,20.0,6002409.0
pair_9d50620a,h,math_test,ok,7,858330.0,7.0,7.0,1.0,3.0,10.0,0.0,4.0,3.0,3.0,753363.0
pair_9effdc53,a,cn_k12,ok,2,161967.0,2.0,2.0,1.0,2.0,1.0,1.0,1.0,0.0,0.0,0.0
pair_9effdc53,h,cn_k12,ok,0,128048.0,1.0,0.0,1.0,0.0,0.0,0.0,0.0,0.0,0.0,0.0
pair_9f0d7c77,a,amc_aime,ok,4,565256.0,7.0,4.0,1.0,4.0,6.0,1.0,2.0,1.0,3.0,650649.0
pair_9f0d7c77,h,amc_aime,ok,1,355170.0,1.0,1.0,1.0,1.0,1.0,0.0,1.0,0.0,0.0,0.0
pair_a0095248,a,math_test,ok,14,2256262.0,15.0,14.0,1.0,14.0,14.0,7.0,4.0,3.0,7.0,1269697.0
pair_a0095248,h,math_test,ok,3,808086.0,3.0,3.0,1.0,3.0,5.0,0.0,1.0,2.0,2.0,54944.0
pair_a00e8681,a,olympiads,ok,6,352193.0,6.0,6.0,1.0,6.0,7.0,1.0,3.0,2.0,2.0,25752.0
pair_a00e8681,h,olympiads,ok,4,160682.0,12.0,4.0,1.0,4.0,7.0,0.0,2.0,2.0,3.0,175.0
pair_a10926bc,a,math_test,ok,1,251134.0,1.0,1.0,1.0,1.0,0.0,1.0,0.0,0.0,0.0,0.0
pair_a10926bc,h,math_test,ok,0,158075.0,0.0,0.0,1.0,0.0,0.0,0.0,0.0,0.0,0.0,0.0
pair_a302a9d8,a,math_train,ok,1,16309.0,1.0,1.0,1.0,1.0,4.0,0.0,0.0,1.0,3.0,213.0
pair_a302a9d8,h,math_train,ok,0,32799.0,0.0,0.0,1.0,0.0,0.0,0.0,0.0,0.0,0.0,0.0
pair_a3b6f8e9,a,aops_forum,ok,3,597326.0,3.0,3.0,1.0,3.0,4.0,0.0,2.0,1.0,1.0,133983.0
pair_a3b6f8e9,h,aops_forum,ok,5,456078.0,5.0,5.0,1.0,5.0,7.0,1.0,2.0,2.0,3.0,330803.0
pair_a41e71a8,a,cn_k12,ok,21,627523.0,22.0,21.0,1.0,5.0,23.0,9.0,5.0,7.0,11.0,316557.0
pair_a41e71a8,h,cn_k12,ok,0,246295.0,0.0,0.0,1.0,0.0,0.0,0.0,0.0,0.0,0.0,0.0
pair_a57e4b7b,a,olympiads,ok,12,969046.0,13.0,12.0,1.0,12.0,9.0,7.0,4.0,1.0,4.0,646616.0
pair_a57e4b7b,h,olympiads,ok,1,258527.0,1.0,1.0,1.0,1.0,2.0,0.0,0.0,1.0,1.0,78929.0
pair_aa25e669,a,olympiads,ok,9,398527.0,11.0,9.0,1.0,4.0,9.0,1.0,7.0,1.0,1.0,32723.0
pair_aa25e669,h,olympiads,ok,0,42355.0,2.0,0.0,1.0,0.0,0.0,0.0,0.0,0.0,0.0,0.0
pair_ab0f093e,a,amc_aime,ok,2,3955.0,2.0,2.0,1.0,2.0,2.0,0.0,2.0,0.0,0.0,0.0
pair_ab0f093e,h,amc_aime,ok,1,14172.0,6.0,1.0,1.0,1.0,1.0,0.0,1.0,0.0,0.0,0.0
pair_acbd062f,a,math_train,ok,5,280581.0,8.0,5.0,1.0,5.0,10.0,2.0,2.0,1.0,7.0,303800.0
pair_acbd062f,h,math_train,ok,1,414492.0,1.0,1.0,1.0,1.0,4.0,0.0,0.0,1.0,3.0,315207.0
pair_ad39313c,a,aops_forum,ok,0,134253.0,0.0,0.0,1.0,0.0,0.0,0.0,0.0,0.0,0.0,0.0
pair_ad39313c,h,aops_forum,ok,0,4081.0,0.0,0.0,1.0,0.0,0.0,0.0,0.0,0.0,0.0,0.0
pair_ae900f0c,a,olympiads_ref,ok,1,50643.0,1.0,1.0,1.0,1.0,1.0,0.0,1.0,0.0,0.0,0.0
pair_ae900f0c,h,olympiads_ref,ok,0,692474.0,1.0,0.0,1.0,0.0,0.0,0.0,0.0,0.0,0.0,0.0
pair_ae9ff2a1,a,olympiads_ref,ok,0,2816317.0,0.0,0.0,1.0,0.0,0.0,0.0,0.0,0.0,0.0,0.0
pair_ae9ff2a1,h,olympiads_ref,ok,7,6947448.0,10.0,7.0,1.0,3.0,3.0,4.0,3.0,0.0,0.0,0.0
pair_af58b0a0,a,cn_k12,ok,7,276215.0,7.0,7.0,1.0,7.0,6.0,4.0,2.0,1.0,3.0,3.0
pair_af58b0a0,h,cn_k12,ok,2,211495.0,2.0,2.0,1.0,2.0,0.0,2.0,0.0,0.0,0.0,0.0
pair_b0ad8896,a,math_train,ok,15,927251.0,16.0,15.0,1.0,7.0,27.0,0.0,7.0,8.0,12.0,1416491.0
pair_b0ad8896,h,math_train,ok,9,1253361.0,11.0,9.0,1.0,7.0,21.0,0.0,1.0,8.0,12.0,1147472.0
pair_b1a1594e,a,cn_contest,failed,6,,,,,,,,,,,
pair_b1a1594e,h,cn_contest,failed,1,,,,,,,,,,,
pair_b21abbab,a,olympiads,ok,10,1279832.0,10.0,10.0,1.0,10.0,26.0,3.0,0.0,7.0,19.0,1455969.0
pair_b21abbab,h,olympiads,ok,1,357901.0,2.0,1.0,1.0,1.0,2.0,0.0,0.0,1.0,1.0,42284.0
pair_b39511ce,a,olympiads,ok,0,497491.0,0.0,0.0,1.0,0.0,0.0,0.0,0.0,0.0,0.0,0.0
pair_b39511ce,h,olympiads,ok,9,1096792.0,9.0,9.0,1.0,3.0,10.0,2.0,4.0,3.0,3.0,207.0
pair_b40cb2db,a,math_test,ok,2,164575.0,2.0,2.0,1.0,2.0,4.0,0.0,1.0,1.0,2.0,117322.0
pair_b40cb2db,h,math_test,ok,3,36742.0,3.0,3.0,1.0,3.0,4.0,0.0,2.0,1.0,1.0,10425.0
pair_b4b63346,a,olympiads,ok,10,36656.0,18.0,10.0,1.0,9.0,16.0,1.0,7.0,2.0,7.0,17527.0
pair_b4b63346,h,olympiads,ok,7,8835.0,16.0,7.0,1.0,6.0,15.0,0.0,5.0,2.0,8.0,20310.0
pair_b4b897fd,a,amc_aime,ok,3,39995.0,3.0,3.0,1.0,3.0,3.0,0.0,3.0,0.0,0.0,0.0
pair_b4b897fd,h,amc_aime,ok,0,41981.0,0.0,0.0,1.0,0.0,0.0,0.0,0.0,0.0,0.0,0.0
pair_b4d61cac,a,olympiads,ok,15,990112.0,17.0,15.0,1.0,5.0,27.0,1.0,4.0,10.0,13.0,798508.0
pair_b4d61cac,h,olympiads,ok,6,772154.0,7.0,6.0,1.0,6.0,10.0,0.0,2.0,4.0,4.0,197239.0
pair_b5dab1a1,a,amc_aime,ok,2,12637.0,2.0,2.0,1.0,2.0,2.0,0.0,2.0,0.0,0.0,0.0
pair_b5dab1a1,h,amc_aime,ok,2,27789.0,2.0,2.0,1.0,2.0,2.0,0.0,2.0,0.0,0.0,0.0
pair_b7bb3d8e,a,math_test,ok,0,5119.0,0.0,0.0,1.0,0.0,0.0,0.0,0.0,0.0,0.0,0.0
pair_b7bb3d8e,h,math_test,ok,0,3179.0,0.0,0.0,1.0,0.0,0.0,0.0,0.0,0.0,0.0,0.0
pair_b94f69f4,a,math_train,ok,4,1119401.0,4.0,4.0,1.0,4.0,7.0,1.0,2.0,1.0,4.0,319236.0
pair_b94f69f4,h,math_train,ok,1,686316.0,1.0,1.0,1.0,1.0,2.0,0.0,0.0,1.0,1.0,24459.0
pair_b9bbcc78,a,number_theory,ok,14,849179.0,15.0,14.0,1.0,6.0,19.0,8.0,0.0,6.0,13.0,601699.0
pair_b9bbcc78,h,number_theory,ok,0,664082.0,8.0,0.0,1.0,0.0,0.0,0.0,0.0,0.0,0.0,0.0
pair_ba39d0a3,a,math_train,ok,5,265429.0,5.0,5.0,1.0,5.0,61.0,1.0,0.0,4.0,57.0,3645507.0
pair_ba39d0a3,h,math_train,ok,0,449385.0,32.0,0.0,1.0,0.0,0.0,0.0,0.0,0.0,0.0,0.0
pair_babc83eb,a,olympiads,ok,9,1572821.0,12.0,9.0,1.0,7.0,20.0,3.0,2.0,4.0,14.0,3073656.0
pair_babc83eb,h,olympiads,ok,5,946702.0,5.0,5.0,1.0,5.0,9.0,0.0,3.0,2.0,4.0,960975.0
pair_bb5a8572,a,olympiads,failed,7,,,,,,,,,,,
pair_bb5a8572,h,olympiads,failed,3,,,,,,,,,,,
pair_bc3e9c75,a,cn_k12,ok,18,167341.0,18.0,18.0,1.0,4.0,10.0,8.0,10.0,0.0,0.0,0.0
pair_bc3e9c75,h,cn_k12,ok,1,89850.0,5.0,1.0,1.0,1.0,1.0,0.0,1.0,0.0,0.0,0.0
pair_bd329034,a,olympiads,ok,30,7073288.0,42.0,30.0,1.0,4.0,2583.0,12.0,9.0,9.0,2565.0,2491043493.0
pair_bd329034,h,olympiads,ok,30,7073288.0,42.0,30.0,1.0,4.0,2583.0,12.0,9.0,9.0,2565.0,2491043493.0
pair_bde52c9a,a,math_train,ok,5,1158848.0,5.0,5.0,1.0,5.0,4.0,1.0,4.0,0.0,0.0,0.0
pair_bde52c9a,h,math_train,ok,1,6663169.0,1.0,1.0,1.0,1.0,1.0,0.0,1.0,0.0,0.0,0.0
pair_bf349feb,a,math_train,ok,5,470796.0,5.0,5.0,1.0,5.0,13.0,3.0,0.0,2.0,11.0,392835.0
pair_bf349feb,h,math_train,ok,0,95631.0,0.0,0.0,1.0,0.0,0.0,0.0,0.0,0.0,0.0,0.0
pair_bf40e969,a,amc_aime,ok,10,550729.0,10.0,10.0,1.0,8.0,18.0,0.0,4.0,6.0,8.0,436072.0
pair_bf40e969,h,amc_aime,ok,0,95791.0,1.0,0.0,1.0,0.0,0.0,0.0,0.0,0.0,0.0,0.0
pair_bf419b23,a,math_train,ok,0,407.0,0.0,0.0,1.0,0.0,0.0,0.0,0.0,0.0,0.0,0.0
pair_bf419b23,h,math_train,ok,1,534.0,1.0,1.0,1.0,1.0,1.0,0.0,1.0,0.0,0.0,0.0
pair_bf476baa,a,inequalities,ok,3,5654852.0,3.0,3.0,1.0,3.0,4.0,1.0,1.0,1.0,2.0,46502.0
pair_bf476baa,h,inequalities,ok,0,5649211.0,6.0,0.0,1.0,0.0,0.0,0.0,0.0,0.0,0.0,0.0
pair_bfdd51b8,a,olympiads_ref,ok,10,952177.0,17.0,10.0,1.0,2.0,9.0,3.0,6.0,1.0,2.0,516722.0
pair_bfdd51b8,h,olympiads_ref,ok,0,141961.0,2.0,0.0,1.0,0.0,0.0,0.0,0.0,0.0,0.0,0.0
pair_c021c917,a,number_theory,ok,0,275.0,0.0,0.0,1.0,0.0,0.0,0.0,0.0,0.0,0.0,0.0
pair_c021c917,h,number_theory,ok,0,347.0,0.0,0.0,1.0,0.0,0.0,0.0,0.0,0.0,0.0,0.0
pair_c0d3928e,a,cn_k12,ok,21,423185.0,21.0,21.0,1.0,19.0,21.0,0.0,21.0,0.0,0.0,0.0
pair_c0d3928e,h,cn_k12,ok,2,24042.0,3.0,2.0,1.0,2.0,2.0,0.0,2.0,0.0,0.0,0.0
pair_c287c8cc,a,olympiads,ok,7,4316480.0,7.0,7.0,1.0,7.0,7.0,1.0,5.0,1.0,1.0,403.0
pair_c287c8cc,h,olympiads,ok,5,3284997.0,6.0,5.0,1.0,5.0,5.0,0.0,5.0,0.0,0.0,0.0
pair_c3b332ce,a,aops_forum,ok,0,6483.0,0.0,0.0,1.0,0.0,0.0,0.0,0.0,0.0,0.0,0.0
pair_c3b332ce,h,aops_forum,ok,0,8083.0,0.0,0.0,1.0,0.0,0.0,0.0,0.0,0.0,0.0,0.0
pair_c4fe0db7,a,olympiads,ok,12,31972160.0,12.0,12.0,1.0,6.0,44.0,3.0,4.0,5.0,35.0,33820745.0
pair_c4fe0db7,h,olympiads,ok,4,2041864.0,7.0,4.0,1.0,4.0,6.0,1.0,0.0,3.0,3.0,1237091.0
pair_c5fb8da2,a,math_train,ok,3,6482.0,3.0,3.0,1.0,3.0,3.0,0.0,3.0,0.0,0.0,0.0
pair_c5fb8da2,h,math_train,ok,0,2297.0,0.0,0.0,1.0,0.0,0.0,0.0,0.0,0.0,0.0,0.0
pair_c7a11f6b,a,math_train,ok,0,44119.0,0.0,0.0,1.0,0.0,0.0,0.0,0.0,0.0,0.0,0.0
pair_c7a11f6b,h,math_train,ok,0,4330115.0,0.0,0.0,1.0,0.0,0.0,0.0,0.0,0.0,0.0,0.0
pair_c84a0169,a,olympiads,ok,5,2150.0,5.0,5.0,1.0,5.0,5.0,0.0,5.0,0.0,0.0,0.0
pair_c84a0169,h,olympiads,ok,4,996.0,5.0,3.0,0.75,3.0,3.0,0.0,3.0,0.0,0.0,0.0
pair_c8cf6c63,a,olympiads_ref,ok,0,1679.0,0.0,0.0,1.0,0.0,0.0,0.0,0.0,0.0,0.0,0.0
pair_c8cf6c63,h,olympiads_ref,ok,3,111753.0,7.0,3.0,1.0,1.0,3.0,0.0,3.0,0.0,0.0,0.0
pair_c9acf82e,a,inequalities,ok,19,3250407.0,19.0,19.0,1.0,19.0,2.0,17.0,2.0,0.0,0.0,0.0
pair_c9acf82e,h,inequalities,failed,0,,,,,,,,,,,
pair_cb3b726a,a,math_test,ok,1,159590.0,1.0,1.0,1.0,1.0,1.0,0.0,1.0,0.0,0.0,0.0
pair_cb3b726a,h,math_test,ok,0,158694.0,1.0,0.0,1.0,0.0,0.0,0.0,0.0,0.0,0.0,0.0
pair_cc4ae138,a,olympiads,ok,8,3905521.0,8.0,8.0,1.0,8.0,901.0,0.0,0.0,8.0,893.0,14185.0
pair_cc4ae138,h,olympiads,ok,14,12120434.0,16.0,14.0,1.0,8.0,2992.0,0.0,4.0,10.0,2978.0,565793.0
pair_cc98e98a,a,math_train,ok,8,838929.0,8.0,8.0,1.0,8.0,31.0,0.0,5.0,3.0,23.0,1197919.0
pair_cc98e98a,h,math_train,ok,12,75290.0,16.0,12.0,1.0,8.0,18.0,0.0,8.0,4.0,6.0,121216.0
pair_ce95c511,a,aops_forum,ok,3,2632186.0,3.0,3.0,1.0,3.0,3.0,1.0,1.0,1.0,1.0,2590945.0
pair_ce95c511,h,aops_forum,ok,0,5830133.0,0.0,0.0,1.0,0.0,0.0,0.0,0.0,0.0,0.0,0.0
pair_cffa85ea,a,olympiads,ok,9,1979998.0,9.0,9.0,1.0,3.0,10.0,6.0,0.0,3.0,7.0,2577121.0
pair_cffa85ea,h,olympiads,ok,2,1370565.0,2.0,2.0,1.0,2.0,8.0,0.0,0.0,2.0,6.0,965554.0
pair_d020f221,a,olympiads,failed,0,,,,,,,,,,,
pair_d020f221,h,olympiads,failed,0,,,,,,,,,,,
pair_d0c1af2e,a,amc_aime,ok,5,187722.0,5.0,5.0,1.0,5.0,2.0,4.0,0.0,1.0,1.0,177.0
pair_d0c1af2e,h,amc_aime,ok,0,85238.0,0.0,0.0,1.0,0.0,0.0,0.0,0.0,0.0,0.0,0.0
pair_d2343074,a,aops_forum,ok,0,1853949.0,0.0,0.0,1.0,0.0,0.0,0.0,0.0,0.0,0.0,0.0
pair_d2343074,h,aops_forum,ok,0,13618665.0,0.0,0.0,1.0,0.0,0.0,0.0,0.0,0.0,0.0,0.0
pair_d339e847,a,olympiads,ok,10,283162.0,10.0,10.0,1.0,10.0,14.0,0.0,8.0,2.0,4.0,1426.0
pair_d339e847,h,olympiads,ok,3,30935.0,3.0,3.0,1.0,3.0,6.0,0.0,1.0,2.0,3.0,379.0
pair_d43fae54,a,olympiads,ok,3,334328.0,3.0,3.0,1.0,3.0,1.0,2.0,1.0,0.0,0.0,0.0
pair_d43fae54,h,olympiads,ok,2,240693.0,2.0,2.0,1.0,2.0,1.0,1.0,1.0,0.0,0.0,0.0
pair_d71a4f84,a,math_train,ok,8,426390.0,9.0,8.0,1.0,8.0,8.0,4.0,3.0,1.0,4.0,578980.0
pair_d71a4f84,h,math_train,ok,2,279708.0,3.0,2.0,1.0,2.0,2.0,0.0,2.0,0.0,0.0,0.0
pair_d72cfd93,a,olympiads,ok,23,1082525.0,23.0,23.0,1.0,7.0,13.0,13.0,7.0,3.0,3.0,619953.0
pair_d72cfd93,h,olympiads,ok,0,1087871.0,1.0,0.0,1.0,0.0,0.0,0.0,0.0,0.0,0.0,0.0
pair_d746cf8d,a,aops_forum,ok,12,1779818.0,14.0,12.0,1.0,9.0,23.0,3.0,3.0,6.0,14.0,989035.0
pair_d746cf8d,h,aops_forum,ok,10,6481111.0,47.0,10.0,1.0,5.0,13.0,0.0,7.0,3.0,3.0,166548.0
pair_d869cc1a,a,math_test,ok,0,136441.0,0.0,0.0,1.0,0.0,0.0,0.0,0.0,0.0,0.0,0.0
pair_d869cc1a,h,math_test,ok,0,98223.0,0.0,0.0,1.0,0.0,0.0,0.0,0.0,0.0,0.0,0.0
pair_d92632b4,a,aops_forum,ok,0,495275.0,0.0,0.0,1.0,0.0,0.0,0.0,0.0,0.0,0.0,0.0
pair_d92632b4,h,aops_forum,ok,0,366677.0,0.0,0.0,1.0,0.0,0.0,0.0,0.0,0.0,0.0,0.0
pair_d96197fd,a,inequalities,ok,0,6328275.0,0.0,0.0,1.0,0.0,0.0,0.0,0.0,0.0,0.0,0.0
pair_d96197fd,h,inequalities,ok,0,2762515.0,0.0,0.0,1.0,0.0,0.0,0.0,0.0,0.0,0.0,0.0
pair_d9e524cd,a,olympiads,ok,0,677.0,0.0,0.0,1.0,0.0,0.0,0.0,0.0,0.0,0.0,0.0
pair_d9e524cd,h,olympiads,ok,0,677.0,0.0,0.0,1.0,0.0,0.0,0.0,0.0,0.0,0.0,0.0
pair_db1d04db,a,aops_forum,ok,10,325830.0,10.0,10.0,1.0,6.0,16.0,1.0,4.0,5.0,7.0,128067.0
pair_db1d04db,h,aops_forum,ok,4,283643.0,4.0,4.0,1.0,4.0,8.0,0.0,0.0,4.0,4.0,100.0
pair_db881e0a,a,number_theory,ok,0,4215.0,0.0,0.0,1.0,0.0,0.0,0.0,0.0,0.0,0.0,0.0
pair_db881e0a,h,number_theory,ok,0,839.0,0.0,0.0,1.0,0.0,0.0,0.0,0.0,0.0,0.0,0.0
pair_dd457978,a,secondary_math,ok,0,118127.0,0.0,0.0,1.0,0.0,0.0,0.0,0.0,0.0,0.0,0.0
pair_dd457978,h,secondary_math,ok,1,253046.0,1.0,1.0,1.0,1.0,1.0,0.0,1.0,0.0,0.0,0.0
pair_de1e8e19,a,olympiads,ok,11,982596.0,11.0,11.0,1.0,11.0,38.0,0.0,5.0,6.0,27.0,1012373.0
pair_de1e8e19,h,olympiads,ok,0,720238.0,3.0,0.0,1.0,0.0,0.0,0.0,0.0,0.0,0.0,0.0
pair_de483a80,a,cn_k12,ok,4,227293.0,4.0,4.0,1.0,4.0,10.0,2.0,0.0,2.0,8.0,346256.0
pair_de483a80,h,cn_k12,ok,5,635766.0,7.0,5.0,1.0,1.0,5.0,0.0,5.0,0.0,0.0,0.0
pair_de5a08c0,a,olympiads,ok,0,547.0,0.0,0.0,1.0,0.0,0.0,0.0,0.0,0.0,0.0,0.0
pair_de5a08c0,h,olympiads,ok,0,35689.0,0.0,0.0,1.0,0.0,0.0,0.0,0.0,0.0,0.0,0.0
pair_debcd118,a,math_test,ok,0,129699.0,0.0,0.0,1.0,0.0,0.0,0.0,0.0,0.0,0.0,0.0
pair_debcd118,h,math_test,ok,2,14817.0,15.0,0.0,0.0,0.0,0.0,0.0,0.0,0.0,0.0,0.0
pair_df433d2d,a,amc_aime,ok,2,127042.0,2.0,2.0,1.0,2.0,46.0,1.0,0.0,1.0,45.0,4206240.0
pair_df433d2d,h,amc_aime,ok,3,203442.0,3.0,3.0,1.0,3.0,26.0,0.0,0.0,3.0,23.0,1585453.0
pair_e21630bd,a,olympiads,ok,13,13160318.0,30.0,13.0,1.0,9.0,22.0,1.0,8.0,4.0,10.0,2056895.0
pair_e21630bd,h,olympiads,failed,5,,,,,,,,,,,
pair_e23940b8,a,amc_aime,ok,5,2454.0,5.0,5.0,1.0,5.0,1.0,4.0,1.0,0.0,0.0,0.0
pair_e23940b8,h,amc_aime,ok,0,188364.0,3.0,0.0,1.0,0.0,0.0,0.0,0.0,0.0,0.0,0.0
pair_e24e2569,a,olympiads,ok,13,8950584.0,13.0,13.0,1.0,7.0,50.0,4.0,4.0,5.0,41.0,8345798.0
pair_e24e2569,h,olympiads,ok,7,81016654.0,40.0,7.0,1.0,0.0,21.0,4.0,0.0,3.0,18.0,322246.0
pair_e289753a,a,cn_contest,ok,0,6749.0,0.0,0.0,1.0,0.0,0.0,0.0,0.0,0.0,0.0,0.0
pair_e289753a,h,cn_contest,ok,2,14509.0,2.0,2.0,1.0,2.0,2.0,0.0,2.0,0.0,0.0,0.0
pair_e38bc8a1,a,olympiads,ok,23,786963.0,27.0,23.0,1.0,19.0,76.0,2.0,4.0,17.0,55.0,2279497.0
pair_e38bc8a1,h,olympiads,ok,27,362176.0,27.0,27.0,1.0,14.0,42.0,6.0,7.0,14.0,21.0,531124.0
pair_e39b5195,a,olympiads,ok,8,8133.0,8.0,8.0,1.0,8.0,5.0,3.0,5.0,0.0,0.0,0.0
pair_e39b5195,h,olympiads,ok,0,2794681.0,10.0,0.0,1.0,0.0,0.0,0.0,0.0,0.0,0.0,0.0
pair_e45dd21b,a,amc_aime,ok,0,9997741.0,12.0,0.0,1.0,0.0,0.0,0.0,0.0,0.0,0.0,0.0
pair_e45dd21b,h,amc_aime,ok,8,1819438.0,15.0,8.0,1.0,8.0,23.0,0.0,2.0,6.0,15.0,60277.0
pair_e4b3d3b7,a,math_test,ok,3,256902.0,3.0,3.0,1.0,3.0,2.0,1.0,2.0,0.0,0.0,0.0
pair_e4b3d3b7,h,math_test,ok,1,697694.0,1.0,1.0,1.0,1.0,16.0,0.0,0.0,1.0,15.0,693705.0
pair_e5328112,a,math_train,ok,1,165824.0,1.0,1.0,1.0,1.0,1.0,0.0,1.0,0.0,0.0,0.0
pair_e5328112,h,math_train,ok,0,135365.0,0.0,0.0,1.0,0.0,0.0,0.0,0.0,0.0,0.0,0.0
pair_e5e14291,a,olympiads_ref,ok,0,2635.0,0.0,0.0,1.0,0.0,0.0,0.0,0.0,0.0,0.0,0.0
pair_e5e14291,h,olympiads_ref,ok,0,3037.0,0.0,0.0,1.0,0.0,0.0,0.0,0.0,0.0,0.0,0.0
pair_e653c233,a,olympiads,failed,13,,,,,,,,,,,
pair_e653c233,h,olympiads,failed,4,,,,,,,,,,,
pair_e662ae99,a,number_theory,failed,1,,,,,,,,,,,
pair_e662ae99,h,number_theory,failed,0,,,,,,,,,,,
pair_e6f73d93,a,math_test,ok,17,1769684.0,26.0,17.0,1.0,7.0,19.0,5.0,7.0,5.0,7.0,585325.0
pair_e6f73d93,h,math_test,ok,7,994930.0,17.0,7.0,1.0,5.0,9.0,0.0,5.0,2.0,2.0,52924.0
pair_e7575bee,a,olympiads,ok,18,1097.0,18.0,18.0,1.0,1.0,18.0,0.0,18.0,0.0,0.0,0.0
pair_e7575bee,h,olympiads,ok,4,1018.0,4.0,4.0,1.0,2.0,4.0,0.0,4.0,0.0,0.0,0.0
pair_e83bd10d,a,math_test,ok,10,4710646.0,12.0,10.0,1.0,10.0,22.0,0.0,4.0,6.0,12.0,192846.0
pair_e83bd10d,h,math_test,ok,11,2483230.0,11.0,11.0,1.0,11.0,24.0,0.0,3.0,8.0,13.0,234711.0
pair_e8903db6,a,olympiads_ref,ok,13,2614439.0,13.0,13.0,1.0,7.0,83.0,8.0,0.0,5.0,78.0,8372708.0
pair_e8903db6,h,olympiads_ref,ok,5,2926837.0,8.0,5.0,1.0,1.0,8.0,0.0,4.0,1.0,3.0,1678725.0
pair_e8d98c67,a,olympiads,ok,0,2759.0,0.0,0.0,1.0,0.0,0.0,0.0,0.0,0.0,0.0,0.0
pair_e8d98c67,h,olympiads,ok,0,395.0,0.0,0.0,1.0,0.0,0.0,0.0,0.0,0.0,0.0,0.0
pair_e970e4c4,a,olympiads,ok,6,371201.0,6.0,6.0,1.0,3.0,2.0,4.0,2.0,0.0,0.0,0.0
pair_e970e4c4,h,olympiads,ok,0,403097.0,0.0,0.0,1.0,0.0,0.0,0.0,0.0,0.0,0.0,0.0
pair_eabc1c29,a,math_train,ok,6,214934.0,6.0,6.0,1.0,2.0,6.0,0.0,6.0,0.0,0.0,0.0
pair_eabc1c29,h,math_train,ok,5,911008.0,10.0,5.0,1.0,5.0,7.0,0.0,4.0,1.0,2.0,210.0
pair_eb63c4a0,a,math_test,ok,1,125772.0,1.0,1.0,1.0,1.0,0.0,1.0,0.0,0.0,0.0,0.0
pair_eb63c4a0,h,math_test,ok,4,272347.0,4.0,4.0,1.0,4.0,4.0,0.0,4.0,0.0,0.0,0.0
pair_ebc61bc9,a,olympiads,ok,0,27557.0,0.0,0.0,1.0,0.0,0.0,0.0,0.0,0.0,0.0,0.0
pair_ebc61bc9,h,olympiads,ok,14,792477.0,27.0,14.0,1.0,13.0,20.0,0.0,12.0,2.0,6.0,446838.0
pair_ec20e9b4,a,math_train,ok,13,1002721.0,13.0,13.0,1.0,13.0,13.0,0.0,13.0,0.0,0.0,0.0
pair_ec20e9b4,h,math_train,ok,0,61265.0,1.0,0.0,1.0,0.0,0.0,0.0,0.0,0.0,0.0,0.0
pair_ec7f806f,a,math_train,ok,1,384469.0,4.0,1.0,1.0,1.0,1.0,0.0,1.0,0.0,0.0,0.0
pair_ec7f806f,h,math_train,ok,12,1288547.0,14.0,12.0,1.0,6.0,12.0,1.0,10.0,1.0,1.0,499.0
pair_ec8eb018,a,amc_aime,ok,16,3420032.0,49.0,16.0,1.0,16.0,61.0,2.0,4.0,10.0,47.0,10588618.0
pair_ec8eb018,h,amc_aime,ok,14,380311.0,15.0,14.0,1.0,6.0,17.0,4.0,5.0,5.0,7.0,456491.0
pair_edc1fe33,a,math_test,ok,7,371198.0,8.0,7.0,1.0,5.0,12.0,2.0,3.0,2.0,7.0,512406.0
pair_edc1fe33,h,math_test,ok,4,553905.0,10.0,4.0,1.0,4.0,12.0,0.0,2.0,2.0,8.0,195220.0
pair_ee1554cd,a,unknown,ok,8,252763.0,8.0,8.0,1.0,8.0,254.0,0.0,3.0,5.0,246.0,3680807.0
pair_ee1554cd,h,unknown,ok,4,762973.0,7.0,4.0,1.0,4.0,203.0,0.0,0.0,4.0,199.0,20033.0
pair_ee294964,a,aops_forum,ok,1,1334638.0,1.0,1.0,1.0,1.0,0.0,1.0,0.0,0.0,0.0,0.0
pair_ee294964,h,aops_forum,ok,1,726240.0,1.0,1.0,1.0,1.0,1.0,0.0,1.0,0.0,0.0,0.0
pair_ee52321c,a,math_train,ok,16,430494.0,17.0,16.0,1.0,6.0,842.0,4.0,5.0,7.0,830.0,25991373.0
pair_ee52321c,h,math_train,ok,2,32557.0,3.0,2.0,1.0,2.0,3.0,0.0,1.0,1.0,1.0,13993.0
pair_eeb3bb08,a,olympiads,ok,24,2976949.0,24.0,24.0,1.0,3.0,32.0,8.0,10.0,6.0,16.0,2859370.0
pair_eeb3bb08,h,olympiads,ok,3,569435.0,6.0,3.0,1.0,3.0,3.0,0.0,3.0,0.0,0.0,0.0
pair_eed4f922,a,aops_forum,ok,8,87647.0,8.0,8.0,1.0,4.0,14.0,0.0,2.0,6.0,6.0,94615.0
pair_eed4f922,h,aops_forum,ok,6,35743.0,6.0,6.0,1.0,6.0,9.0,0.0,4.0,2.0,3.0,12691.0
pair_f0d3d3dd,a,olympiads,ok,2,30237.0,2.0,2.0,1.0,2.0,2.0,0.0,2.0,0.0,0.0,0.0
pair_f0d3d3dd,h,olympiads,ok,0,55617.0,2.0,0.0,1.0,0.0,0.0,0.0,0.0,0.0,0.0,0.0
pair_f1a813ba,a,olympiads,ok,3,87435.0,3.0,3.0,1.0,3.0,4.0,0.0,2.0,1.0,1.0,209.0
pair_f1a813ba,h,olympiads,ok,2,174511.0,4.0,2.0,1.0,2.0,2.0,0.0,2.0,0.0,0.0,0.0
pair_f2ee8d3a,a,olympiads,ok,26,2866110.0,26.0,26.0,1.0,12.0,42.0,11.0,6.0,9.0,27.0,5740767.0
pair_f2ee8d3a,h,olympiads,ok,3,1742910.0,6.0,3.0,1.0,2.0,20.0,0.0,0.0,3.0,17.0,6239531.0
pair_f39ff433,a,secondary_math,ok,4,79993.0,4.0,4.0,1.0,4.0,60.0,0.0,0.0,4.0,56.0,737072.0
pair_f39ff433,h,secondary_math,ok,6,627833.0,6.0,6.0,1.0,1.0,6.0,0.0,6.0,0.0,0.0,0.0
pair_f46b4569,a,olympiads,ok,2,1124589.0,2.0,2.0,1.0,2.0,2.0,0.0,2.0,0.0,0.0,0.0
pair_f46b4569,h,olympiads,ok,0,565581.0,2.0,0.0,1.0,0.0,0.0,0.0,0.0,0.0,0.0,0.0
pair_f4b1f0c5,a,secondary_math,ok,15,1556983.0,19.0,15.0,1.0,6.0,18.0,2.0,8.0,5.0,5.0,622882.0
pair_f4b1f0c5,h,secondary_math,ok,29,2583421.0,33.0,29.0,1.0,14.0,30.0,10.0,11.0,8.0,11.0,3094550.0
pair_f508c4f1,a,cn_k12,ok,0,126722.0,3.0,0.0,1.0,0.0,0.0,0.0,0.0,0.0,0.0,0.0
pair_f508c4f1,h,cn_k12,ok,0,18023.0,0.0,0.0,1.0,0.0,0.0,0.0,0.0,0.0,0.0,0.0
pair_f54301fd,a,cn_k12,ok,17,753178.0,18.0,17.0,1.0,15.0,24.0,2.0,9.0,6.0,9.0,805380.0
pair_f54301fd,h,cn_k12,ok,0,316578.0,1.0,0.0,1.0,0.0,0.0,0.0,0.0,0.0,0.0,0.0
pair_f549052a,a,olympiads,ok,17,408898.0,17.0,17.0,1.0,8.0,37.0,2.0,4.0,11.0,22.0,1511368.0
pair_f549052a,h,olympiads,ok,1,25513.0,1.0,1.0,1.0,1.0,1.0,0.0,1.0,0.0,0.0,0.0
pair_f5a9005d,a,cn_k12,ok,12,1244627.0,12.0,12.0,1.0,12.0,3.0,10.0,1.0,1.0,1.0,256515.0
pair_f5a9005d,h,cn_k12,ok,1,534493.0,1.0,1.0,1.0,1.0,2.0,0.0,0.0,1.0,1.0,256515.0
pair_f5d4e5bf,a,cn_k12,ok,2,106988.0,2.0,2.0,1.0,2.0,2.0,0.0,2.0,0.0,0.0,0.0
pair_f5d4e5bf,h,cn_k12,ok,2,294692.0,4.0,2.0,1.0,2.0,2.0,0.0,2.0,0.0,0.0,0.0
pair_f5e39d77,a,olympiads,ok,0,311063.0,0.0,0.0,1.0,0.0,0.0,0.0,0.0,0.0,0.0,0.0
pair_f5e39d77,h,olympiads,ok,4,55482.0,8.0,4.0,1.0,4.0,2.0,2.0,2.0,0.0,0.0,0.0
pair_f700873e,a,cn_k12,ok,4,113702.0,4.0,4.0,1.0,4.0,5.0,0.0,3.0,1.0,1.0,2861.0
pair_f700873e,h,cn_k12,ok,6,7537.0,6.0,6.0,1.0,6.0,6.0,0.0,6.0,0.0,0.0,0.0
pair_f7ca2998,a,olympiads,ok,6,103436.0,6.0,6.0,1.0,4.0,9.0,0.0,3.0,3.0,3.0,24721.0
pair_f7ca2998,h,olympiads,ok,3,68218.0,3.0,3.0,1.0,3.0,4.0,1.0,0.0,2.0,2.0,76.0
pair_f8026f2d,a,amc_aime,ok,0,15651.0,0.0,0.0,1.0,0.0,0.0,0.0,0.0,0.0,0.0,0.0
pair_f8026f2d,h,amc_aime,ok,0,20091.0,0.0,0.0,1.0,0.0,0.0,0.0,0.0,0.0,0.0,0.0
pair_f827a253,a,amc_aime,ok,44,233500.0,44.0,44.0,1.0,6.0,288.0,4.0,24.0,16.0,248.0,407420.0
pair_f827a253,h,amc_aime,ok,10,258728.0,14.0,10.0,1.0,10.0,160.0,0.0,0.0,10.0,150.0,346702.0
pair_f85a44af,a,cn_k12,ok,18,1855848.0,19.0,18.0,1.0,8.0,28.0,6.0,4.0,8.0,16.0,6869539.0
pair_f85a44af,h,cn_k12,ok,4,1668404.0,6.0,4.0,1.0,0.0,6.0,0.0,2.0,2.0,2.0,670130.0
pair_f9baa4be,a,math_train,ok,0,200743.0,0.0,0.0,1.0,0.0,0.0,0.0,0.0,0.0,0.0,0.0
pair_f9baa4be,h,math_train,ok,0,170259.0,0.0,0.0,1.0,0.0,0.0,0.0,0.0,0.0,0.0,0.0
pair_fc9929da,a,math_test,ok,7,2726.0,7.0,7.0,1.0,7.0,12.0,1.0,4.0,2.0,6.0,666.0
pair_fc9929da,h,math_test,ok,0,665.0,0.0,0.0,1.0,0.0,0.0,0.0,0.0,0.0,0.0,0.0
pair_fccad9e3,a,olympiads,ok,5,55563.0,9.0,5.0,1.0,5.0,7.0,1.0,3.0,1.0,3.0,72783.0
pair_fccad9e3,h,olympiads,ok,6,124435.0,15.0,6.0,1.0,4.0,9.0,0.0,4.0,2.0,3.0,138916.0
pair_fd852ae5,a,cn_contest,ok,10,793178.0,10.0,10.0,1.0,10.0,28.0,1.0,1.0,8.0,19.0,777982.0
pair_fd852ae5,h,cn_contest,ok,11,1558757.0,15.0,11.0,1.0,10.0,27.0,0.0,0.0,11.0,16.0,2887884.0
pair_fe3e5ba4,a,olympiads_ref,ok,5,1366828.0,5.0,5.0,1.0,5.0,4.0,2.0,2.0,1.0,1.0,641622.0
pair_fe3e5ba4,h,olympiads_ref,ok,0,68061.0,0.0,0.0,1.0,0.0,0.0,0.0,0.0,0.0,0.0,0.0
