pair,source,side,tokens_scored,mean_nll,median_nll,p95_nll,claim_boundaries,mean_boundary_delta_nll,mean_boundary_excess_nll,mean_content_boundary_delta_nll,mean_content_boundary_excess_nll
pair_00b23e63,cn_contest,a,175,2.1716183035544634,2.329075378674006,4.5032724689276264,3,0.2187875867615011,0.21983689444481444,0.5469198741921805,0.5479691818754938
pair_00b23e63,cn_contest,h,214,2.101182895229804,2.329075378674006,3.9668200838754655,5,0.3144566071552054,0.3706164566396176,0.3795807045746088,0.435740554059021
pair_01eb3f84,olympiads,a,807,2.7391454363576435,2.43191461565028,5.61472791052957,18,-0.21408356702791778,-0.2013321481026118,-0.10304352119865252,-0.09029210227334664
pair_01eb3f84,olympiads,h,460,2.991030041557813,2.3827476583816884,7.775452207219082,4,-0.23290110749272286,-0.24925638571806086,-0.4052497945401681,-0.421605072765506
pair_064daf4b,olympiads,a,75,3.2603537076383304,2.2476295276593663,9.115131760382715,2,-0.4103487098640317,0.06945327200961893,-0.19718504448211394,0.2826169373915367
pair_064daf4b,olympiads,h,68,2.887839821276126,1.9119469167663674,7.67159871241345,1,-0.45769825710330236,-0.3000943447352453,0.05855140305569373,0.21615531542375077
pair_06e244fd,olympiads,a,1058,2.605996130926608,2.1592730393798845,7.14946583124291,13,-0.8571953132105427,-0.9009884063799442,-0.24717125295703277,-0.29096434612643435
pair_06e244fd,olympiads,h,1051,2.5184102449438375,2.1302181014477735,6.331107380357963,15,-0.6156990323849026,-0.6909829374000317,-0.7034048420313284,-0.7786887470464576
pair_070c0d6f,amc_aime,a,149,3.8279606492546248,3.0539818830008048,10.785605431567951,0,,,,
pair_070c0d6f,amc_aime,h,656,4.266138601116225,3.0442011319908775,11.620913063936923,8,0.6819738083114901,0.78492355337415,2.885668090426238,2.9886178354888973
pair_0a7bd2c7,secondary_math,a,207,3.5885138881442695,3.0503752668899686,7.684395525812638,0,,,,
pair_0a7bd2c7,secondary_math,h,159,3.7003348300879244,3.097233616320142,8.065955192443447,0,,,,
pair_0a891d0e,cn_contest,a,157,2.3101155129866924,2.1932988625541627,5.246387922015753,2,-0.4853438568118459,-0.5103410529768612,-0.16181048303127654,-0.18680767919629185
pair_0a891d0e,cn_contest,h,109,2.441725542871218,2.312457802016247,5.246387922015753,0,,,,
pair_0a983018,olympiads_ref,a,640,2.325001005679046,2.128156894907552,4.98446801386309,14,-0.22557235972333434,-0.23387028984338112,-0.19943583438527282,-0.20773376450531952
pair_0a983018,olympiads_ref,h,387,2.619172599812586,2.378391822678173,5.788781187465039,1,-0.510460687629839,-0.5293732861548308,-0.7136120200320071,-0.7325246185569989
pair_0b123512,math_train,a,122,7.264973558700164,4.567275419120822,17.1845995193179,0,,,,
pair_0b123512,math_train,h,708,4.5830749742435,2.988236273039337,15.118258894455682,5,0.08872982003856614,0.14871876672966627,0.2985361832756346,0.3585251299667348
pair_0bc9ff8b,math_test,a,182,3.3057613899468485,2.4983822522981134,10.237605917744744,4,-0.1698954642091025,-0.6181333079439612,0.037907632940341274,-0.41033021079451726
pair_0bc9ff8b,math_test,h,86,4.503807831269203,2.8849309171304096,14.90222949470703,0,,,,
pair_0c9ecd6b,math_train,a,376,2.7365312952066496,2.1795121445892724,6.996781598347311,10,0.2287451908880246,0.25273267207924954,0.21033037801911977,0.23431785921034476
pair_0c9ecd6b,math_train,h,87,2.8468504964527246,2.33000423529155,7.168441292693871,1,-1.2790440097961437,-1.1477653296072747,-0.23560730161065369,-0.10432862142178476
pair_0f3deadd,math_train,a,138,2.8857490304415414,2.193466500208439,6.610384730343755,1,-3.274022847228171,-3.5305693618496705,-2.1898977576962353,-2.4464442723177346
pair_0f3deadd,math_train,h,119,3.1375755911621,2.3261571211376406,7.4270890012700885,0,,,,
pair_0f421760,amc_aime,a,135,3.13970025436921,3.000238162145596,6.862086949615465,0,,,,
pair_0f421760,amc_aime,h,635,3.3786276311156045,2.76016473340458,9.091395476540642,7,0.30559783036985155,0.3539218863260015,0.5979769074565697,0.64630096341272
pair_0f905113,math_test,a,453,2.636782441525422,2.2481155589447277,5.919621283242085,4,-0.261540101983636,-0.24757006649349372,-0.26082114395326295,-0.24685110846312075
pair_0f905113,math_test,h,363,3.313336311502851,2.867477170789554,8.137664007253017,3,-0.08187730853643112,-0.14042776932339965,0.30070769432781885,0.24215723354085028
pair_11362c17,secondary_math,a,271,2.4494258581994974,2.372044762150505,6.161163612922643,0,,,,
pair_11362c17,secondary_math,h,239,2.4264990952175562,2.372044762150505,6.121162305136305,0,,,,
pair_121126b4,math_train,a,316,2.4116339625330134,2.3276502791914675,5.318678714048657,6,-0.4807259102201547,-0.4829033502840949,-0.09378936059290417,-0.09596680065684444
pair_121126b4,math_train,h,196,2.8778610564981766,2.3973207636574987,6.834510609760432,1,-0.28662513060480155,-0.2783265585686253,-0.6778752202861433,-0.6695766482499671
pair_136afae1,olympiads,a,320,2.8663312845920137,2.4165599174893355,7.815163868492883,5,-1.484103921594675,-1.634345249878388,-1.4385101911227958,-1.5887515194065085
pair_136afae1,olympiads,h,258,2.8952137722614446,2.4912634711366186,6.8815383972997095,4,-1.1157970660108019,-1.273888707644631,-0.9363655493640819,-1.0944571909979108
pair_13d805d4,amc_aime,a,224,6.967288403305943,3.8538503189328503,20.51572125782971,3,-2.6820847444531997,-2.690681294684191,1.0872045801242347,1.078608029893244
pair_13d805d4,amc_aime,h,272,6.992487683176299,4.025525603586271,20.70173770163716,3,-1.6140546953780461,-1.426657368898508,0.40853155411026193,0.5959288805897999
pair_13dbafa5,math_train,a,107,2.035648872202577,1.8594883589625169,4.032195454640487,1,-0.8574108549752104,-0.803816550326636,-0.2830934361063888,-0.22949913145781442
pair_13dbafa5,math_train,h,99,2.4353803592867886,2.249950584273902,4.328445126804098,0,,,,
pair_1435e660,olympiads,a,720,2.6749577458081633,2.218399246180256,6.017098966011536,17,-0.6035443750921494,-0.7664775614281539,-0.7231885801267223,-0.8861217664627267
pair_1435e660,olympiads,h,322,2.7007023343869307,2.3429732549255875,6.37083051692517,9,-0.26491929963926175,-0.37530232507920835,0.3125193486423385,0.20213632320239192
pair_149000e5,aops_forum,a,262,2.3526531170384817,2.3257741021571423,5.693735795979411,2,-0.5677792466960463,-0.5804189310900931,0.02391862516584997,0.011278940771803081
pair_149000e5,aops_forum,h,173,2.6117195045123767,2.3813010672110946,6.287324044274696,0,,,,
pair_149fe16f,olympiads_ref,a,251,3.0283850570788164,2.683542508446446,6.9153425908630215,5,-0.07148386829575984,-0.13879259971879027,-0.619159151775013,-0.6864678831980434
pair_149fe16f,olympiads_ref,h,263,3.105899429782438,2.763272533291594,7.302414162896765,5,0.08002818449587715,0.0017884471717012546,-0.5312845676805795,-0.6095243050047554
pair_152731e7,olympiads,a,306,2.8574014501320977,2.653252800967642,5.609678284321864,7,0.03907610897197381,0.020599297195290363,0.5026910525365189,0.4842142407598356
pair_152731e7,olympiads,h,281,3.1517664418269558,2.6708344748375143,7.296717385904072,4,-1.381325464822656,-1.4748870954144884,-0.813344564800967,-0.9069061953927994
pair_1565703f,cn_k12,a,118,4.2764662831022004,2.97422075786716,14.599033034521971,0,,,,
pair_1565703f,cn_k12,h,167,4.514141190976513,3.002112791496448,14.613493642656268,0,,,,
pair_171e8749,amc_aime,a,191,2.6709652211822665,2.3585423196775976,6.334765802164257,4,-0.04782242893101685,0.003660488571996301,-0.23846233743528444,-0.1869794199322713
pair_171e8749,amc_aime,h,159,3.173343378803777,2.588741907081377,7.981813381137282,0,,,,
pair_17275427,amc_aime,a,112,3.4257941230008164,2.7350001691450263,12.270846145687358,0,,,,
pair_17275427,amc_aime,h,94,4.881028653092372,3.5537664343284785,14.303003240584822,0,,,,
pair_17a4d7d8,olympiads,a,486,2.5018931117027012,2.354980073122679,5.62266731097056,10,0.18497095728436483,0.09894904688846733,-0.31175298501989607,-0.39777489541579364
pair_17a4d7d8,olympiads,h,196,3.3368571249743453,2.855600909995398,10.085219720887176,0,,,,
pair_19517b6c,olympiads,a,880,2.894682908366946,2.4572475516405263,6.5943795850622795,20,-0.151539701181111,-0.14805682198300066,-0.1939376641129174,-0.19045478491480722
pair_19517b6c,olympiads,h,1015,3.7232447402258066,2.927134900986237,11.087193113540463,9,1.984670073330532,2.040863659698429,1.9962818112559926,2.052475397623889
pair_19f291ba,math_test,a,549,3.17318313897659,2.3927436194969034,10.25593751394606,9,0.3493839414261347,0.4134155169273594,0.8037483039431736,0.8677798794443983
pair_19f291ba,math_test,h,521,4.150825089761741,2.698769888882291,14.58876198276588,8,-0.617141652509618,-0.8520762955694525,-0.05970618728478372,-0.2946408303446182
pair_1d99af92,cn_k12,a,503,2.1899315346557637,2.0980206773131385,5.269600052573082,6,-0.9256939623487437,-0.9384508864992451,-0.5139351159981413,-0.5266920401486428
pair_1d99af92,cn_k12,h,630,3.094088235928876,2.601964102179624,7.9134575704789585,6,0.606250701449898,0.6819984240472844,1.144771175834294,1.2205188984316802
pair_1e273c45,math_test,a,1495,2.4672021167191778,2.0645038190262777,6.024629061750027,17,0.1214986331771823,0.157079482187904,0.2182260679122477,0.25380691692296936
pair_1e273c45,math_test,h,665,3.8839896946107544,2.4814432580783987,14.054753362018195,6,1.8232169990438407,1.9777741104282862,1.8813848302759963,2.0359419416604423
pair_1e4638c2,olympiads,a,440,2.5847997930531537,2.2628850348513296,6.054218745553444,10,0.45646812570177053,0.48617353845000616,0.21822561375841207,0.24793102650664772
pair_1e4638c2,olympiads,h,206,3.585616250462729,2.5322784609829214,11.124830465210994,1,-0.8304609790705664,-0.8820783143695892,-0.6802628347837025,-0.7318801700827253
pair_1e6ca847,olympiads,a,272,2.9269538525452923,2.483157864156645,5.546255723603017,4,-0.3043493188351069,-0.4430209428494683,-0.8090330078605701,-0.9477046318749316
pair_1e6ca847,olympiads,h,343,3.2665767297142327,2.4012052193283915,7.054319625101196,2,-0.8172233518131894,-0.8263383665435459,-0.929956561816386,-0.9390715765467424
pair_1eac5349,olympiads_ref,a,402,2.228313269730067,2.1347196071885413,4.8534933716520765,9,-0.08545289915847754,-0.058007638486334834,-0.06218854532435257,-0.03474328465220987
pair_1eac5349,olympiads_ref,h,257,2.6398745665207275,2.3343488254399656,6.280092286046895,0,,,,
pair_2000cc20,cn_k12,a,275,2.0397298475489682,1.891279506764312,4.455205883793146,2,-0.33016641042530304,-0.33124291178984794,-0.22940800825735919,-0.2304845096219041
pair_2000cc20,cn_k12,h,211,2.4768927506461647,2.2558932924886483,5.874459087084986,0,,,,
pair_204207d6,olympiads_ref,a,171,2.360861643683666,2.442229188923677,5.8497129910132415,0,,,,
pair_204207d6,olympiads_ref,h,258,2.5516037056892737,2.511664828149808,5.638579915682249,3,-0.6094423837743125,-0.6675419326999122,-0.7942229901091636,-0.8523225390347635
pair_20f6251a,olympiads,a,629,4.825664830018644,2.9485275999046103,18.896620682015957,8,-3.1153361059125264,-3.5319638238495066,-2.951568762022784,-3.3681964799597637
pair_20f6251a,olympiads,h,291,4.4967503056124345,2.902128564110668,16.478941424880553,2,-1.0573438473691466,-0.9843200655308961,2.616715715580793,2.6897394974190436
pair_22599b6f,olympiads_ref,a,320,3.626075765296007,2.4896487372135194,16.299319565211565,0,,,,
pair_22599b6f,olympiads_ref,h,304,3.2029948740038305,2.4511141301714026,6.96248654656298,0,,,,
pair_2347fae1,olympiads,a,622,2.6051102946544593,2.3429732549255875,6.022833627905226,10,-0.14729430414234734,-0.15426373162318208,0.000692361527863361,-0.006277065952971344
pair_2347fae1,olympiads,h,714,3.5058519318165153,2.452388306973916,9.978098537375224,5,-0.643857645729836,-0.687643649932256,0.21860100152340847,0.17481499732098857
pair_2590c3a7,olympiads,a,341,2.9798688043417645,2.5961602317940224,7.754951223409371,3,0.08537580235916183,0.13842516316728762,0.9616573668094123,1.0147067276175379
pair_2590c3a7,olympiads,h,337,3.288961615551248,2.6822511183522657,8.41306948764852,3,1.123168308184401,1.2632964343688424,2.124115576437864,2.2642437026223052
pair_26771bf6,olympiads_ref,a,230,3.4746463205925693,2.3671553413539788,11.586753442502793,4,1.1532921050057374,1.2247044745113933,1.4011142000359584,1.4725265695416143
pair_26771bf6,olympiads_ref,h,220,4.341191090715604,2.7700988646294884,15.242427989912368,2,-1.7909994904537165,-1.924115565663683,-2.3694597546307468,-2.5025758298407133
pair_271fa579,olympiads,a,398,2.304522912893714,2.013526047793567,5.741640223783641,3,-0.24558841974225962,-0.3144342884117573,-0.6780986488233167,-0.7469445174928144
pair_271fa579,olympiads,h,660,2.372404278450337,2.3960723990775707,5.074183873508271,18,0.03713013245062621,0.07177257010953492,0.053093213626233045,0.08773565128514171
pair_2748f3f1,olympiads,a,335,1.9935345693769084,2.0207676147020672,4.216088690797132,7,0.3326729971173644,0.44742724059547617,0.47005340802160245,0.5848076514997143
pair_2748f3f1,olympiads,h,338,2.0906254468008236,2.1053349348076544,5.001689724787075,7,0.10842159033371328,0.10926042939441187,0.36819027550428657,0.36902911456498516
pair_29059eae,math_train,a,343,2.4512588554126706,2.065025610100361,6.005997056094091,8,-1.048371191931635,-1.0189624697247133,-0.43389950987631754,-0.4044907876693956
pair_29059eae,math_train,h,517,3.7823865720076886,2.5619598799967416,13.819657640121724,8,1.2544208653942122,1.4072101313800505,0.5206042856387132,0.6733935516245516
pair_2a4dc8cc,math_test,a,338,2.486545691982903,2.478932880430215,4.8496954307387865,8,-0.2985920293346104,-0.38526529464407255,-0.2917866294687277,-0.37845989477818986
pair_2a4dc8cc,math_test,h,266,3.33544088081729,2.6694082086448194,10.93615334865543,4,2.597450316817521,2.8508623401867577,3.7779492720929118,4.0313612954621485
pair_2a66f969,olympiads,a,567,2.560434712372896,2.419490669447392,5.555764617242883,9,-0.03747698012294423,0.07022595320186983,0.3163491677581516,0.42405210108296565
pair_2a66f969,olympiads,h,399,2.456340106488752,2.218399246180256,5.648162905513806,6,1.0930915355592958,1.123039725474236,-0.37693059853709104,-0.34698240862215085
pair_2b09aabd,olympiads,a,207,2.767128236614202,2.186805154231551,6.133579507563442,4,-0.4483609873684748,-0.45087717947637984,-0.012735844838684673,-0.015252036946589664
pair_2b09aabd,olympiads,h,170,3.083146138000576,2.41109928455217,7.180590878164598,2,-1.1147959746582414,-1.2881938498545284,-0.3129191143380037,-0.48631698953429087
pair_2d283418,olympiads,a,104,3.297359416673651,2.447092599821299,9.55722895599754,0,,,,
pair_2d283418,olympiads,h,109,3.5552856067608,2.740572242206371,10.61629824161919,0,,,,
pair_2fba10ea,olympiads_ref,a,709,3.083999901731747,2.48628437488604,7.974039281389918,10,-0.19477693810314753,-0.16887658735885494,0.12187935277280157,0.14777970351709416
pair_2fba10ea,olympiads_ref,h,1496,4.179287265718244,3.091159570878691,13.264313056326033,29,0.6337775545093232,0.6991102152389823,0.9592243018911086,1.0245569626207678
pair_2fde2018,math_test,a,731,2.662053537325545,2.2368713144109464,7.081564131043905,19,-0.44264704912229375,-0.3928936901584709,-0.2979358903734052,-0.24818253140958235
pair_2fde2018,math_test,h,830,4.448524830069552,3.1002770724158735,14.857602698749607,7,0.5036107401918288,0.4803138047517215,0.691332419773069,0.6680354843329618
pair_301c1ff9,aops_forum,a,223,2.3344285631890584,2.3919405307618833,5.2477740595467095,0,,,,
pair_301c1ff9,aops_forum,h,185,2.369067411256267,2.428402515544437,4.715149037232004,0,,,,
pair_326a8dc3,cn_contest,a,683,2.574574332310353,2.329075378674006,7.073087789154071,9,-0.8352384616766917,-0.9362735984983779,-0.9883249229101353,-1.0893600597318214
pair_326a8dc3,cn_contest,h,1305,2.597746699528245,2.329075378674006,7.073087789154071,25,-0.36752135494804833,-0.40775651041339134,0.04334223589317645,0.0031070804278333776
pair_32d5762e,aops_forum,a,382,3.025683737761193,2.6096958472361083,8.819835022030142,2,0.5294129454096004,0.5532008501244907,0.7891709878013424,0.8129588925162328
pair_32d5762e,aops_forum,h,265,3.1553579398581775,2.553002554060479,10.37167360198887,7,0.022547011199241913,-0.10870694071424196,-0.453123571359455,-0.5843775232729389
pair_32e87abf,cn_k12,a,622,2.4067867382204473,2.0783957779277107,5.553644788341079,13,0.06302454029968269,0.07341339576467758,-0.03599238245308753,-0.025603526988092644
pair_32e87abf,cn_k12,h,286,3.2655754277139284,2.5170428579215534,8.323829195566832,1,-3.2132188575864604,-3.377220497678155,-3.6399058314270727,-3.8039074715187673
pair_33135e91,olympiads,a,290,2.078572828673895,2.0078275857674663,4.6644806091443565,8,-0.0995131495783699,-0.05573973450451142,0.05852947438255959,0.10230288945641805
pair_33135e91,olympiads,h,250,1.9917272980056377,1.70628070481926,4.553336313084837,4,-0.13362675460373208,-0.07475918848322921,-0.1756145680292281,-0.11674700190872521
pair_33b83cd5,cn_k12,a,834,3.2274533980130418,2.3000624305072734,10.485903935780016,19,-0.2188442757530712,-0.12027796407618829,0.05078780404398118,0.1493541157208641
pair_33b83cd5,cn_k12,h,787,3.354248163528859,2.365303250847289,10.473111208705262,22,0.24515753406017257,0.2762012672354057,0.18230572527090133,0.21334945844613448
pair_34b2dbc3,math_train,a,162,3.0979404236519956,2.3834599784540678,7.933401250790866,3,1.0229042056625663,1.246076514023926,0.9517187091772289,1.1748910175385887
pair_34b2dbc3,math_train,h,82,3.419502452155452,2.5628061990761215,8.459331547462666,1,1.1786505828062266,1.5538781225805416,1.6180601272313577,1.9932876670056727
pair_34e33ffa,secondary_math,a,1335,2.204400524261731,2.2248461867229077,4.284738160067006,50,-0.08718353362712851,-0.037186572204884076,0.10642764738391698,0.1564246088061614
pair_34e33ffa,secondary_math,h,583,2.651765818831038,2.2731875045617236,7.446723394853282,14,0.8637695220645332,0.9299644629305861,0.4757733945938179,0.5419683354598709
pair_358e95d5,number_theory,a,472,2.6013989536811617,2.396526269047376,5.2670534863429275,11,-0.20170323000339588,-0.1918951334456872,-0.02884943990091495,-0.019041343343206285
pair_358e95d5,number_theory,h,896,3.252733098752208,2.8345013517065736,7.665119814984505,5,-0.3553681361070488,-0.394125361344818,-0.04491303395311501,-0.08367025919088411
pair_3757881d,olympiads,a,918,3.643599691161534,2.555410305137787,17.097980633286777,21,-1.1565989035766642,-1.3292444607141727,-0.797529686527734,-0.9701752436652429
pair_3757881d,olympiads,h,1176,3.5732561763747603,2.5276266611517144,17.097980633286777,28,-0.037396679176537315,-0.022082803211001343,-0.07306200102465683,-0.05774812505912086
pair_37c40664,math_train,a,343,3.4866820394801734,2.7420483549336785,9.571409115341668,4,-1.6493105253822398,-1.8125476895642638,-1.6158985211526797,-1.7791356853347038
pair_37c40664,math_train,h,270,3.491749300196987,2.6803405361770176,9.629041542623122,1,0.11440830052412476,0.06950168082344407,2.0055955926000513,1.9606889728993706
pair_37d880cd,number_theory,a,339,2.5989128697374526,2.4332241301855153,5.760812514257626,3,0.06631749373044811,0.03696971180585029,-0.3248370900771375,-0.3541848720017353
pair_37d880cd,number_theory,h,374,3.7444473561209186,2.873687164358731,13.607402820306532,2,2.222932555978674,2.3280379565043248,1.1669187497257325,1.2720241502513838
pair_3b1172ec,cn_k12,a,74,5.133808497433716,3.0279482846211674,20.28804022359602,0,,,,
pair_3b1172ec,cn_k12,h,111,3.899549622578006,2.9137919870509172,14.28221843987645,0,,,,
pair_3b470502,math_train,a,361,3.784512780786321,2.635898811563785,12.761128225721585,0,,,,
pair_3b470502,math_train,h,362,3.850575785644823,2.7071325385594984,12.725931095987645,0,,,,
pair_3cca9874,math_train,a,395,2.4185730080301284,2.2261400541273986,5.512332569171601,2,0.1320712322051556,0.1328668212183517,0.9091610991068678,0.9099566881200639
pair_3cca9874,math_train,h,132,3.1936298671411123,2.607432896210447,7.124310158354132,0,,,,
pair_3da844f5,inequalities,a,349,2.2028860240508674,2.2305974243319433,4.6492406889883435,0,,,,
pair_3da844f5,inequalities,h,273,2.3410199265037583,2.325464542247539,5.3325207400927805,0,,,,
pair_3db79af4,cn_contest,a,427,2.6155924662065884,2.539262737861229,5.612355502721325,6,-0.7548745099709029,-0.8550787099110914,-0.6667592415464519,-0.7669634414866405
pair_3db79af4,cn_contest,h,406,2.6034259749729483,2.7612922001248688,5.567990137576213,6,-0.6861038137196142,-0.7179122036740241,-0.5245106717845297,-0.5563190617389396
pair_3e5837da,amc_aime,a,351,2.803031920767535,2.438072251304452,5.912840366758436,9,-0.26757661192290005,-0.4212749050100266,0.026775127360566357,-0.1269231657265602
pair_3e5837da,amc_aime,h,180,3.7950723003699824,2.826265560520083,12.014740253575134,0,,,,
pair_3e7604ad,aops_forum,a,141,2.870658073343772,2.490241549037615,6.946242857730409,2,-1.2055818386526325,-1.306839983629408,-0.6886012373258372,-0.7898593823026128
pair_3e7604ad,aops_forum,h,121,3.1268446228730693,2.715373461841083,6.418552643905105,0,,,,
pair_40400f26,math_test,a,180,2.4965854177061053,2.4028574056702556,5.244690457282832,2,-1.0553017143549015,-1.0596922567393643,-1.1227382151200231,-1.1271287575044862
pair_40400f26,math_test,h,473,2.9166084813007673,2.5621438603603055,6.598743752182692,6,-0.02010758745096967,-0.04249969935253703,0.10569060888640247,0.08329849698483512
pair_412ad836,number_theory,a,81,2.656903799594512,2.312547849113034,5.545424406315686,0,,,,
pair_412ad836,number_theory,h,76,2.5546829425175823,2.263164488601176,5.6143202124873515,0,,,,
pair_43cbe160,math_test,a,673,2.608410905743645,2.6666809837547714,5.0389629930713085,13,0.5017779680445659,0.5817742656766806,0.5980476147677453,0.67804391239986
pair_43cbe160,math_test,h,678,2.8925304418486117,2.721459105951588,6.13705862307999,11,-0.22206306284282104,-0.22079059049969604,0.10449191866498216,0.1057643910081071
pair_44418174,math_train,a,129,2.73234329769039,2.5389692660446066,5.819229686631432,2,-1.4679622566156887,-1.5715184807923768,-0.4179020357276293,-0.5214582599043174
pair_44418174,math_train,h,120,2.763120030070946,2.550038542216619,5.720067621409379,3,-0.522842593058734,-0.5799488496776972,-0.41202914407827235,-0.46913540069723564
pair_4453d7a8,olympiads,a,375,3.354655362724583,2.656161731280797,8.757879567307937,6,-0.33741949153023953,-0.40610456350752355,-0.48048469186082876,-0.5491697638381128
pair_4453d7a8,olympiads,h,155,3.6989394379967067,3.1750962270993965,11.164666418406656,0,,,,
pair_452bb14f,olympiads_ref,a,448,2.70559955274311,2.4676326462772304,4.922454812540096,11,-0.7160423953361085,-0.7693854068989416,-0.28821325237815654,-0.3415562639409898
pair_452bb14f,olympiads_ref,h,941,2.4276467105519024,2.378391822678173,5.000805118174824,8,-0.2999935855855619,-0.3110579138278396,-0.23348146621788424,-0.24454579446016195
pair_45b25f4e,olympiads_ref,a,215,2.3509980651013267,2.4067207147528955,5.324770173358705,1,-0.7130600867750228,-0.7428769737871806,0.29498899795325073,0.26517211094109283
pair_45b25f4e,olympiads_ref,h,173,2.6069854728144395,2.361073981270305,5.346011004553554,3,0.04257656803556668,0.04774303924072565,0.004311006394132881,0.00947747759929185
pair_47d24c12,olympiads_ref,a,137,2.6493128362797216,2.28046464187586,6.0366222348687355,1,-1.0567584411189601,-1.122531394240068,-0.07809599383651644,-0.14386894695762437
pair_47d24c12,olympiads_ref,h,89,3.05041249689945,3.1735676576418768,7.02666166970564,0,,,,
pair_4860e4db,olympiads,a,690,2.940653625357723,2.428574027476193,7.514390370098215,0,,,,
pair_4860e4db,olympiads,h,540,3.8959776864772198,2.6895746812773957,15.118255470794098,0,,,,
pair_48881c66,amc_aime,a,670,2.863678918745646,2.3130462169504007,7.639947580454435,8,-0.02053420538974829,0.0061894779229573135,0.3369374273836932,0.3636611106963988
pair_48881c66,amc_aime,h,924,4.098169141557527,2.979440527756628,13.470800006420102,2,0.8827308977351074,0.8766849682075313,0.7976357048988536,0.7915897753712775
pair_49366beb,cn_contest,a,150,4.274257873015261,2.719563773925681,19.665821537335543,1,-5.842369064518011,-5.846404333330376,-5.475577828039135,-5.479613096851501
pair_49366beb,cn_contest,h,158,4.4037694933669895,2.8679639732201667,19.665821537335543,0,,,,
pair_496aea54,number_theory,a,77,5.460670946353269,3.1732567099670588,19.536397472811746,0,,,,
pair_496aea54,number_theory,h,77,5.460670946353269,3.1732567099670588,19.536397472811746,0,,,,
pair_496f71fb,olympiads_ref,a,27,3.0722605313003304,2.068265467052448,9.654578348438923,0,,,,
pair_496f71fb,olympiads_ref,h,27,3.130172644710883,2.3343488254399656,9.654578348438923,0,,,,
pair_496fbd44,secondary_math,a,282,2.405695807057976,2.5297569888642224,4.93320728257142,2,-0.2970367634325761,-0.3352211034854634,-0.19750984257548265,-0.23569418262836994
pair_496fbd44,secondary_math,h,295,2.417340236661927,2.4838982663764275,5.192265993344243,2,-0.5789947718942587,-0.6229009992104357,-0.3799337345998688,-0.4238399619160458
pair_49737f41,math_test,a,305,3.094782097247004,2.5010240183833217,7.389038975851945,7,-0.8399867625194363,-0.9153102828191226,-1.3424150053694253,-1.4177385256691117
pair_49737f41,math_test,h,159,4.283524955580106,3.0127253541339796,16.283477744354308,3,0.576381059298891,0.4003979057621028,1.5779683896992565,1.4019852361624683
pair_49f9b472,math_train,a,238,2.351345241468524,2.247466089262805,5.728110241594974,3,0.300689939317484,0.3217422242443455,-0.10785278335668617,-0.08680049842982462
pair_49f9b472,math_train,h,250,2.516773243885011,2.3261571211376406,5.959301566992631,0,,,,
pair_4a23a011,number_theory,a,240,4.885796169373208,3.623308538945632,13.498645494783545,0,,,,
pair_4a23a011,number_theory,h,293,4.776596803596697,3.596113774785866,13.489219555085754,0,,,,
pair_4c39d86a,cn_contest,a,1015,2.6233512875727487,2.4092331152708812,5.814014704729872,29,0.21409891999549266,0.20338052098609505,0.20342952100051853,0.19271112199112095
pair_4c39d86a,cn_contest,h,1363,3.122117443574256,2.6088646053998232,8.212912149649133,38,0.30362174887434884,0.31085535793453833,0.07729734162602911,0.08453095068621862
pair_4c7ab903,cn_k12,a,280,2.5026520431911305,2.0980206773131385,5.449615425963979,7,-0.0831293789204809,-0.1079273073799333,-0.26479238004014677,-0.2895903084995992
pair_4c7ab903,cn_k12,h,317,2.878263753566747,2.3003617102690113,6.702081335747491,5,-0.7423457948938984,-0.77952233356807,-0.613464600159918,-0.6506411388340896
pair_4cffc8e6,amc_aime,a,2920,2.835828789007874,2.153390325135946,7.716447983281765,59,-0.031038151180952607,-0.08357075190099275,-0.13014170981237774,-0.1826743105324178
pair_4cffc8e6,amc_aime,h,808,3.2522412287359708,2.683738395205043,10.25349447347884,4,-0.3454572800198582,-0.3482459300977115,-0.7828396909357396,-0.7856283410135929
pair_4d25cb85,olympiads,a,1470,2.5934249919484578,2.373588118646353,5.968070242657459,35,-0.3351432037861947,-0.282408097801668,-0.22762315207126158,-0.1748880460867349
pair_4d25cb85,olympiads,h,638,2.430814365710558,2.159459943271928,5.413608394583627,0,,,,
pair_4d494975,amc_aime,a,114,2.26359197936291,2.3185624914613823,4.306373588198521,3,0.3299572279245804,0.34197935179969313,0.49702534916856944,0.5090474730436821
pair_4d494975,amc_aime,h,122,3.1006267447312807,2.8507264969134622,8.914641547950426,1,-0.5514094579940796,-0.8257405814792039,-0.48287252217323173,-0.7572036456583561
pair_4d68f3d1,math_train,a,137,3.3479047834600317,2.4813992301517285,13.171799445743602,1,-1.8954036733800086,-1.818012239815726,-1.4118477923169053,-1.3344563587526226
pair_4d68f3d1,math_train,h,74,3.4647356339171007,2.531397693937171,13.171799445743602,0,,,,
pair_4eec1381,amc_aime,a,798,2.3506314806164776,2.144297390582163,4.936289603725777,0,,,,
pair_4eec1381,amc_aime,h,475,3.5988922457019985,2.76016473340458,10.58009014386526,2,0.8846059866805265,0.8750174791811143,-0.05790925126889657,-0.06749775876830866
pair_4fd720f4,olympiads_ref,a,773,2.715008029359607,2.2970224337034084,6.224101670837859,16,-0.1271680775056555,-0.17560547052466136,-0.3546590027525321,-0.4030963957715379
pair_4fd720f4,olympiads_ref,h,172,3.691531325003014,3.1592572390786207,9.222880178870597,0,,,,
pair_512e1ab2,olympiads,a,1920,2.4301650834325397,2.2757750407325017,4.990911896110718,23,-0.3323887722584504,-0.33078489528359833,0.034235150064789964,0.035839027039642056
pair_512e1ab2,olympiads,h,446,3.043129148742609,2.687506061378117,6.835402527335392,3,0.58632803250157,0.5599508521990672,0.32920971473712113,0.3028325344346183
pair_517e0184,olympiads,a,735,2.174630722762639,2.1518266151097927,4.709460638198781,19,-0.12461498728773825,-0.19145132074141855,-0.14275523957489275,-0.2095915730285731
pair_517e0184,olympiads,h,324,2.367829078611039,2.3001024774385748,5.167653630678949,2,0.8978103057204696,0.8740951804067154,0.5134743705912101,0.48975924527745596
pair_535c413d,math_test,a,85,2.319354802943481,2.448387867687868,4.854913156188652,3,-0.45053331622072146,-0.1315160320923454,0.16165051657415472,0.48066780070253073
pair_535c413d,math_test,h,84,2.5612971823909394,2.610431231267911,4.937279523577056,3,0.00837361102249353,-0.10969891342596831,0.4254041724040552,0.30733164795559337
pair_54aff7bc,math_test,a,142,2.967711942058175,2.0600169778197595,9.310648114955454,2,-0.09141011010536881,0.09807738361684365,0.8961920773694811,1.0856795710916936
pair_54aff7bc,math_test,h,179,3.2425924237805104,2.4978125776353193,9.488566574453099,2,1.0497975888673325,1.1533134798284348,1.5207956044020607,1.624311495363163
pair_564fee0e,cn_k12,a,172,2.1895173187919053,2.0636053684446782,4.919033270095669,2,-0.21724537253086984,-0.19158003880437524,-0.011146062467565998,0.014519271258928601
pair_564fee0e,cn_k12,h,202,3.6005475636920994,2.520716043314489,10.00663044643721,2,1.9543922211900977,1.7889194902922676,1.9956762149115992,1.830203484013769
pair_567a7178,olympiads,a,563,2.472644819880558,2.001242781929504,5.601085827674539,6,-0.4055531666797685,-0.36940741825633316,-0.15587942722844358,-0.11973367880500825
pair_567a7178,olympiads,h,582,2.9029585448618827,2.1053349348076544,10.968884266468644,13,0.008110560093756786,-0.04305850212291043,-0.017323951311368904,-0.06849301352803613
pair_5688be7b,olympiads_ref,a,488,3.3489898984079316,2.5562050150934352,8.030743275219763,0,,,,
pair_5688be7b,olympiads_ref,h,385,3.659367679708567,2.521058186249763,11.867818617278607,0,,,,
pair_57c4dba0,aops_forum,a,191,2.529817521838907,2.5286898952769548,5.513656135521707,0,,,,
pair_57c4dba0,aops_forum,h,155,2.2110955201664675,2.214645669873959,5.170807928028611,0,,,,
pair_587b1256,olympiads,a,240,3.1176392408170086,2.483157864156645,8.979087729650507,3,-0.12092511871005351,-0.2232992487398462,0.8584221136883844,0.7560479836585917
pair_587b1256,olympiads,h,96,3.5560662888768384,2.6246093267916373,9.468391860940864,0,,,,
pair_58e22ef3,math_train,a,362,3.9918814611994518,2.845195931253448,11.572228038091788,8,0.0854251120388187,0.02637694848137745,0.6913740629818168,0.6323258994243756
pair_58e22ef3,math_train,h,236,4.246577994536427,2.953171432496722,12.282838043984256,3,1.6209216700603999,1.6688723337049163,2.652855848687585,2.7008065123321017
pair_59111b24,math_test,a,239,2.423874443490296,2.467705472658784,4.854913156188652,9,0.03721291229752012,0.011944120289962192,0.28460270504243085,0.2593339130348729
pair_59111b24,math_test,h,311,2.4415451465664724,2.448387867687868,5.180655634420059,6,0.12963443382778883,0.23971734792476287,0.6568183285406158,0.7669012426375899
pair_5a6fca10,math_train,a,145,2.4167634011841614,2.4355815225590236,4.551517875707661,2,0.05985307804305129,0.09376275141517154,0.4514582351862182,0.48536790855833845
pair_5a6fca10,math_train,h,89,2.5811045215377897,2.552060379797977,5.19369455610066,0,,,,
pair_5cf7a965,math_test,a,69,2.1001517887579126,1.846306486567778,5.0788627322421505,0,,,,
pair_5cf7a965,math_test,h,150,3.3088653005246664,2.3794585324658115,9.891583801084915,0,,,,
pair_5d026d45,amc_aime,a,53,2.4862246407334094,2.018914085178315,6.0300648910625805,1,0.273747407024703,0.6136907792640311,0.42563527747901064,0.7655786497183388
pair_5d026d45,amc_aime,h,34,3.087314789056668,2.966861012184962,6.953794456424983,0,,,,
pair_5daf2594,olympiads_ref,a,167,5.639910804053012,3.6416419521815953,17.438450403208797,2,-4.3784476144146875,-4.135317577296428,-5.224625607219663,-4.981495570101403
pair_5daf2594,olympiads_ref,h,285,4.337779947916954,3.091159570878691,14.593541019389388,2,0.13007019546639853,0.3815333519868057,1.5353866594640848,1.7868498159844919
pair_5df84962,amc_aime,a,437,2.225509163423901,2.0412214870211405,4.54284634334527,5,-0.21723589885971578,-0.2365705430106051,-0.0394981709347062,-0.05883281508559553
pair_5df84962,amc_aime,h,227,4.255550725991338,4.002708993415494,11.779913409094556,0,,,,
pair_5ee839bd,cn_contest,a,257,2.343493049379872,2.22688227111032,5.314855407538645,5,-0.8164348250455123,-0.9046984889627036,-0.1936796193095504,-0.2819432832267415
pair_5ee839bd,cn_contest,h,119,2.529772275106223,2.477367054881041,4.774514029036277,2,-2.3299567116633857,-2.500945827007247,-1.5453405247754355,-1.7163296401192967
pair_5eec702b,math_test,a,138,3.442891083407144,2.365049825919903,9.34558834863024,2,-0.14326096275102018,0.004650430381939019,-1.0015377390180336,-0.8536263458850744
pair_5eec702b,math_test,h,140,3.6191328717067415,2.7561089051001906,9.191274636877546,2,0.8493761555160122,0.8713195271835177,0.4206374855865467,0.4425808572540521
pair_5eff76b6,amc_aime,a,150,2.279653343317683,2.324102526665226,4.417693532405447,4,0.15083220611836268,0.36956352202910403,0.7169746259343195,0.9357059418450608
pair_5eff76b6,amc_aime,h,58,2.9402244688848533,2.6144282349651125,7.167257868212023,0,,,,
pair_5feca8f4,olympiads,a,191,2.6822183013247427,2.5322784609829214,5.5186729653014295,0,,,,
pair_5feca8f4,olympiads,h,191,2.818385347626082,2.468121707164512,6.8665623481392934,0,,,,
pair_60565fc7,number_theory,a,226,3.6033294540530596,2.8345013517065736,10.741475176893276,2,-3.5605259067188753,-3.5190349640789966,-2.835451390700115,-2.7939604480602367
pair_60565fc7,number_theory,h,231,3.9333688990439017,2.923738821209741,10.872802525149702,2,-0.42304405532972567,-0.5287572788301292,0.4251800154651242,0.3194667919647206
pair_606263d6,math_train,a,473,2.416850081135317,2.1016198879389645,5.695603644192844,4,0.6086874742580147,0.6401550798226142,0.22526817703318547,0.25673578259778507
pair_606263d6,math_train,h,496,2.8007510579742023,2.237690443934746,7.362725097031819,0,,,,
pair_61c6d911,math_train,a,307,2.88879415846691,2.2964306037821753,8.024963559398945,0,,,,
pair_61c6d911,math_train,h,715,3.2841260435228445,2.8110288841469955,8.0255075305362,3,-1.6112573729133886,-1.697269400492672,-0.9038385079624528,-0.9898505355417359
pair_62b6e279,math_test,a,106,2.417035492910457,2.274960021605406,5.048138160022801,1,-1.071767277919216,-1.0705676712215435,-0.0868330086663982,-0.0856334019687258
pair_62b6e279,math_test,h,71,3.1638604004760906,2.4954882657078814,7.32218013491351,0,,,,
pair_6357c298,amc_aime,a,75,4.799867828492024,3.623666066073561,14.402736922280246,0,,,,
pair_6357c298,amc_aime,h,265,4.095179565105119,3.068688692910491,13.92087550763289,0,,,,
pair_6369b437,math_test,a,239,4.037696046505623,2.798879910231471,14.58876198276588,2,-0.4973471437801602,-0.44744675080526664,-0.6299983987012756,-0.580098005726382
pair_6369b437,math_test,h,228,4.160969932028508,3.150220100277292,10.558071472682574,4,-1.5859859183408593,-1.5633722656336873,-0.9129235922861048,-0.8903099395789326
pair_659419e1,olympiads,a,927,2.3082386568776743,2.0953852661799552,5.8809318056015,20,-0.1454482096578572,-0.10438827795423744,-0.6522796530832531,-0.6112197213796333
pair_659419e1,olympiads,h,714,2.5884294281972253,2.5283371123804064,6.0171593202568765,3,-0.43945899230971114,-0.49576007606363226,-0.8051631179572363,-0.8614642017111575
pair_665c7b43,secondary_math,a,431,2.605774693748769,2.2841214140667545,6.2304021271771335,6,-0.21906205387334962,-0.2670873539996796,-0.5105030572081727,-0.5585283573345027
pair_665c7b43,secondary_math,h,255,3.4126360044963326,2.471826190443227,13.18398838460509,4,0.3316863628649953,0.3821851394527191,-0.006732752478253501,0.043766024109470336
pair_66b87803,cn_k12,a,996,2.496708831728805,2.2637582941841643,5.639468677343728,5,-0.058611716493955156,-0.05930005144222552,0.09294432367180798,0.09225598872353757
pair_66b87803,cn_k12,h,878,3.4978733395270516,2.4865301092462055,9.560784550091496,12,0.5914254689375115,0.610524855691131,0.1699142864526937,0.18901367320631327
pair_677749e1,math_train,a,220,3.0648844234324324,2.2686839164016708,8.141561258017104,2,-1.5055636131631018,-1.7222245327254997,-0.7201987357346089,-0.9368596552970068
pair_677749e1,math_train,h,221,3.07083390422758,2.249950584273902,8.043800553950254,2,-1.5717891217149873,-1.730436049946905,-0.758192840731201,-0.9168397689631187
pair_6801c12d,olympiads_ref,a,1122,2.710133791285532,2.3671553413539788,6.559692179873244,19,0.03191183553011085,0.022924212210289018,-0.03171093195456949,-0.040698555274391326
pair_6801c12d,olympiads_ref,h,924,3.0266742107662075,2.5222047672889296,7.289647894129947,12,-0.21590939391258976,-0.20532692184739476,0.008214690964011173,0.018797163029206143
pair_68e74a3f,cn_k12,a,289,2.431622056251761,2.0783957779277107,6.111403220934987,4,0.474420640276047,0.5966826608415707,-0.07682299144102411,0.0454390291244996
pair_68e74a3f,cn_k12,h,176,3.9287650349748646,3.008701346988155,9.151049514149106,0,,,,
pair_6920c5e4,secondary_math,a,1012,2.740542893194598,2.2276139802288424,6.60061341557919,32,0.0717192466920151,-0.05434108170137679,-0.45749511211894134,-0.5835554405123332
pair_6920c5e4,secondary_math,h,429,2.817131421811424,2.4956737944596483,6.125777848545528,8,0.15950657450094305,0.23533777648391094,0.28984856399374703,0.3656797659767149
pair_69286778,olympiads,a,291,3.493935503755381,2.6442042587593124,11.008510182682913,8,-0.018075029729010372,-0.0014365738883727608,-0.4368808659774352,-0.4202424101367976
pair_69286778,olympiads,h,335,3.736026650709155,2.870469749298277,11.261708439019515,8,-0.6382333048348758,-1.0157355710802143,-0.6898887804766202,-1.0673910467219587
pair_6ba505c0,cn_k12,a,1163,2.987895529360602,2.3476175535650334,8.147599240387576,33,-0.7313361918983539,-0.8312953324943135,-0.5574982718005427,-0.6574574123965026
pair_6ba505c0,cn_k12,h,1566,3.175455130317025,2.426663715452866,10.456191692095164,12,-0.500805979787081,-0.5384449709151354,-0.6085024221407903,-0.6461414132688447
pair_6bcfd203,math_train,a,135,2.484545687936981,2.5420074764855185,4.820207220462909,1,-0.5614896173132395,-0.6184987135309145,-1.0593894033599838,-1.1163984995776586
pair_6bcfd203,math_train,h,107,2.7430038091372824,2.8141839796675425,4.764980100851935,1,1.3339760649210617,1.421192020937561,0.9798779462790654,1.0670939022955648
pair_6d3a0d6c,math_test,a,113,2.7183256526628674,2.060653920697954,6.1607508140292335,2,0.6759654241245197,0.5840335175537241,0.9210823682833504,0.8291504617125549
pair_6d3a0d6c,math_test,h,183,2.8426742693083398,2.3249651302265613,6.1607508140292335,5,0.47360177408407134,-0.01643718685365302,0.47343548226265425,-0.016603478675070192
pair_6d779213,olympiads,a,1254,2.743355006486177,2.43191461565028,6.506280475343465,36,-0.2910431425602155,-0.3510439672329535,-0.25740583769303527,-0.3174066623657732
pair_6d779213,olympiads,h,453,3.655150412521282,2.8470795127898048,9.871291738349257,3,0.27410849392406283,0.2440225847769831,-0.7568327952914277,-0.7869187044385072
pair_6e98ad25,aops_forum,a,85,4.932290628296108,2.954505690327594,19.177733830359532,0,,,,
pair_6e98ad25,aops_forum,h,80,5.136993025036764,3.065324806891587,19.567062326672936,0,,,,
pair_7007ed35,math_train,a,108,2.6541701290748874,2.1927275771646757,6.887031426854267,2,-1.1311727268486707,-1.3611154305927504,-0.6101813804091387,-0.8401240841532185
pair_7007ed35,math_train,h,99,2.597891844924867,2.1795121445892724,6.533550040763963,0,,,,
pair_7187bdc5,amc_aime,a,428,3.5388461761607926,2.464603969348146,11.905936069361886,0,,,,
pair_7187bdc5,amc_aime,h,365,4.6232432005403385,3.380298911550432,16.015252296492918,0,,,,
pair_71cf0c00,olympiads,a,147,2.7617755597419333,2.483157864156645,5.381826209575998,0,,,,
pair_71cf0c00,olympiads,h,277,3.047792761099003,2.4978379863290425,7.699731542237525,0,,,,
pair_73bd6122,cn_k12,a,26,2.599853034483644,2.2786410378955697,5.91786562912761,0,,,,
pair_73bd6122,cn_k12,h,36,3.7426619662220477,2.7515089003341497,10.066328295150754,0,,,,
pair_7415487b,cn_k12,a,156,1.9404617495798324,1.5944918295209987,4.848830114897304,2,-0.25221304544807777,-0.18547737131761102,0.07802424522773599,0.14475991935820276
pair_7415487b,cn_k12,h,122,2.692462355211806,2.1149904986289276,6.160186934250982,0,,,,
pair_7580a01f,olympiads,a,549,2.3187317503080025,2.0207676147020672,5.2800466252907565,11,-0.7181032023797862,-0.8086747147822543,-0.592723575240235,-0.683295087642703
pair_7580a01f,olympiads,h,1123,3.2647339787438296,2.6822511183522657,9.418389703093847,7,-0.7980820706861947,-0.8172954888027187,-0.8125856247359405,-0.8317990428524643
pair_759606e4,math_train,a,162,2.934260385503223,2.4763718738859337,7.607846045845988,0,,,,
pair_759606e4,math_train,h,152,2.9396268854498735,2.4919450965894017,7.795528696890516,0,,,,
pair_76494dbd,olympiads,a,92,2.604710341018619,2.140452674749313,7.180590878164598,0,,,,
pair_76494dbd,olympiads,h,86,2.6184124869825296,2.187146012487121,7.049253016747268,0,,,,
pair_77658e38,cn_k12,a,299,2.143199480723651,1.988534516421234,5.16216042706673,6,-0.03788317881689721,-0.08698040170447872,-0.03833948012868723,-0.08743670301626873
pair_77658e38,cn_k12,h,70,2.626545572928768,2.3490953576495084,5.702161266499818,0,,,,
pair_78234522,olympiads_ref,a,886,2.3604461009284363,2.4067207147528955,4.5978840530972045,11,-0.15455441613085066,-0.15540362691640527,-0.161491463741667,-0.16234067452722162
pair_78234522,olympiads_ref,h,483,2.916403234275339,2.4345956140655747,6.435156150903489,0,,,,
pair_788625c0,olympiads,a,599,3.0264484136985383,2.5122702937170094,6.638731142402582,18,-0.054177298064440826,0.04657864307962242,0.07434986789901944,0.17510580904308265
pair_788625c0,olympiads,h,1690,3.226324396724686,2.7031372749039693,8.582764015139215,9,-0.3635976759433337,-0.3795671339967841,-0.5430649125437527,-0.5590343705972031
pair_7a30a024,olympiads,a,249,2.7866560951359176,2.302914613817842,6.021806693345197,3,-0.3086945402489541,-0.4160975522221571,-0.11855158740244136,-0.22595459937564435
pair_7a30a024,olympiads,h,134,2.8909783039437182,2.2249651304901668,6.176837196682212,1,-1.5945379783795728,-1.4958356314669892,-0.8683719084694022,-0.7696695615568185
pair_7a9abe33,amc_aime,a,116,3.2472260561242323,2.5484994013516955,6.80650832672388,2,0.22173038311118543,0.3918718761045149,0.8606564925773585,1.030797985570688
pair_7a9abe33,amc_aime,h,104,4.2369305331042515,3.392715790931526,10.74235888971135,0,,,,
pair_7b0b98d6,cn_k12,a,360,2.175952120989541,2.197577913375669,5.350699346970952,7,-0.12220985214789921,-0.15140927210782756,0.14151676674891606,0.11231734678898768
pair_7b0b98d6,cn_k12,h,314,2.771415394448506,2.5105206544125527,7.9765947539215984,2,1.3661183181716767,1.339936404258292,-0.47511867563792864,-0.5013005895513134
pair_7b176d5c,math_test,a,920,2.839720103675862,2.372847821878113,7.197294269646377,23,0.13261237149697824,0.10575275133319996,-0.00019994780884078646,-0.027059567972619027
pair_7b176d5c,math_test,h,660,4.0253409960858075,2.9294039366240097,11.900612969422875,8,-0.0669621507140189,-0.10992069825033346,0.22881467513779274,0.18585612760147807
pair_7cb6be3d,olympiads,a,665,2.596842381366443,2.1592730393798845,5.276421680586665,14,-0.1567107002695343,-0.16292467276340825,-0.20011036321691583,-0.20632433571078995
pair_7cb6be3d,olympiads,h,300,3.2801061006636267,2.3578046292408654,11.763945573654048,4,-0.6553134161914689,-0.7002914256605806,-1.1337420478918645,-1.1787200573609764
pair_7f6de6ca,number_theory,a,105,3.173009069145889,2.58894631207171,6.533635741838427,2,-1.3678549111078846,-1.82332830004131,-1.5044110041859555,-1.959884393119381
pair_7f6de6ca,number_theory,h,165,4.461365716065687,2.9551912268287768,13.828405196851175,2,-1.1609386449629118,-1.420332147276112,0.9432674189039143,0.6838739165907144
pair_7fda4fb2,olympiads,a,224,4.6390873339054925,2.757489211362776,16.04662240323713,4,0.5391562669369467,1.2323454587468898,3.200525616470716,3.8937148082806594
pair_7fda4fb2,olympiads,h,475,5.521775237434707,3.3332114025840305,15.98867411962532,2,2.5513388337994325,2.5725893357973737,3.206020782264198,3.227271284262139
pair_807fa532,olympiads,a,259,2.0635258851226275,2.013526047793567,4.751223520146955,1,-0.4514546969754276,-0.4023921491042199,-0.27497688132425413,-0.2259143334530464
pair_807fa532,olympiads,h,291,2.922342621984122,2.3429732549255875,7.987013237562228,3,0.30809871808642875,0.4772492693913013,1.5936959924381007,1.7628465437429732
pair_80de1ec1,cn_k12,a,242,2.412080890284803,1.7083725691935068,5.923489611911462,2,-1.0818813126122044,-1.0451231515663928,-0.5354981098441063,-0.49873994879829464
pair_80de1ec1,cn_k12,h,180,2.7028515908006217,2.3050869142965595,5.984602746619046,0,,,,
pair_80fc276c,olympiads,a,292,2.203341832553254,2.376076004839991,4.788784754811428,3,0.00861748284744257,0.025776603777667672,-0.042377672307088186,-0.025218551376863085
pair_80fc276c,olympiads,h,187,2.978076382427305,2.483157864156645,7.23526032595406,0,,,,
pair_81db3cca,cn_k12,a,268,2.3242150029441264,2.0557526529722523,5.1084167416589965,6,1.5050406188017955,1.7557741052073197,0.5397994658083534,0.7905329522138774
pair_81db3cca,cn_k12,h,187,2.770050095559281,2.3791361515256098,6.870701333047621,0,,,,
pair_81dfa8e6,aops_forum,a,650,2.6260746048967114,2.2627831769846245,6.255644572220216,9,0.28514550549782214,0.2826572354216562,-0.10664859282328606,-0.10913686289945201
pair_81dfa8e6,aops_forum,h,406,3.3229184753477,2.542939447351282,9.54158684307863,4,-0.35274389674916823,-0.3504552258917922,-0.343902251512224,-0.3416135806548479
pair_82f26bd9,amc_aime,a,114,2.978185366803369,2.7350001691450263,6.1854280683693155,0,,,,
pair_82f26bd9,amc_aime,h,155,3.3444150042160183,2.746486878562277,7.467168399530755,0,,,,
pair_842aefbb,number_theory,a,100,7.361235284786222,6.265389180873836,19.029280944841098,0,,,,
pair_842aefbb,number_theory,h,96,8.12457150670196,6.809307708878674,19.452841416848173,0,,,,
pair_84334dbe,olympiads,a,325,2.294682523539549,1.8591348951019424,6.535528465685482,0,,,,
pair_84334dbe,olympiads,h,221,2.8110103651470455,2.2757750407325017,6.957301707232197,0,,,,
pair_87179bc6,math_test,a,184,2.045488699246948,1.6096576780544352,4.704958271503182,1,0.38737087642961754,0.3613461354164233,0.11083200533387938,0.08480726432068515
pair_87179bc6,math_test,h,82,2.3394208252112962,1.8343913946002148,5.603590033019192,0,,,,
pair_877062a7,math_train,a,412,2.105319805769289,1.8237675107178024,4.674585642146344,10,-0.2541883931983874,-0.2931280619174419,-0.07290028292732065,-0.11183995164637528
pair_877062a7,math_train,h,265,3.4929825832200887,2.404540036566563,10.667783434036417,1,-0.9217356349934471,-0.9116745561640396,1.742202820657381,1.7522638994867885
pair_8793031c,olympiads,a,1473,2.454640164398097,2.2757750407325017,5.405839392800965,15,0.36601058276882015,0.40421122365059353,0.5139921205253731,0.5521927614071466
pair_8793031c,olympiads,h,2027,2.5660915930629518,2.350651080048083,5.532561689201754,20,0.22351882773967344,0.21712068351484293,0.11200521783173274,0.10560707360690222
pair_87ba057a,olympiads_ref,a,77,3.0500274532134006,3.020869626033539,7.168643938518331,0,,,,
pair_87ba057a,olympiads_ref,h,157,3.5837084239469226,3.059054031579308,8.461611950928067,2,0.6653187877076494,0.8748239238030673,2.0426524903574217,2.2521576264528393
pair_87d2dbfe,math_test,a,140,2.8379031710515945,1.9734212842498229,8.998932033160708,0,,,,
pair_87d2dbfe,math_test,h,174,4.228926231873731,3.48632860991818,12.895592208468589,0,,,,
pair_88838551,amc_aime,a,134,3.220024669948042,2.462030820032921,9.55203191525449,0,,,,
pair_88838551,amc_aime,h,159,4.031259223479683,2.939745924550042,12.224719242555203,1,-2.1487247906359297,-2.267990599758385,-1.8719865756481626,-1.9912523847706176
pair_8956508b,math_test,a,70,2.4281474581780427,2.287238671908492,5.063950746993852,1,0.2259394984996952,0.5440705040508585,0.40977577131001475,0.7279067768611781
pair_8956508b,math_test,h,71,3.4702188118629387,2.4290021212581343,11.19522025305595,0,,,,
pair_896a11b6,olympiads_ref,a,312,3.3892320882284426,3.0509619384480304,9.211952219825793,0,,,,
pair_896a11b6,olympiads_ref,h,1126,3.729508747464173,2.8510200261236593,11.159553814904244,6,-1.003408730304271,-1.103658624767908,-0.24164953578916593,-0.3418994302528031
pair_8a45bd25,cn_contest,a,746,3.1654008432872325,2.4187260823190564,9.77037688064478,14,-0.5901252168014983,-0.709382242327902,-0.6638802135876437,-0.7831372391140473
pair_8a45bd25,cn_contest,h,1481,3.1549671575293514,2.4150130405881023,10.086894502736447,42,0.17394633343490937,0.08532806159352498,0.15968980565283464,0.07107153381145018
pair_8a465ac4,olympiads,a,192,4.730891586472345,2.8231416256371045,15.975415103596175,5,-1.103915045916839,-2.0252008140277913,1.5495961390439137,0.6283103709329614
pair_8a465ac4,olympiads,h,104,5.341226836570058,3.2731382075053608,15.36927930002586,0,,,,
pair_8d6d2aa2,olympiads_ref,a,305,2.907948519024457,2.6006248120554325,6.206863890873153,1,-3.8416333416788113,-3.8674561923896853,-3.2746477575391353,-3.3004706082500093
pair_8d6d2aa2,olympiads_ref,h,670,3.1950840966670024,2.7214643078266594,7.707203957780833,9,-0.256468764989889,-0.2210306705266406,-0.46564897674165984,-0.43021088227841153
pair_8e82b67b,amc_aime,a,208,2.3814567391444976,2.134473854880291,5.670428497393114,3,0.42297541722775606,0.4841224889245133,0.14650390353780765,0.2076509752345649
pair_8e82b67b,amc_aime,h,178,3.3493767134871555,2.5273875179673673,10.454422877579162,0,,,,
pair_915d7da0,math_train,a,187,2.6667142704239657,2.3973207636574987,5.960443588529603,2,0.13591344308311892,0.2615452794916756,0.44346454958803483,0.5690963859965915
pair_915d7da0,math_train,h,92,2.8219380641371,2.4162318073626543,6.613419882828022,0,,,,
pair_919a0d3c,number_theory,a,163,5.409460313532519,4.142725973158032,14.607462321893136,0,,,,
pair_919a0d3c,number_theory,h,146,5.893834503290923,4.752855685423538,14.612047586418498,0,,,,
pair_92daf189,inequalities,a,398,2.3355299550040862,2.115629365961971,4.723465357561108,4,0.025473792513262927,-0.010199823090735319,0.23711327851855474,0.20143966291455645
pair_92daf189,inequalities,h,553,2.4561063234889837,2.2551356421049253,5.713547301155635,8,0.3443729626543772,0.29380829177137907,0.26913526954635003,0.21857059866335185
pair_95cc16d3,math_train,a,128,2.043085911100634,1.550328872511236,5.424409674060739,0,,,,
pair_95cc16d3,math_train,h,72,2.4598322275767925,2.030261373421126,6.009678232335298,0,,,,
pair_95ff000b,olympiads,a,477,2.433633390305244,2.3429732549255875,5.717596563389982,5,0.43347711597099786,0.44708240972201574,0.3263135771655931,0.33991887091661116
pair_95ff000b,olympiads,h,868,2.378953200496192,2.3429732549255875,5.59760964940956,7,-0.004286071349145081,0.0040189932769226595,0.16640893369018658,0.17471399831625437
pair_965e479d,olympiads_ref,a,663,2.7722156571948013,2.440598181993859,7.322668369053999,10,0.08403331441100104,0.14959721963489508,-0.11584127725352777,-0.05027737202963378
pair_965e479d,olympiads_ref,h,674,3.9588764498407727,2.8084299193463016,13.407624998810697,10,0.345782961841239,0.5011889881975229,0.7538715698211921,0.9092775961774763
pair_98273f65,olympiads,a,951,2.595194281677927,2.4012052193283915,6.303076812728077,14,-0.05727797394928386,-0.0659954662336534,0.19066279085219362,0.18194529856782404
pair_98273f65,olympiads,h,496,3.0687096765033757,2.4994866332952967,7.296717385904072,2,2.6717934765313185,2.665369244887458,0.04328358301140689,0.03685935136754634
pair_99ea5bb6,math_train,a,571,2.4228340821142957,2.2729722747070413,4.922394722349493,10,0.08151108417261232,0.011916803587894653,-0.008336816860273388,-0.07793109744499105
pair_99ea5bb6,math_train,h,468,3.2520186250907694,2.641359593950639,8.269171382917637,2,1.1650864460512638,1.1314224179590693,1.2638303135213507,1.2301662854291562
pair_99eea8ae,math_test,a,102,3.793739956351124,3.1516826304499723,9.444146012252425,1,0.5040297328263996,1.095605708049427,3.4150962260437643,4.006672201266792
pair_99eea8ae,math_test,h,88,3.652494481362521,3.153145160622653,8.3113021254564,1,0.5620977912845011,1.3179898472399862,5.161003325326364,5.916895381281849
pair_9a76e23c,cn_contest,a,1677,2.182045496282202,2.108679198796078,4.227754264027815,31,0.21866004632664277,0.26210448413615606,0.34397408922810696,0.3874185270376203
pair_9a76e23c,cn_contest,h,1280,2.297053471872915,2.2045223298558616,4.351580655363048,21,0.4152764028652357,0.4677315366570741,0.5132110248989067,0.5656661586907449
pair_9a84ead7,math_test,a,127,2.692769715214927,2.0583977979373307,5.93691167201589,0,,,,
pair_9a84ead7,math_test,h,158,3.324808992108232,2.427907003646169,8.659750384050202,0,,,,
pair_9af28884,math_train,a,108,2.6311192921880524,2.2070054782562094,6.287363500819929,0,,,,
pair_9af28884,math_train,h,136,3.156688930615154,2.5630094758952584,8.42796147545723,1,2.1158201110318196,2.2230996995111547,3.2161964315151588,3.323476019994494
pair_9b461a0f,math_test,a,251,3.9836627068503137,2.914488612435262,10.893388359031686,4,-0.35908928592377315,-0.5357716034297406,-0.09348544518963947,-0.270167762695607
pair_9b461a0f,math_test,h,400,5.434184454710906,3.9362431812096115,17.540827309667385,2,-3.9295683312775584,-4.052895625134813,-2.2544460156060535,-2.3777733094633073
pair_9d3572bb,amc_aime,a,191,3.166854333119512,2.508945904549492,7.607760820514427,2,1.036948997083288,0.9385992605058571,0.6299472377753884,0.5315975011979576
pair_9d3572bb,amc_aime,h,73,4.224521643794175,3.117938635346396,17.954208619806955,0,,,,
pair_9d50620a,math_test,a,434,2.247798247834238,2.2674126321392527,4.652085511575183,10,-0.6282492131776931,-0.703077967430257,-0.25548483111051423,-0.33031358536307803
pair_9d50620a,math_test,h,491,2.5923158144124105,2.480060322241827,5.708762873516438,7,-0.22740534416379513,-0.17477678251186005,0.3225803874537524,0.3752089491056875
pair_9effdc53,cn_k12,a,146,2.5887382192878823,2.442165789154564,5.8752983335927516,2,-0.07556279284702838,0.09665921320960014,-0.10032784865925337,0.07189415739737515
pair_9effdc53,cn_k12,h,109,2.758467639646205,2.285946202440653,7.04189864365991,0,,,,
pair_9f0d7c77,amc_aime,a,218,3.136283237127642,2.3938281467167073,7.448946333862555,4,0.7274345064187983,1.1775856254061152,1.6831348187962694,2.133285937783586
pair_9f0d7c77,amc_aime,h,222,3.6234642527647853,2.5334152368465075,11.966799963602066,1,-1.3300064765399608,-1.2290292239913345,-2.1168047258644114,-2.015827473315785
pair_a0095248,math_test,a,577,2.1639577727344115,2.0645038190262777,4.423177718216684,14,0.5201297246388987,0.5240041677219013,0.02502946564073402,0.028903908723736462
pair_a0095248,math_test,h,287,3.0444050578910944,2.480060322241827,8.405340928878124,3,2.34171743474768,2.5016099781005594,1.6294129617249753,1.789305505077855
pair_a00e8681,olympiads,a,364,2.8103187021575255,2.4594753152205833,7.306881733783066,6,0.045892387931421884,0.03932840304920468,1.0518799829718035,1.0453159980895863
pair_a00e8681,olympiads,h,485,2.8975935078932746,2.5122702937170094,7.5247315352677155,5,-0.9238763438381833,-0.9546583485330993,-0.8337144653205858,-0.8644964700155017
pair_a10926bc,math_test,a,95,2.4068206994943764,2.448387867687868,4.625935365883321,1,-1.6778604875307646,-1.7177663770024802,-1.1099722632006919,-1.1498781526724076
pair_a10926bc,math_test,h,58,2.714336146953462,2.6319250026848082,5.375353841132218,0,,,,
pair_a302a9d8,math_train,a,139,2.471113426722906,2.2572417345908637,5.482200233172942,1,-0.4691266891359709,-0.5752477144921393,0.36989712325044444,0.263776097894276
pair_a302a9d8,math_train,h,92,3.1592243619245473,2.400930400112031,8.107901493317986,0,,,,
pair_a3b6f8e9,aops_forum,a,357,2.195058767685524,1.7997711519213893,5.684380210329454,3,0.21635444821270303,0.18422316122819019,0.25455528589282245,0.22242399890830963
pair_a3b6f8e9,aops_forum,h,157,2.287907345550266,2.3876653027640384,4.760787882814637,5,-0.36755874907728014,-0.41758790412904856,0.2626978637556186,0.21266870870385013
pair_a41e71a8,cn_k12,a,592,2.3547374631880293,1.803491300501313,5.721871734042317,21,-0.30011013699165623,-0.26436331884039,-0.12026371649823406,-0.08451689834696773
pair_a41e71a8,cn_k12,h,175,2.9658483045911628,2.122699389547378,7.559596096833493,0,,,,
pair_a57e4b7b,olympiads,a,496,3.4153198609524344,3.0543008114256565,8.563880785518894,12,-1.2479438294372394,-1.3126984351167852,-0.2574803748629298,-0.32223498054247557
pair_a57e4b7b,olympiads,h,114,4.00792560846722,3.534413471982272,10.597552068964157,1,-3.696314967549181,-4.1849979570272655,-3.2282077182192106,-3.716890707697295
pair_aa25e669,olympiads,a,448,3.34970252443669,2.2454440468316417,11.226144573634327,9,0.008977667683464998,-0.11227351009698847,0.505396898856621,0.38414572107616757
pair_aa25e669,olympiads,h,170,3.7742139693809644,2.9026071241053635,10.836679806872604,0,,,,
pair_ab0f093e,amc_aime,a,151,3.897173866759196,2.539453135308875,13.209887459539518,2,-1.0065195861865308,-0.8816737057896629,-1.8799613631165186,-1.7551154827196507
pair_ab0f093e,amc_aime,h,287,4.6189795921166805,3.8810743314112215,14.076927617217754,1,0.734478052158428,0.7382524142552935,2.2738327444073505,2.2776071065042163
pair_acbd062f,math_train,a,265,2.210352286826629,2.246439242647274,4.199363886531489,5,-0.31973153605084736,-0.40072867316858113,-0.24623543240455983,-0.3272325695222936
pair_acbd062f,math_train,h,155,2.4488415259745175,2.3748477711783904,4.374604684390161,1,-0.20294119641911212,-0.21818986526714607,-0.27315338966864866,-0.2884020585166826
pair_ad39313c,aops_forum,a,118,3.0561339473054883,2.428402515544437,10.933676572495393,0,,,,
pair_ad39313c,aops_forum,h,110,3.2678650741509103,2.561551329636346,12.584617172996381,0,,,,
pair_ae900f0c,olympiads_ref,a,141,2.9877735925110067,2.5751514516540257,6.382255416159739,1,-2.91262793472802,-3.0938389542896987,-2.0168199721954467,-2.1980309917571255
pair_ae900f0c,olympiads_ref,h,179,3.0857997362146325,2.6253206573696577,6.793985183404943,0,,,,
pair_ae9ff2a1,olympiads_ref,a,308,1.878657236721812,1.637336694262555,4.70388556640677,0,,,,
pair_ae9ff2a1,olympiads_ref,h,583,2.410282474390439,2.2126913148481315,5.631853419697768,7,-0.5206548903591804,-0.48582614152076775,-0.2614987158225448,-0.22666996698413217
pair_af58b0a0,cn_k12,a,259,2.662365882474384,2.3791361515256098,5.690989159068862,7,-0.0885094387643491,-0.06359557062267436,-0.27444328648315225,-0.24952941834147754
pair_af58b0a0,cn_k12,h,122,3.1334613338777113,2.42277187715489,9.599377238951698,2,-0.20015633823582912,-0.3296656498710685,-0.5150380102022432,-0.6445473218374826
pair_b0ad8896,math_train,a,754,2.6729860441779847,2.278714669304126,6.6168226428863415,15,-0.048312191432974314,-0.1342809469210521,-0.43345881277012593,-0.5194275682582036
pair_b0ad8896,math_train,h,1013,3.3707521174218846,2.54349968558731,10.251363255911633,9,0.76780717978926,0.7585014730772784,0.2128107191691833,0.20350501245720157
pair_b1a1594e,cn_contest,a,684,2.94268533609752,2.478051728835399,7.338868435889514,6,0.4759397392308858,0.5350803704533429,0.6741175175965095,0.7332581488189663
pair_b1a1594e,cn_contest,h,700,3.278628659532585,2.5792430213139923,9.731899201732686,1,2.5194780305002666,2.5439406477070197,3.997524298689407,4.02198691589616
pair_b21abbab,olympiads,a,406,2.682074271286185,2.2757750407325017,6.978528508464546,10,-0.020555388917142724,0.10947776936803821,0.17525238767193413,0.30528554595711505
pair_b21abbab,olympiads,h,184,3.433606010854392,2.4899122632406554,10.325935440978514,1,-2.0562539840585696,-2.1175741125765617,-2.410163172378211,-2.471483300896203
pair_b39511ce,olympiads,a,131,2.49393415403756,2.218399246180256,7.4222906718786135,0,,,,
pair_b39511ce,olympiads,h,414,2.5620286448017855,2.2693300377919154,5.676651048898083,9,-0.3930153635393242,-0.4060848774941578,0.342563897055034,0.32949438310020035
pair_b40cb2db,math_test,a,97,2.547249561152911,2.448387867687868,5.168412217334643,2,1.0676858620270115,0.8683126160887237,0.9216554251835908,0.7222821792453028
pair_b40cb2db,math_test,h,153,2.717159280928655,2.4814432580783987,5.662322659214627,3,-0.005009447940037326,-0.16954009347499244,-0.057746988192552674,-0.22227763372750778
pair_b4b63346,olympiads,a,554,4.201117724904573,3.2373623184396307,12.358238603490156,10,-0.4859236599625632,-0.40013889990393,0.4692371905309143,0.5550219505895476
pair_b4b63346,olympiads,h,483,4.584263637696215,3.404700922762166,13.465500026978573,7,1.1546333593407268,1.1762850186137699,0.003055199029790107,0.024706858302833305
pair_b4b897fd,amc_aime,a,202,2.5430671919185075,2.300600409198392,5.322281725618269,3,0.3032226586834521,0.3975419782596019,0.5407572245979893,0.6350765441741391
pair_b4b897fd,amc_aime,h,180,2.995786942722996,2.939745924550042,7.068001025073748,0,,,,
pair_b4d61cac,olympiads,a,706,2.1183077940761152,1.9873576992572832,4.775560699961578,15,0.0440106943957471,0.04788646833913305,-0.1330910570128182,-0.12921528306943222
pair_b4d61cac,olympiads,h,407,2.3749584311222227,2.1518266151097927,5.951765976906582,6,-0.45879098151281905,-0.45346802401487624,-0.2542667257671231,-0.24894376826918033
pair_b5dab1a1,amc_aime,a,273,4.843882839350585,3.424370634149257,14.75445396458153,2,2.5422247675171197,2.695133035708741,-0.6370001799035561,-0.48409191171193466
pair_b5dab1a1,amc_aime,h,297,5.546206085471709,4.05925228972007,14.928740157959483,2,-1.1794693286397409,-1.2360252737082096,1.895907446197664,1.8393515011291957
pair_b7bb3d8e,math_test,a,98,5.886480983311076,3.5184209748563635,19.77374386166519,0,,,,
pair_b7bb3d8e,math_test,h,93,5.904593270903554,3.4805635127855243,19.57987461037327,0,,,,
pair_b94f69f4,math_train,a,235,2.752282711881579,2.46850018861743,6.496883621859544,4,0.6119600226921024,0.8104393589511487,1.0902739556491239,1.2887532919081703
pair_b94f69f4,math_train,h,103,2.9185336442923226,2.5389692660446066,6.836949478006802,1,0.5409440490964521,0.6734438117256115,1.8680243373157646,2.000524099944924
pair_b9bbcc78,number_theory,a,516,2.445931455973346,2.061328646212897,6.183036705200568,14,0.49417096311798747,0.45278662570487244,-0.0411781274597826,-0.08256246487289763
pair_b9bbcc78,number_theory,h,292,3.4762582959269,2.515249821894283,13.696179776944389,0,,,,
pair_ba39d0a3,math_train,a,278,2.350953734537171,1.797885465965206,5.330088889901944,5,-0.04835329920786204,-0.07440025918504474,-0.044179125580549,-0.07022608555773172
pair_ba39d0a3,math_train,h,550,3.262521777367934,2.9530991216692666,8.190261027060679,0,,,,
pair_babc83eb,olympiads,a,505,2.2124396787744476,2.186805154231551,4.483354377199832,9,0.4707921552056761,0.5505430216137515,0.5624210459279849,0.6421719123360601
pair_babc83eb,olympiads,h,280,2.9799110958140798,2.483157864156645,6.4273272466975895,5,1.1485333094652033,1.3255537139570537,1.5597894062229967,1.7368098107148469
pair_bb5a8572,olympiads,a,341,2.439494378928289,2.0953852661799552,4.960487627417871,7,0.012465560473277895,-0.04835623505825174,0.015117513291227283,-0.04570428224030237
pair_bb5a8572,olympiads,h,570,4.252959921324506,3.294824540376505,12.591709613878383,3,0.6048696252786324,0.6536158968806448,1.8910381514562467,1.939784423058259
pair_bc3e9c75,cn_k12,a,582,2.912736834392927,2.2766023911981312,7.1519293639577874,18,0.3491652371015765,0.4207642301265839,0.223329622645674,0.2949286156706814
pair_bc3e9c75,cn_k12,h,164,4.378564436883333,3.190173106666599,12.847057960334162,1,0.31616608943224733,0.32756140674414463,0.4639618501444547,0.475357167456352
pair_bd329034,olympiads,a,1200,3.0712974525735905,2.4976997112510215,7.361912232042528,30,0.35325722236380525,0.489936264713072,0.7170412566357414,0.8537202989850082
pair_bd329034,olympiads,h,1202,3.161526436036164,2.5449624461615645,7.361912232042528,30,0.481850501410505,0.6230993544433172,0.6877896939476149,0.8290385469804272
pair_bde52c9a,math_train,a,178,2.6037553532805653,2.571283886187076,6.646709933440989,5,0.2878347489507992,0.28895444254357383,1.1557286417758774,1.156848335368652
pair_bde52c9a,math_train,h,110,2.748148679612575,2.590015765822369,6.312133135166911,1,-0.6913013493159501,-0.6656614735894254,0.20930084128779658,0.23494071701432126
pair_bf349feb,math_train,a,267,3.29720784523726,2.244607522075108,13.92084602104348,5,-1.0934190609714534,-1.1642535823033313,0.3935849928392366,0.32275047150735864
pair_bf349feb,math_train,h,103,3.7417326517979816,2.772171439973073,10.26199005210558,0,,,,
pair_bf40e969,amc_aime,a,444,2.9336720696350453,2.3291481565133676,6.157814992878959,10,0.22950914696047695,0.2944140620500459,0.8186948854078023,0.8835998004973714
pair_bf40e969,amc_aime,h,151,3.8299432981401846,3.0177793045204977,13.353368050748536,0,,,,
pair_bf419b23,math_train,a,47,5.102418128837942,3.8769142161248946,17.418993525056866,0,,,,
pair_bf419b23,math_train,h,70,4.501392396696119,3.607487854828936,14.587630643393512,0,,,,
pair_bf476baa,inequalities,a,292,2.2688509830704398,2.371602069180618,4.698226401993246,3,-0.8321010335992997,-0.8706714722083834,-0.38533069973260253,-0.42390113834168647
pair_bf476baa,inequalities,h,256,2.391054503837339,2.371602069180618,5.405548307923433,0,,,,
pair_bfdd51b8,olympiads_ref,a,879,2.3442549888197712,2.2429294226457053,5.151819820396817,10,-0.4946403265368501,-0.45266890496259116,0.028833527131484037,0.07080494870574286
pair_bfdd51b8,olympiads_ref,h,369,3.589779758243117,2.9286612785851824,8.768436571341281,0,,,,
pair_c021c917,number_theory,a,123,4.823308935380632,3.8957118821421113,11.79881870437121,0,,,,
pair_c021c917,number_theory,h,115,4.996450299203626,3.8957118821421113,11.992761686468752,0,,,,
pair_c0d3928e,cn_k12,a,991,3.435581411438396,2.285946202440653,13.610478670468023,21,0.6108665057375974,1.0301444871104937,1.1437663563985092,1.5630443377714054
pair_c0d3928e,cn_k12,h,115,3.9776849037735085,2.4576678628562627,15.323188162729245,2,0.6745873590461677,1.0348571497034103,0.9821453174502133,1.3424151081074558
pair_c287c8cc,olympiads,a,633,3.3075982571342695,2.6636932269875686,9.958320297321858,7,-0.4182180670613108,-0.5502533429725059,-1.3983968750198377,-1.5304321509310326
pair_c287c8cc,olympiads,h,444,3.3341939340262225,2.6636932269875686,9.993207556322298,5,-2.0597444290429423,-2.21931212824087,-2.256601153096578,-2.4161688522945055
pair_c3b332ce,aops_forum,a,128,2.913244434320983,2.579763330350888,7.5875200148372395,0,,,,
pair_c3b332ce,aops_forum,h,88,3.5291638538044854,3.0608008004807146,8.23228638355008,0,,,,
pair_c4fe0db7,olympiads,a,765,2.2019474784646595,2.090619713024427,4.894042446524595,12,0.013992539610367912,0.07204032361265829,0.214378572030832,0.2724263560331224
pair_c4fe0db7,olympiads,h,334,2.5138866173373504,2.3429732549255875,6.222201269483745,4,1.7139297260229833,1.7742792485141967,1.9761753487240428,2.0365248712152564
pair_c5fb8da2,math_train,a,252,5.203077937296112,2.952691995804763,16.880165400534057,3,0.9348165869082395,1.7161544874307957,4.785120874574855,5.566458775097412
pair_c5fb8da2,math_train,h,122,6.920660327864379,4.027292788769886,20.334102928894477,0,,,,
pair_c7a11f6b,math_train,a,110,2.7515095121030457,2.4742196303906683,5.215893309385712,0,,,,
pair_c7a11f6b,math_train,h,120,2.846310874082254,2.4930856722828207,5.623676879062406,0,,,,
pair_c84a0169,olympiads,a,241,3.3406238811714446,2.570900279594548,10.125104232641448,5,-1.0618503179083714,-1.211039027202402,-0.8401212702644699,-0.9893099795585009
pair_c84a0169,olympiads,h,178,4.188503379131919,3.1977779080877777,10.303806964315868,4,0.8851492506604156,0.9098393811505553,0.863547689228406,0.8882378197185457
pair_c8cf6c63,olympiads_ref,a,120,2.916745040203736,2.4368103892626145,5.179069712387827,0,,,,
pair_c8cf6c63,olympiads_ref,h,651,3.6178743292009643,2.6937656749130383,11.690221089341435,3,-1.130335900863536,-1.1157735619548153,-0.05458353989476598,-0.040021200986045
pair_c9acf82e,inequalities,a,911,2.7092814608333633,2.411381211293653,5.9418162614588,19,-0.028913738384724757,-0.025579141203084004,0.08022377981081748,0.08355837699245823
pair_c9acf82e,inequalities,h,413,2.5197472721605285,2.411381211293653,5.169451765147504,0,,,,
pair_cb3b726a,math_test,a,96,2.1250528505970627,1.912093741222956,5.52099304992849,1,0.1729717189284301,0.08101312232540127,-0.5051172499553678,-0.5970758465583966
pair_cb3b726a,math_test,h,84,2.3510227006199176,2.0038219826344648,5.8902165078024185,0,,,,
pair_cc4ae138,olympiads,a,536,3.889908538585602,2.9653012809317936,12.941411183617305,8,-1.4670544766475184,-1.607162733366501,-1.2183727743577322,-1.358481031076715
pair_cc4ae138,olympiads,h,1104,4.804921861182618,3.6007125469222627,13.996268584878033,14,0.32458871791652477,0.20868454884722532,-0.36330683451123535,-0.4792110035805347
pair_cc98e98a,math_train,a,382,3.3097160388947082,2.4355815225590236,10.249949772837942,8,-0.6582267147463606,-0.8240705128375055,-0.7225649537292386,-0.8884087518203837
pair_cc98e98a,math_train,h,617,4.231009081497491,2.756550959229642,13.983802537865598,12,1.298447163932047,1.4827146089567638,1.5103510418492563,1.694618486873973
pair_ce95c511,aops_forum,a,304,2.180924379548568,1.7107970540987305,6.815513772050465,3,-0.19657551397749864,-0.16681892841865587,0.09400295117554003,0.12375953673438288
pair_ce95c511,aops_forum,h,166,2.227295951479887,1.7107970540987305,6.714356308396365,0,,,,
pair_cffa85ea,olympiads,a,431,2.5868632594315555,2.341403675916125,5.361140504899174,9,0.5396059392668678,0.5730086903490069,-0.03602675297659151,-0.0026240018944523233
pair_cffa85ea,olympiads,h,378,3.0363520209511887,2.6442042587593124,6.992012698074995,2,-0.11394228693671504,-0.11632897856504054,-0.518677611889343,-0.5210643035176685
pair_d020f221,olympiads,a,222,4.743414767151977,4.039487803878326,11.152011017237786,0,,,,
pair_d020f221,olympiads,h,207,5.423145163877304,4.120533715628572,14.270379159454418,0,,,,
pair_d0c1af2e,amc_aime,a,287,4.435613926561901,3.3765818222005284,12.832976288955045,5,-0.6844528832021108,-0.6141757839824307,-0.7957458925013288,-0.7254687932816488
pair_d0c1af2e,amc_aime,h,212,4.8749174224664875,3.5629111294781173,12.877314353563708,0,,,,
pair_d2343074,aops_forum,a,268,2.343287400646549,2.3876653027640384,5.16612246163847,0,,,,
pair_d2343074,aops_forum,h,199,2.517775510081099,2.3876653027640384,5.637991846178214,0,,,,
pair_d339e847,olympiads,a,445,2.676852100104631,2.3240303608882504,5.939223746861018,10,-0.14900357664303215,-0.3553251091221114,-0.31919883306132685,-0.525520365540406
pair_d339e847,olympiads,h,239,3.6150901517469674,2.621268732154429,11.743647123825944,3,1.6137761039136347,1.7495234588524122,0.5738854016469953,0.7096327565857731
pair_d43fae54,olympiads,a,115,2.1436445534546356,2.171321718171649,4.767266081343035,3,-0.056231487770204515,-0.22515842316582926,0.13872750683089508,-0.03019942856472967
pair_d43fae54,olympiads,h,88,2.144278432302009,2.223548379452075,4.614266780691062,2,-0.15484631477125022,-0.3007396379917413,0.32383334750071613,0.1779400242802251
pair_d71a4f84,math_train,a,398,2.661695541589268,2.3298191472077385,6.719762333305672,8,-0.24400815475740317,-0.32765665757670054,-1.0121601935530888,-1.0958086963723863
pair_d71a4f84,math_train,h,169,2.2757211831911324,2.0751143859692784,5.559287711749382,2,-0.18873327166311893,-0.1753019377118562,-0.31346322932115944,-0.3000318953698967
pair_d72cfd93,olympiads,a,861,3.526289711295871,2.856815448085635,10.10679545201633,23,-0.06730701105521135,0.021022768311639514,0.2582417528514735,0.3465715322183243
pair_d72cfd93,olympiads,h,353,4.569292916901006,3.573456306977896,10.56557853911608,0,,,,
pair_d746cf8d,aops_forum,a,613,2.3446184382776325,2.195039684450945,5.369953564107856,12,-0.2665667116837637,-0.32567421177123496,-0.6676012169409532,-0.7267087170284244
pair_d746cf8d,aops_forum,h,2060,2.931045114068557,2.5500445119653485,6.351761043388305,10,0.8794025135899137,0.9201013876636386,0.4636450892638441,0.5043439633375693
pair_d869cc1a,math_test,a,123,2.843999931710346,2.411546611509163,6.433875825266169,0,,,,
pair_d869cc1a,math_test,h,122,2.8604313777528687,2.42873740099812,6.441149981428177,0,,,,
pair_d92632b4,aops_forum,a,309,3.067535867648718,2.2899817530900273,7.102848825721543,0,,,,
pair_d92632b4,aops_forum,h,109,2.5646366948337938,2.4360759053413807,5.520813347312889,0,,,,
pair_d96197fd,inequalities,a,170,2.23495120591797,2.3764335590380474,5.094063025293005,0,,,,
pair_d96197fd,inequalities,h,152,2.1535313594160503,2.2253238984913333,5.015358937293353,0,,,,
pair_d9e524cd,olympiads,a,86,3.641173814145227,2.862667054758706,10.165530471081636,0,,,,
pair_d9e524cd,olympiads,h,81,4.051801361395362,3.26404031249237,10.458975173182427,0,,,,
pair_db1d04db,aops_forum,a,292,2.8280833250598145,2.490241549037615,6.841764894991382,10,-0.8812191849760287,-1.1437456206015812,-0.990884727066432,-1.2534111626919844
pair_db1d04db,aops_forum,h,98,3.718841500778295,2.8824392302963515,11.163375241339976,4,1.2291178610186362,0.773203493331734,0.42673969128970035,-0.02917467639720181
pair_db881e0a,number_theory,a,159,3.5725008819882045,3.0251842441556533,10.444586807894767,0,,,,
pair_db881e0a,number_theory,h,94,4.064177822040258,3.4158598342906594,9.773138297371732,0,,,,
pair_dd457978,secondary_math,a,165,1.979440043370595,1.798568170487359,4.292493465008631,0,,,,
pair_dd457978,secondary_math,h,182,2.1674140072558163,2.261231099497369,4.331553600572719,1,0.31702989382432456,0.38112766901590234,-0.06658857634029047,-0.002490801148712668
pair_de1e8e19,olympiads,a,518,2.3375834533832265,2.0953852661799552,5.778892121548297,11,-0.2679130267765526,-0.3318229195473648,-0.21794743677903422,-0.28185732954984644
pair_de1e8e19,olympiads,h,281,2.8699609118667833,2.4012052193283915,7.657381495046079,0,,,,
pair_de483a80,cn_k12,a,197,2.098140177881551,1.6624748461470296,5.238020530137079,4,-0.29028656268753833,-0.268458899343113,-0.1329461198321088,-0.11111845648768352
pair_de483a80,cn_k12,h,283,3.108968940514161,2.482046212067447,7.9312137978449435,5,-0.09111569786105456,-0.18744530251159372,0.39092368513604486,0.2945940804855056
pair_de5a08c0,olympiads,a,80,3.9306667981472274,2.7198701648575208,14.27066701135775,0,,,,
pair_de5a08c0,olympiads,h,178,3.580239876314886,2.5756588368519164,11.55926196656206,0,,,,
pair_debcd118,math_test,a,169,2.313727360608798,2.048520823321866,5.60772092291009,0,,,,
pair_debcd118,math_test,h,567,3.8030470839783534,3.078056114829516,10.874378016997449,0,,,,
pair_df433d2d,amc_aime,a,187,2.603510120046528,2.1455887069916773,5.942336158033673,2,0.032006871488475364,-0.0221124648284996,-0.27508498339325116,-0.3292043197102261
pair_df433d2d,amc_aime,h,131,3.179912820122877,2.4843654927727776,10.172234669864547,3,0.1381128067856038,0.20973904153914683,-0.07787063274841548,-0.006244397994872457
pair_e21630bd,olympiads,a,1154,2.953327714667885,2.4023507062096368,6.428025738277994,13,-0.7786875672254813,-0.8188416316094245,-0.41308834425727936,-0.45324240864122256
pair_e21630bd,olympiads,h,1042,3.5251977530837455,2.765339423527483,11.095865955992489,5,-0.45209890078461995,-0.4950295404622798,-0.9420940786215877,-0.9850247182992475
pair_e23940b8,amc_aime,a,169,2.2784547979092724,2.4688826035164615,4.231970681581549,5,0.366101469464332,0.4631368734639697,0.3393493359997624,0.43638473999940003
pair_e23940b8,amc_aime,h,144,2.7250435084628233,2.713067931327189,5.156713565466509,0,,,,
pair_e24e2569,olympiads,a,803,2.3754514478744833,2.1592730393798845,5.646807381671001,13,0.0199008872384099,-0.005550138513245646,-0.0108879778229837,-0.03633900357463925
pair_e24e2569,olympiads,h,779,3.6606616866344197,2.679289861359161,12.38375033645923,7,-0.6311389171480583,-0.6732039867499985,-0.1803020609511914,-0.22236713055313181
pair_e289753a,cn_contest,a,86,5.313296460459171,3.2664015974130916,19.39772882085122,0,,,,
pair_e289753a,cn_contest,h,189,5.253071043254769,2.9177031209678774,20.65484644624178,2,0.8324593843987215,1.4900072314188115,6.132653009535328,6.790200856555419
pair_e38bc8a1,olympiads,a,644,2.7415317950224813,2.406844767027584,6.251614486569356,23,-0.024898428662315092,0.05133740455471367,-0.020172461736052263,0.056063371480976495
pair_e38bc8a1,olympiads,h,705,3.0394602800457298,2.2757750407325017,8.193430505702272,27,0.1043226000085843,0.07922976209111113,-0.35810756590772547,-0.3832004038251987
pair_e39b5195,olympiads,a,229,3.694084472836153,2.702557056837418,8.945851746077555,8,0.22980754480757348,0.21956636564213705,0.3680484526245098,0.35780727345907337
pair_e39b5195,olympiads,h,449,3.227921119323745,2.7078424127218823,6.495883853380364,0,,,,
pair_e45dd21b,amc_aime,a,619,3.601271252468274,2.76016473340458,11.554335293293905,0,,,,
pair_e45dd21b,amc_aime,h,892,3.9322865369039555,2.723349480218199,14.32950747603713,8,-0.5876402000018848,-0.6131468542913106,-1.1998305632174298,-1.2253372175068555
pair_e4b3d3b7,math_test,a,121,2.0823615852274373,2.3070647116777314,3.960291525531511,3,0.15852818995780482,0.1927572504678621,0.7853514068670555,0.8195804673771128
pair_e4b3d3b7,math_test,h,83,2.125756838274335,2.237874509605763,4.059734860630977,1,-0.11642853746444959,-0.07782068345541934,0.055739862398510365,0.09434771640754061
pair_e5328112,math_train,a,189,2.3069508477543557,2.3298191472077385,4.773800099079139,1,0.10574548067398437,0.16751347794981197,0.5277691488840803,0.5895371461599079
pair_e5328112,math_train,h,147,2.8512788467742385,2.590156454902194,7.612627793088346,0,,,,
pair_e5e14291,olympiads_ref,a,109,2.5670652642115415,2.2937979174321788,5.280710153327625,0,,,,
pair_e5e14291,olympiads_ref,h,85,3.052883916753201,2.9754294415018285,6.345676364592141,0,,,,
pair_e653c233,olympiads,a,694,3.3306322003308293,2.4710098840416492,9.646553065188588,0,,,,
pair_e653c233,olympiads,h,325,3.488285276365825,2.7078424127218823,9.81866419251104,0,,,,
pair_e662ae99,number_theory,a,100,5.781918950301658,4.4814644602737985,15.80582524164955,1,1.5728663391564925,1.9790032216023368,4.7222697133866856,5.12840659583253
pair_e662ae99,number_theory,h,93,5.925416748602805,4.788080409406776,17.484548083136417,0,,,,
pair_e6f73d93,math_test,a,884,3.10534200107989,2.483215789664572,8.560890519374379,17,0.28269753636528133,0.2842965550690159,-0.040040913613353976,-0.03844189490961941
pair_e6f73d93,math_test,h,954,4.531367108024119,3.1117462418308994,13.90054092054199,7,-0.7219695659220348,-0.7867193085098929,-0.5498104835242995,-0.6145602261121575
pair_e7575bee,olympiads,a,516,3.341988347747778,2.653252800967642,8.934167995078734,18,-0.7162011644636269,-0.45750312094089807,-0.033234906473327025,0.22546313704940182
pair_e7575bee,olympiads,h,303,4.431392855724364,3.4696730225761354,12.352040821250904,4,-0.5711658664242075,-0.5453322825902673,-1.0160600579405235,-0.9902264741065833
pair_e83bd10d,math_test,a,791,4.50776128370647,2.8040672330439724,14.632267671260696,10,0.6652155097782835,0.5177298694236583,0.13104669308177863,-0.016438947272846338
pair_e83bd10d,math_test,h,801,4.5979405370619775,2.9696175245813077,14.925234219387091,11,0.37151968946063896,0.17790247913896098,-0.09985136649245074,-0.2934685768141285
pair_e8903db6,olympiads_ref,a,539,2.332160346519339,2.2674967279578975,5.223293482703336,13,0.5320975108541243,0.7862943681934382,0.9745718864372316,1.2287687437765453
pair_e8903db6,olympiads_ref,h,532,2.7777118762782558,2.437536241294051,6.550287315039911,5,0.07684894769451045,0.07686335192936448,-0.4046711817982326,-0.40465677756337853
pair_e8d98c67,olympiads,a,131,2.665623684751162,2.483157864156645,5.851299187069735,0,,,,
pair_e8d98c67,olympiads,h,101,2.650296337752132,2.483157864156645,5.078776072855448,0,,,,
pair_e970e4c4,olympiads,a,422,2.6186616116030104,2.02519163202308,6.6654142654867465,6,-1.0092902416865135,-0.906763782814763,-0.7453555990763062,-0.6428291402045557
pair_e970e4c4,olympiads,h,181,3.5485558096312975,2.9653012809317936,10.04626932088745,0,,,,
pair_eabc1c29,math_train,a,551,2.466817704634792,2.2393007123732263,4.624522004502133,6,0.10502552471530142,0.10870965082861896,-0.0014047492945718314,0.002279376818745756
pair_eabc1c29,math_train,h,1016,2.9466177399592364,2.4139926371828,8.253705166140811,5,-0.6459891755678735,-0.6908848670112866,-1.3671553723662953,-1.4120510638097081
pair_eb63c4a0,math_test,a,154,2.1210838661826803,1.8105279393115121,4.572958840943011,1,-0.802921989131145,-0.7661945726521542,-0.9603806128937475,-0.9236531964147567
pair_eb63c4a0,math_test,h,222,3.271072454451402,2.721459105951588,7.858091537706031,4,-0.32578327031837484,-0.25931258283512537,0.12999337947925627,0.19646406696250573
pair_ebc61bc9,olympiads,a,321,3.1166383792025916,2.6058416685996897,8.219809165026037,0,,,,
pair_ebc61bc9,olympiads,h,1511,4.0882618742160215,3.0797200408657384,13.840509820859136,14,0.24704990726829737,0.2034966191247254,0.0926166156986886,0.049063327555116575
pair_ec20e9b4,math_train,a,730,2.905826090877387,2.998503105479633,5.9621263302842005,13,-0.7801097112305929,-1.0514866422648455,-1.248082096749716,-1.5194590277839681
pair_ec20e9b4,math_train,h,177,3.8440377460882678,3.236528093510801,9.910430185569385,1,-0.44843937612298923,-0.47033859006236206,-0.14556245159886982,-0.16746166553824265
pair_ec7f806f,math_train,a,226,2.6038888789373273,1.6704992608206188,8.095712645976565,1,1.7108491063096165,1.863169077770661,1.557359661573187,1.7096796330342316
pair_ec7f806f,math_train,h,605,3.548131744276191,2.3973207636574987,11.102608249235086,12,0.4256055935354895,0.4750119685626906,-0.6255473529872443,-0.5761409779600432
pair_ec8eb018,amc_aime,a,960,2.5539548927500344,2.316390718379583,5.195512036977397,16,0.3434035728357689,0.3689172962201536,0.13533654576373302,0.16085026914811776
pair_ec8eb018,amc_aime,h,788,2.816066910982438,2.5860870802210383,5.662681297226958,14,0.3274535635527762,0.37161428916977746,0.0874586282980534,0.1316193539150546
pair_edc1fe33,math_test,a,357,2.4153172791414184,2.2368713144109464,4.935292053055782,7,-0.29566687713757933,-0.24052217722785274,-0.19851791365608937,-0.14337321374636267
pair_edc1fe33,math_test,h,334,3.9921570847736914,2.95912715711003,13.285682163265804,4,0.5091834809549998,0.5929754496419637,0.4841088423745358,0.5679008110614998
pair_ee1554cd,unknown,a,421,3.0656356256645263,2.6077987224214394,7.831446359253699,8,0.904454047567002,1.1221145043830594,1.080276885881402,1.2979373426974594
pair_ee1554cd,unknown,h,364,3.3415413879404476,2.785953339528909,8.40089418778711,4,1.8820466369118583,1.9164446827838824,1.5247020769988202,1.559100122870844
pair_ee294964,aops_forum,a,210,3.3453695515539654,2.6441245157758333,7.722719841501476,1,-0.6165157013976339,-0.8200504117817797,-0.22791872865243246,-0.4314534390365783
pair_ee294964,aops_forum,h,163,2.404639178630502,2.3876653027640384,5.063515646481806,1,-0.5812458534490292,-0.5917012614153909,-0.35405112418853957,-0.36450653215490125
pair_ee52321c,math_train,a,574,2.521583101602239,2.3302466703714932,5.277678292283457,16,-0.38588267981862917,-0.45959018218444453,-0.26363376661689514,-0.3373412689827105
pair_ee52321c,math_train,h,217,3.094887143515292,2.607794458383322,7.267796788775234,2,-0.11949726414580919,-0.2229251968629051,-0.8579299093327808,-0.9613578420498767
pair_eeb3bb08,olympiads,a,1356,2.2616532356455172,2.1518266151097927,4.246761353585787,24,-0.5994506651849226,-0.6596747097708177,-0.569035053150595,-0.6292590977364899
pair_eeb3bb08,olympiads,h,247,3.688418795921007,2.681776371331821,12.093851305652738,3,-0.5961047509699194,-0.3521408139624233,1.0786290379110495,1.3225929749185454
pair_eed4f922,aops_forum,a,411,2.8696232932245316,2.5171719129392627,6.015501559880285,8,0.5577801822994318,0.5996362382336073,0.5318673326127843,0.5737233885469598
pair_eed4f922,aops_forum,h,385,3.6191560689451667,2.946813560317882,9.67050357637005,6,0.1704331364105536,0.1310219844059631,0.517804105060558,0.4783929530559674
pair_f0d3d3dd,olympiads,a,187,2.8805981374179703,2.741773176692139,5.963059300860684,2,-0.20380410684933548,-0.21615047778658042,-0.23103078646792086,-0.2433771574051658
pair_f0d3d3dd,olympiads,h,286,3.2830825485216244,3.1189788529797973,7.289200018420697,0,,,,
pair_f1a813ba,olympiads,a,300,2.654804143920606,2.505233411147135,5.1562309112479765,3,0.21110432387204106,0.22327065475237573,-0.0962796170427751,-0.08411328616244046
pair_f1a813ba,olympiads,h,280,2.8638054839935854,2.505233411147135,5.919666869903186,2,1.076712526883446,1.1538579858388178,1.760280366333905,1.8374258252892768
pair_f2ee8d3a,olympiads,a,1120,2.2943460077749456,2.186805154231551,4.559538495720675,26,-0.028413215642049204,0.014821072462229449,-0.06823189526860558,-0.024997607164326897
pair_f2ee8d3a,olympiads,h,493,2.4776114406824554,2.1518266151097927,5.6125991209906045,3,-0.4161015976662159,-0.4162962377926031,-0.21716385198479773,-0.21735849211118488
pair_f39ff433,secondary_math,a,188,2.2517537343281946,2.258203041067537,4.466424753932845,4,-0.7893883102630151,-0.8146772954927424,-0.49068016142824744,-0.5159691466579747
pair_f39ff433,secondary_math,h,600,3.072181123347281,2.6462847170712496,7.47092590691593,6,-0.15119066590581368,-0.3031355491890428,-1.183540991928696,-1.3354858752119254
pair_f46b4569,olympiads,a,289,2.5323049720499053,2.4351691877464963,5.583769131281136,2,-1.184441396545745,-1.2297662843986823,-0.9906974340997854,-1.0360223219527227
pair_f46b4569,olympiads,h,254,3.0947428099115255,2.556931853832352,7.827965027543794,0,,,,
pair_f4b1f0c5,secondary_math,a,934,2.2929976144873674,2.2841214140667545,4.84104821835405,15,-0.14302370460396843,-0.1456044034202382,-0.16227823916692977,-0.16485893798319953
pair_f4b1f0c5,secondary_math,h,1224,2.2634261732857377,2.2841214140667545,4.530905586382101,29,0.34327213174016047,0.343992970087948,0.02919062661579046,0.02991146496357795
pair_f508c4f1,cn_k12,a,285,3.3859335494579175,2.9258716004467087,10.136039321303201,0,,,,
pair_f508c4f1,cn_k12,h,109,3.3034800795862904,2.9258716004467087,8.109075976011944,0,,,,
pair_f54301fd,cn_k12,a,761,3.0737470537354064,2.4576678628562627,9.371117824059532,17,0.43569527532882263,0.4096243488233627,0.14400577380907476,0.11793484730361473
pair_f54301fd,cn_k12,h,199,3.4679395109915654,2.482046212067447,11.55451059679855,0,,,,
pair_f549052a,olympiads,a,841,2.732944089332658,2.505233411147135,5.935462275020532,17,0.17263458623879202,0.20595891547858114,0.15889435543733457,0.1922186846771237
pair_f549052a,olympiads,h,378,3.6343091423709475,2.854746727949735,9.9738352227471,1,-2.341554552332801,-2.355803348038869,-1.537219178215178,-1.5514679739212462
pair_f5a9005d,cn_k12,a,632,3.240688831765316,2.4576678628562627,9.424915473442818,12,-0.4672388613205225,-0.6373666230929511,-0.13943106208529032,-0.3095588238577189
pair_f5a9005d,cn_k12,h,326,3.97655184058642,2.8687480276911144,11.940145557773965,1,0.14228274773606175,0.09166220820731244,0.6786011585237519,0.6279806189950026
pair_f5d4e5bf,cn_k12,a,216,2.2810283368821405,1.6459286271027862,6.090878325211623,2,0.24222323263331813,0.48859197376976904,2.4596923359883225,2.7060610771247733
pair_f5d4e5bf,cn_k12,h,266,3.405462312644079,2.42277187715489,12.82057509352772,2,-1.0096646424930409,-1.0380476646019838,0.03695042746033028,0.008567405351387336
pair_f5e39d77,olympiads,a,80,4.194832335154696,2.5902860878748992,14.554570421629862,0,,,,
pair_f5e39d77,olympiads,h,409,3.8171953677231043,2.9485275999046103,14.27066701135775,6,-0.43117967136183677,-0.685548626819417,-0.007110787812509771,-0.2614797432700899
pair_f700873e,cn_k12,a,245,2.350726887243199,2.0557526529722523,4.845109376930259,4,-0.06628309058343318,-0.09122357441004317,-0.508359553267163,-0.533300037093773
pair_f700873e,cn_k12,h,274,2.7265470989928366,2.4024932238112484,5.9867014378648,6,-0.36228663672888634,-0.5634928016256945,-0.6277773369926701,-0.8289835018894783
pair_f7ca2998,olympiads,a,257,2.994306283963527,2.547156700049611,6.618761530715812,6,-0.2790708836074516,-0.2485006893186885,0.3970869919645043,0.42765718625326743
pair_f7ca2998,olympiads,h,115,3.29836496576802,2.702557056837418,6.458688240244818,3,-0.9679154278752334,-1.1345709333862597,-0.4820971977529114,-0.6487527032639377
pair_f8026f2d,amc_aime,a,127,3.1983611628086144,2.7350001691450263,7.212049070259862,0,,,,
pair_f8026f2d,amc_aime,h,95,4.072808590212608,3.3492249703186214,9.5760924468664,0,,,,
pair_f827a253,amc_aime,a,1441,2.879340046592435,2.3975853758853183,6.26323015624281,44,0.10364663409927997,0.11017009891831736,0.028512231065802838,0.035035695884840345
pair_f827a253,amc_aime,h,798,3.762742780122708,2.8507264969134622,11.6958000508759,10,0.06755171939275731,-0.008167250393026215,-0.13050841383069348,-0.20622738361647697
pair_f85a44af,cn_k12,a,898,2.628691509733362,2.1186752081863625,6.415591755705807,18,-0.07602100230385653,-0.15107075630714203,-0.2746030585826762,-0.3496528125859617
pair_f85a44af,cn_k12,h,449,3.4184034363805935,2.626593485953793,11.180654799357852,4,-1.1407214635917122,-1.2089482316962306,-1.4844168667162818,-1.5526436348207997
pair_f9baa4be,math_train,a,103,2.2718166130541606,2.0636129442675295,5.0608176391625275,0,,,,
pair_f9baa4be,math_train,h,81,2.8314696314139893,2.285297679715294,6.141835811735286,0,,,,
pair_fc9929da,math_test,a,301,2.579624423746795,2.6642574295108203,4.916980262068289,7,0.07099303964718875,-0.042557701077971286,-0.17613891050421754,-0.2896896512293775
pair_fc9929da,math_test,h,152,2.7674076013659286,2.6642574295108203,4.94354265854389,0,,,,
pair_fccad9e3,olympiads,a,343,2.804289201195059,2.3429732549255875,9.157485074187791,5,0.4912122090160837,0.5029502824868539,1.0508884310574593,1.0626265045282297
pair_fccad9e3,olympiads,h,462,3.4980024875176188,2.687506061378117,9.51181851210763,6,-0.3483588483091636,-0.3781566485526651,-0.8873719500196339,-0.9171697502631355
pair_fd852ae5,cn_contest,a,542,2.668086136614453,2.5893220407240847,5.649598367174539,10,-0.3016346749046465,-0.38618120734178485,-0.4213822954293301,-0.5059288278664684
pair_fd852ae5,cn_contest,h,759,3.1351676882259834,2.63886553745429,8.006942143303249,11,0.527604775506197,0.5298090018228769,0.1410207444115718,0.14322497072825174
pair_fe3e5ba4,olympiads_ref,a,255,3.810542904915924,2.2823103907724516,15.241846908370206,5,0.6558301016972671,0.9703619927606415,2.257921967666489,2.572453858729863
pair_fe3e5ba4,olympiads_ref,h,127,4.285219725817017,2.410432101966986,15.203976055721023,0,,,,
